<?xml version="1.0" encoding="UTF-8"?><kml xmlns="http://www.opengis.net/kml/2.2" xmlns:ns2="http://www.google.com/kml/ext/2.2" xmlns:ns3="http://www.w3.org/2005/Atom" xmlns:ns4="urn:oasis:names:tc:ciq:xsdschema:xAL:2.0">
    <Document>
        <LookAt>
            <longitude>-77.30332669966867</longitude>
            <latitude>-11.889793238361264</latitude>
            <altitude>2986751.738655849</altitude>
            <heading>0.0</heading>
            <tilt>0.0</tilt>
            <range>2413452.0649514305</range>
            <altitudeMode>clampToGround</altitudeMode>
        </LookAt>
        <Folder>
            <name>Exclusive Economic Zones (200 NM) (v12, world, 2023)</name>
            <description>Version 12 of the Exclusive Economic Zones from the VLIZ Maritime Boundaries Geodatabase. An exclusive economic zone (EEZ) is a seazone extending from a state's coast or baseline over which the state has special rights over the exploration and use of marine resources. Generally a state's EEZ extends 200 nautical miles out from its coast, except where resulting points would be closer to another country. This dataset also contains delimitation of disputed areas and joint regimes.</description>
            <LookAt>
                <longitude>180.0</longitude>
                <latitude>12.102831589337683</latitude>
                <altitude>1.5223690932214001E7</altitude>
                <heading>0.0</heading>
                <tilt>0.0</tilt>
                <range>1.2301540781246645E7</range>
                <altitudeMode>clampToGround</altitudeMode>
            </LookAt>
            <Placemark id="eez.17">
                <name>eez.17</name>
                <description>&lt;h4&gt;eez&lt;/h4&gt;

&lt;ul class="textattributes"&gt;
  &lt;li&gt;&lt;strong&gt;&lt;span class="atr-name"&gt;mrgid&lt;/span&gt;:&lt;/strong&gt; &lt;span class="atr-value"&gt;8432&lt;/span&gt;&lt;/li&gt;
  &lt;li&gt;&lt;strong&gt;&lt;span class="atr-name"&gt;geoname&lt;/span&gt;:&lt;/strong&gt; &lt;span class="atr-value"&gt;Peruvian Exclusive Economic Zone&lt;/span&gt;&lt;/li&gt;
  &lt;li&gt;&lt;strong&gt;&lt;span class="atr-name"&gt;mrgid_ter1&lt;/span&gt;:&lt;/strong&gt; &lt;span class="atr-value"&gt;2257&lt;/span&gt;&lt;/li&gt;
  &lt;li&gt;&lt;strong&gt;&lt;span class="atr-name"&gt;pol_type&lt;/span&gt;:&lt;/strong&gt; &lt;span class="atr-value"&gt;200NM&lt;/span&gt;&lt;/li&gt;
  &lt;li&gt;&lt;strong&gt;&lt;span class="atr-name"&gt;mrgid_sov1&lt;/span&gt;:&lt;/strong&gt; &lt;span class="atr-value"&gt;2257&lt;/span&gt;&lt;/li&gt;
  &lt;li&gt;&lt;strong&gt;&lt;span class="atr-name"&gt;territory1&lt;/span&gt;:&lt;/strong&gt; &lt;span class="atr-value"&gt;Peru&lt;/span&gt;&lt;/li&gt;
  &lt;li&gt;&lt;strong&gt;&lt;span class="atr-name"&gt;iso_ter1&lt;/span&gt;:&lt;/strong&gt; &lt;span class="atr-value"&gt;PER&lt;/span&gt;&lt;/li&gt;
  &lt;li&gt;&lt;strong&gt;&lt;span class="atr-name"&gt;sovereign1&lt;/span&gt;:&lt;/strong&gt; &lt;span class="atr-value"&gt;Peru&lt;/span&gt;&lt;/li&gt;
  
  
  
  
  
  
  
  
  
  
  &lt;li&gt;&lt;strong&gt;&lt;span class="atr-name"&gt;x_1&lt;/span&gt;:&lt;/strong&gt; &lt;span class="atr-value"&gt;-78.88478&lt;/span&gt;&lt;/li&gt;
  &lt;li&gt;&lt;strong&gt;&lt;span class="atr-name"&gt;y_1&lt;/span&gt;:&lt;/strong&gt; &lt;span class="atr-value"&gt;-11.89940&lt;/span&gt;&lt;/li&gt;
  &lt;li&gt;&lt;strong&gt;&lt;span class="atr-name"&gt;mrgid_eez&lt;/span&gt;:&lt;/strong&gt; &lt;span class="atr-value"&gt;8432&lt;/span&gt;&lt;/li&gt;
  &lt;li&gt;&lt;strong&gt;&lt;span class="atr-name"&gt;area_km2&lt;/span&gt;:&lt;/strong&gt; &lt;span class="atr-value"&gt;854698&lt;/span&gt;&lt;/li&gt;
  &lt;li&gt;&lt;strong&gt;&lt;span class="atr-name"&gt;iso_sov1&lt;/span&gt;:&lt;/strong&gt; &lt;span class="atr-value"&gt;PER&lt;/span&gt;&lt;/li&gt;
  
  
  &lt;li&gt;&lt;strong&gt;&lt;span class="atr-name"&gt;un_sov1&lt;/span&gt;:&lt;/strong&gt; &lt;span class="atr-value"&gt;604.0&lt;/span&gt;&lt;/li&gt;
  
  
  &lt;li&gt;&lt;strong&gt;&lt;span class="atr-name"&gt;un_ter1&lt;/span&gt;:&lt;/strong&gt; &lt;span class="atr-value"&gt;604.0&lt;/span&gt;&lt;/li&gt;
  
  
  
&lt;/ul&gt;
</description>
                <LookAt>
                    <longitude>-77.30332669966867</longitude>
                    <latitude>-11.889793238361264</latitude>
                    <altitude>2986751.738655849</altitude>
                    <heading>0.0</heading>
                    <tilt>0.0</tilt>
                    <range>2413452.0649514305</range>
                    <altitudeMode>clampToGround</altitudeMode>
                </LookAt>
                <Style>
                    <IconStyle>
                        <color>00ffffff</color>
                        <scale>0.4</scale>
                        <heading>0.0</heading>
                        <Icon>
                            <href>http://icons.opengeo.org/markers/icon-poly.1.png</href>
                        </Icon>
                    </IconStyle>
                    <LabelStyle>
                        <color>00ffffff</color>
                        <scale>0.0</scale>
                    </LabelStyle>
                    <LineStyle>
                        <color>ff000000</color>
                        <width>1.0</width>
                    </LineStyle>
                    <PolyStyle>
                        <color>ff000099</color>
                        <outline>1</outline>
                    </PolyStyle>
                </Style>
                <MultiGeometry>
                    <Point>
                        <coordinates>-78.88477546450072,-11.899404065718338</coordinates>
                    </Point>
                    <Polygon>
                        <outerBoundaryIs>
                            <LinearRing>
                                <tessellate>1</tessellate>
                                <coordinates>-80.31391014993329,-3.3921249995689777 -80.30629270784189,-3.395704304010337 -80.30615108440483,-3.3958503727963887 -80.30529950107092,-3.3967286848807845 -80.3045441380014,-3.3971300136391847 -80.30414840932144,-3.3972569610397727 -80.30372483583238,-3.3973928405070097 -80.30147286058397,-3.399061612603248 -80.29826474592116,-3.4043575996234665 -80.29761593182954,-3.406873088821925 -80.2967693406325,-3.408873079429 -80.29661155637802,-3.4093236379753904 -80.29382088722386,-3.4106907261960515 -80.29330370600104,-3.4104684587523195 -80.29295394167099,-3.410352295122223 -80.29111685066201,-3.4093697570085055 -80.29101508877508,-3.4093674331603694 -80.29077133832646,-3.4093650976210625 -80.2905306545658,-3.4093660625936906 -80.29029303749357,-3.409370328078012 -80.29005848621,-3.409377894074467 -80.2898270016147,-3.409388760582786 -80.28959858370752,-3.4094029276028692 -80.28937323158905,-3.409420395135001 -80.28732359840524,-3.409611891375647 -80.28668349964369,-3.4096716953924044 -80.28650221430559,-3.409692327638723 -80.28632200006018,-3.409716554475338 -80.28614285870592,-3.409744375902193 -80.28596478844409,-3.409775791919188 -80.28578779017425,-3.4098108025264793 -80.2856118638961,-3.4098494086232023 -80.2854370096102,-3.409891608410959 -80.28526322641659,-3.4099374027888416 -80.28517161787573,-3.4099635991406956 -80.28509001339319,-3.4099851073267615 -80.28499888149304,-3.410011174176333 -80.2849168003699,-3.410032812764058 -80.2848261451104,-3.410058749211885 -80.28474358734641,-3.4100805173018927 -80.28465340872762,-3.4101063242473515 -80.28457037522247,-3.410128222739175 -80.28448067324419,-3.410153899283003 -80.2843971621991,-3.41017592727718 -80.28430793686167,-3.4102014743184696 -80.2842239491757,-3.410223632714292 -80.28417798302729,-3.4102367969904606 -80.28413520047894,-3.410249049354107 -80.28405073615238,-3.4102713381515883 -80.28396246409625,-3.4102966243895736 -80.28387752312892,-3.4103190426895935 -80.28378972861282,-3.410344199425225 -80.28370431010569,-3.41036674812689 -80.28361699223018,-3.410391774460777 -80.28353109708232,-3.4104144535641723 -80.28344425584766,-3.4104393494962437 -80.2833578849582,-3.410462159001284 -80.28327151946488,-3.410486924531895 -80.28318467193498,-3.410509863539289 -80.28309878398153,-3.410534499567362 -80.282925587146,-3.4105802552743967 -80.28275146670669,-3.410622354338102 -80.28257642086493,-3.4106607976575702 -80.28240045052016,-3.4106955834343182 -80.28222355477314,-3.4107267134669144 -80.28204573452288,-3.4107541859568755 -80.28186698976964,-3.4107780027025285 -80.2816873205133,-3.410798162804909 -80.28150672585451,-3.410814666263775 -80.28132520669277,-3.4108275130792123 -80.28114276302787,-3.4108367023519293 -80.28095939396064,-3.410842235880409 -80.28084072931597,-3.4108434445692097 -80.28077542504562,-3.4108453960980967 -80.28065834950303,-3.4108465760085807 -80.28059145613068,-3.410848556315784 -80.28047596879063,-3.410849708347328 -80.28040748721554,-3.41085171563401 -80.2802935880784,-3.410852839786699 -80.28022351830052,-3.4108548749524203 -80.28011120826545,-3.410855972125262 -80.28003954848612,-3.410858034270831 -80.27992882755316,-3.4108591053632864 -80.27985557957126,-3.4108611926897794 -80.27974644684076,-3.410862237702034 -80.27967160975695,-3.4108643511088133 -80.27956406612861,-3.4108653709400585 -80.27948764084172,-3.4108675095279466 -80.2793816854163,-3.410868504177998 -80.27930367102732,-3.410870667946895 -80.27919930470401,-3.4108716383153848 -80.279119701213,-3.410873825466652 -80.2790169239916,-3.4108747715534093 -80.27893573229807,-3.410876982986224 -80.27883454327946,-3.410877905690711 -80.27875176248364,-3.4108801405059808 -80.27865216256717,-3.410881039828112 -80.27856779266932,-3.4108832980257375 -80.2784697809553,-3.4108841739653286 -80.278383822855,-3.410886454646132 -80.27828740024324,-3.410887309002092 -80.27819985304069,-3.410889611266512 -80.27810501953087,-3.410890444038671 -80.2780158832262,-3.4108927678869065 -80.27792263791909,-3.410893579075349 -80.27783191341189,-3.4108959245072867 -80.27774025720706,-3.410896714111942 -80.27764794359757,-3.4108990811275817 -80.27758791744827,-3.4108995928419006 -80.27755787559519,-3.4108998491487057 -80.27746397378326,-3.4109022368485995 -80.27737549488296,-3.410902985084661 -80.27728000306956,-3.410905392569717 -80.27719311327138,-3.410906121020517 -80.27709603325525,-3.4109085482907346 -80.27701073255898,-3.4109092569564723 -80.27691206344076,-3.4109117040118377 -80.27682835094748,-3.410912392892527 -80.27672809272707,-3.4109148588335785 -80.27664596933579,-3.4109155288284825 -80.27654412291275,-3.4109180145545963 -80.27646358862359,-3.410918665663715 -80.27636015309844,-3.410921169376323 -80.2762812070118,-3.410921802499132 -80.27617618238477,-3.4109243241980636 -80.27609882540031,-3.41092493933445 -80.275992211671,-3.4109274790198043 -80.27591644378862,-3.4109280761696823 -80.27580824185668,-3.410930633841545 -80.27579209363,-3.410930759746691 -80.27577843562614,-3.410927430456425 -80.27575241913868,-3.410920650467588 -80.27573720980416,-3.4109166871552503 -80.275604670419,-3.410884361024401 -80.27556476660055,-3.4108739567676594 -80.27552749509769,-3.4108648619237556 -80.27539045190755,-3.410986052764059 -80.27514625539521,-3.4111950255299064 -80.27490464803097,-3.4113947298827867 -80.2746656298149,-3.4115851667220625 -80.27442920254549,-3.411766336047549 -80.27419536442443,-3.411938236959898 -80.2739641163507,-3.4121008703588274 -80.27373545832458,-3.412254236243882 -80.27350939034594,-3.4123983337160695 -80.27328591241474,-3.412533163674553 -80.27306502363166,-3.412658726119176 -80.27284672489631,-3.4127750210502796 -80.27263101620815,-3.4128820475683312 -80.27241789756764,-3.4129798056734018 -80.27220736807539,-3.413068297164159 -80.27199942863052,-3.4131475202417647 -80.27179408013251,-3.41321747580578 -80.2715913198833,-3.413278162956729 -80.27139115058091,-3.413329582593988 -80.27119357132608,-3.413371734717728 -80.27099858121946,-3.4134046193276077 -80.2708061811602,-3.4134282355245205 -80.27061637114838,-3.4134425842078286 -80.27042915118406,-3.413447664477985 -80.27024452036818,-3.4134434772346367 -80.27006247959957,-3.413430022477513 -80.26988302887855,-3.4134073002066003 -80.26973682969077,-3.413380855641833 -80.26970572663782,-3.4133768905309267 -80.26956395751046,-3.41335103772019 -80.26952842529641,-3.413346476358768 -80.26939108443071,-3.4133212242950464 -80.26935112485435,-3.4133160585892313 -80.26921821225056,-3.413291415366473 -80.26917382621085,-3.4132856363230104 -80.26904533827161,-3.4132616100352067 -80.2689965275676,-3.4132552104595817 -80.26887246519186,-3.413231810099802 -80.26881923162205,-3.4132247792001067 -80.26869959121291,-3.4132020146611524 -80.26864193657593,-3.4131943425448696 -80.26846559571038,-3.4131604911637083 -80.26829205263599,-3.413116626730826 -80.26813958607295,-3.4130685156993934 -80.26812102676385,-3.4130637555877144 -80.26797845364254,-3.4130182498922323 -80.26795001078415,-3.413010851169716 -80.26781730952112,-3.4129680182593347 -80.26777900379781,-3.41295791257744 -80.26765615460778,-3.4129178190019616 -80.26760800580453,-3.412904941609739 -80.26749498800311,-3.4128676521202976 -80.26743701770397,-3.4128519364676038 -80.26733381060677,-3.4128175176143287 -80.26726603769728,-3.4127988998493066 -80.26717262241849,-3.4127674154836996 -80.26709506758311,-3.4127458308553997 -80.26701142343828,-3.4127173448295878 -80.26692410646211,-3.412692729485869 -80.26685021366634,-3.4126673047522615 -80.26675315343502,-3.41263959663992 -80.26668899310224,-3.412617296151268 -80.26658220940124,-3.4125864323178234 -80.26652776174669,-3.41256731812706 -80.26641127436062,-3.4125332365195646 -80.26636652049834,-3.412517370680078 -80.26624034831326,-3.4124800101442645 -80.26620526935761,-3.4124674529105192 -80.26606943035978,-3.412426754091271 -80.26604400742491,-3.412417565718016 -80.2658985205002,-3.412373466562215 -80.26572991020691,-3.412311952934161 -80.2655639798937,-3.412240846237978 -80.26540073045919,-3.4121601464734255 -80.26524016190376,-3.412069854540121 -80.26508227422741,-3.4119699695384185 -80.26492706743011,-3.4118604923678078 -80.26477454061228,-3.4117414221287987 -80.26462469467378,-3.41161275882169 -80.26447752961408,-3.411474502446268 -80.26438168436704,-3.411376425981274 -80.26433223784241,-3.4113295425242427 -80.26424795158141,-3.4112428361879097 -80.26418696315758,-3.4111845214483907 -80.26411415944074,-3.4111092643810537 -80.2640417037615,-3.4110394455139215 -80.2639803169379,-3.4109757060639367 -80.26389645785511,-3.410894321015988 -80.2638464285696,-3.410842160337282 -80.26375122363979,-3.4107491542499133 -80.26371250063124,-3.4107086263019823 -80.26360600111599,-3.4106039479138133 -80.26346235960008,-3.410453080345235 -80.26260976542818,-3.4094983915374115 -80.26245663876279,-3.4093193113371427 -80.2623036478949,-3.409132767662939 -80.26220310638797,-3.4090051556633085 -80.26216942318018,-3.4090053211385793 -80.26214957424321,-3.409005418265423 -80.26213909714136,-3.4090052707764755 -80.26199315336117,-3.4090063877344647 -80.26196006550447,-3.4090060109186453 -80.26183673247917,-3.4090072942511966 -80.26178103566605,-3.4090068140132104 -80.26168031339543,-3.4090081396139027 -80.26160200852564,-3.4090076791608936 -80.26142303714329,-3.409010529112635 -80.26124417547817,-3.409017284819825 -80.26106542532892,-3.4090279462825634 -80.26088678579643,-3.4090425126017436 -80.26072736837324,-3.409059006168164 -80.26070824428987,-3.409060566491945 -80.26054854627816,-3.409077082541188 -80.26052970368266,-3.4090786194826848 -80.26036972508254,-3.4090951589142975 -80.2603511621763,-3.4090966733727157 -80.26019090298763,-3.409113235287492 -80.2601726215691,-3.409114727262832 -80.26001208179207,-3.409131310761225 -80.25999408096183,-3.409132781152863 -80.25983325969707,-3.4091493871343346 -80.25981553945527,-3.409150835042979 -80.25965443850137,-3.4091674635075435 -80.25963699884818,-3.40916888893301 -80.25947561640638,-3.409185539880653 -80.25945845734171,-3.4091869428231263 -80.25929679521073,-3.4092036162538477 -80.25927991673461,-3.409204996713143 -80.25911797401511,-3.409221692626957 -80.25910137522806,-3.409223049703897 -80.25893915192012,-3.40923976810069 -80.25892283462096,-3.409241103593928 -80.25876033072456,-3.409257844473899 -80.25875384931041,-3.409258375073904 -80.25874429311449,-3.409259157484044 -80.25858150862956,-3.4092759208470085 -80.25856575250731,-3.409277211374061 -80.25840268743386,-3.409293997220203 -80.25838721100084,-3.409295265264177 -80.25822386533895,-3.4093120735933127 -80.25820867039363,-3.409313318255016 -80.25804504414342,-3.409330149966337 -80.25803012888719,-3.409331372144962 -80.25786622204839,-3.4093482263394463 -80.25785158828006,-3.4093494260351633 -80.2576874008526,-3.409366302712641 -80.2576730467735,-3.409367479925095 -80.2575085787577,-3.4093843790857505 -80.25749450616632,-3.409385532915934 -80.2573779405393,-3.409397506489711 -80.25733110384726,-3.40941015185696 -80.2572965285118,-3.409418729590584 -80.25727482247493,-3.40942411473101 -80.25715711650753,-3.4094558581012535 -80.2571035034237,-3.409469138389852 -80.2569831291679,-3.4095015634462698 -80.25693218527186,-3.409514162948156 -80.25680914182826,-3.4095472678919236 -80.25676086712011,-3.4095591884056518 -80.2566351535894,-3.4095929714383857 -80.25658954986764,-3.4096042147626946 -80.25641854198201,-3.4096501152605043 -80.25627163232974,-3.409692805178679 -80.25624875267752,-3.409699453866679 -80.25608018285408,-3.4097522314802546 -80.255912832511,-3.409808449000664 -80.25574670074957,-3.4098681046292825 -80.2555817884685,-3.4099311992653725 -80.25555878560934,-3.409940548617328 -80.2554170299718,-3.4099947282740004 -80.25539126439529,-3.4100051891880128 -80.255252271475,-3.4100582572826426 -80.25522374408024,-3.4100698279601147 -80.25508751387738,-3.410121788089924 -80.25505622196681,-3.4101344667321456 -80.25492275628014,-3.410185319796568 -80.25488870075276,-3.410199103705523 -80.25475799868252,-3.4102488524025887 -80.25472117863933,-3.410263739779694 -80.25459324198428,-3.4103123868071776 -80.25455365562652,-3.4103283749544175 -80.25442848528613,-3.410375921211667 -80.25438613261375,-3.4103930092299493 -80.25426372948726,-3.4104394574148955 -80.25421860960094,-3.410457642605934 -80.25409897368857,-3.4105029936182234 -80.25405108568887,-3.4105222750829114 -80.25393421878888,-3.4105665316201055 -80.25388356087743,-3.4105869066602423 -80.2537694629901,-3.4106300705211794 -80.25371603696533,-3.4106515364391043 -80.25360470899005,-3.410693610321701 -80.25354851125462,-3.4107161662180516 -80.25343995409048,-3.4107571510216133 -80.25338098644318,-3.4107807950975513 -80.25327520009026,-3.410820692620703 -80.25321346073252,-3.4108454221784825 -80.25311044698941,-3.410884235119255 -80.25304593412227,-3.410910048359952 -80.25294569298919,-3.410947778517084 -80.25287840751236,-3.4109746745414213 -80.25278093988834,-3.4110113228142893 -80.25271088000298,-3.4110392989243365 -80.25261618768684,-3.411074868910049 -80.25260572317538,-3.4110790426636584 -80.25254335339287,-3.4111039224079747 -80.2524514354852,-3.4111384150057233 -80.25237582498423,-3.411168544992236 -80.25228668328353,-3.4112019629001367 -80.25220829657547,-3.4112331675764977 -80.25212193198149,-3.4112655116939266 -80.25204076816681,-3.411297788362191 -80.25195718067923,-3.4113290604877022 -80.2518732388587,-3.4113624082485217 -80.25179242937693,-3.4113926110800463 -80.25170570955066,-3.4114270272353906 -80.25162767897402,-3.4114561625718522 -80.25153818024256,-3.411491645323082 -80.25146292857107,-3.41151971496285 -80.25137065003526,-3.411556262511482 -80.25129817906745,-3.41158326825321 -80.25120311982795,-3.4116208788005054 -80.25113342866453,-3.4116468224428473 -80.25103558872118,-3.411685494190081 -80.25096868006034,-3.411710377531861 -80.25086805671532,-3.4117501077810886 -80.2508039305568,-3.4117739335200667 -80.25070052560855,-3.4118147213722807 -80.25063918195244,-3.411837490407734 -80.25053299360258,-3.411879334064011 -80.25047443424745,-3.411901048194764 -80.25042841413989,-3.4119191641379985 -80.2503864184981,-3.4119461680811725 -80.25037077658979,-3.41195667306188 -80.25023578475341,-3.412043407277423 -80.25021758517317,-3.4120556245673583 -80.25008515190802,-3.4121406473729508 -80.25006439375656,-3.4121545760727514 -80.2499345190626,-3.412237887468393 -80.24991120233994,-3.412253525779491 -80.24978388711651,-3.4123351284633827 -80.24975801002395,-3.41235247548623 -80.24963325517047,-3.412432370357479 -80.24960481770796,-3.412451424293778 -80.24948262412363,-3.41252961225166 -80.24945162539197,-3.4125503722018635 -80.2493319930768,-3.4126268550453034 -80.2492984321768,-3.412649319210587 -80.24918136382871,-3.412724097838762 -80.24914523896135,-3.4127482653201184 -80.24903073368125,-3.412821341531597 -80.24899204574615,-3.4128472114295505 -80.24888010533243,-3.4129185861237943 -80.2488388516316,-3.4129461566397055 -80.24872947698361,-3.413015831615283 -80.2486856575168,-3.4130451000513062 -80.24857884953408,-3.4131130771067575 -80.24853246250288,-3.4131440434628217 -80.24842822208461,-3.4132103234976086 -80.24837926748904,-3.4132429859749607 -80.24830295641613,-3.413291461231921 -80.24827759553438,-3.4133075707876515 -80.24822607247512,-3.4133419275878083 -80.24812696988349,-3.4134048180777796 -80.24807287656185,-3.4134408683013078 -80.24797634423277,-3.4135020662672844 -80.24791968064864,-3.413539808115516 -80.24782572038055,-3.413599315356066 -80.24776648473537,-3.4136387470305323 -80.24767509652838,-3.4136965653442246 -80.24761328792277,-3.4137376850460015 -80.24752447357545,-3.4137938162315606 -80.24746009021084,-3.413836622162279 -80.24737385062258,-3.4138910680182732 -80.2473068924989,-3.4139355574799026 -80.24722322946826,-3.413988319805071 -80.24715369478696,-3.4140344927975264 -80.24707260831397,-3.4140855733904374 -80.24700049617576,-3.4141334263165106 -80.2469219889584,-3.4141828269758037 -80.24684729666524,-3.4142323589361183 -80.24677136960275,-3.4142800814605323 -80.24669409715457,-3.4143312906564347 -80.24662075114665,-3.4143773377438293 -80.24654089764408,-3.414430221477488 -80.24647013358964,-3.4144745940272117 -80.2463876972343,-3.4145291504997886 -80.24631951693192,-3.414571852109148 -80.24623449592514,-3.414628078622826 -80.24616890117363,-3.4146691101912694 -80.246081294616,-3.414727005846572 -80.24601828631467,-3.414766370071874 -80.24592809330667,-3.4148259312716647 -80.24586767235496,-3.414863629952464 -80.24577489019887,-3.414924855797395 -80.24571705929472,-3.414960891631793 -80.24562168709107,-3.4150237785245565 -80.24556644803295,-3.4150581542104135 -80.24546848398319,-3.4151227003522564 -80.24541583677126,-3.415155418587588 -80.2452663190852,-3.415253852982886 -80.24512006054215,-3.41535577764688 -80.24497705934363,-3.4154611916805635 -80.24483731728819,-3.415570095083652 -80.24470083347654,-3.4156824887557207 -80.24456760790846,-3.415798371797365 -80.24443764058452,-3.4159177442083433 -80.24431093150397,-3.416040606888373 -80.24418748066756,-3.4161669589379073 -80.2441273843711,-3.416231879197838 -80.24409626602977,-3.4162637592649503 -80.24406568728136,-3.416295085349873 -80.2440074678702,-3.416358026201877 -80.24388584535521,-3.4164827342907103 -80.24376070109528,-3.4166044746167046 -80.24363203598949,-3.416723245381391 -80.24351127322643,-3.4168290398282863 -80.2435001612034,-3.416839309186628 -80.24337552056363,-3.4169486739421018 -80.2433682828198,-3.4169553711932963 -80.24323977059876,-3.417068310753848 -80.24323640263765,-3.4170714314014106 -80.24310453414677,-3.417187500602509 -80.24310401254002,-3.417187936773786 -80.24297275378939,-3.41730364534682 -80.24296819332724,-3.4173074665662426 -80.24284096983462,-3.417419786493923 -80.24283237681266,-3.417427001754575 -80.2427091822828,-3.4175359249428254 -80.24269656299577,-3.4175465396409237 -80.24257739113344,-3.417652059794605 -80.24256075187697,-3.4176660820239277 -80.24244559638694,-3.417768191948454 -80.24242494255691,-3.4177856289035304 -80.24231379894252,-3.4178843214041876 -80.24228913593461,-3.417905178481149 -80.24218199700141,-3.4180004481620045 -80.24215333201042,-3.418024732555253 -80.24205019236231,-3.4181165713226846 -80.24201752988495,-3.418144290226749 -80.24191838412608,-3.4182326917852635 -80.24178417110235,-3.4183467860751904 -80.24173772831335,-3.418384427199456 -80.24168932140483,-3.418420044849171 -80.24154492895502,-3.4185211682172536 -80.24139766676885,-3.418619284252543 -80.24124753574495,-3.4187143911561435 -80.24109453498471,-3.4188064907268654 -80.24093866448769,-3.4188955820654456 -80.24077992515328,-3.418981666070877 -80.24073254796863,-3.419006020611306 -80.24062037642909,-3.4190669002171035 -80.2405698965832,-3.4190928888256167 -80.24046082590618,-3.4191521343634292 -80.24040724519804,-3.419179759738043 -80.24030127448415,-3.419237366711002 -80.24024459471198,-3.4192666315496467 -80.24014172216258,-3.4193225972600203 -80.24008194422618,-3.419353505160089 -80.23998216894162,-3.4194078269096764 -80.23991929463966,-3.4194403805690854 -80.2398226139222,-3.419493055659956 -80.23975664505298,-3.4195272577766502 -80.2396630580036,-3.4195782835109583 -80.2395939954663,-3.419614135883492 -80.23950350118542,-3.419663510462584 -80.23943134677899,-3.4197010157891583 -80.23934394346799,-3.4197487356155563 -80.23926869809176,-3.4197878965940163 -80.23918438485137,-3.419833959869351 -80.23910605030372,-3.419874778298336 -80.23902482533526,-3.4199191841229606 -80.23894340161658,-3.4199616618012243 -80.23886526491981,-3.4200044065781015 -80.23870450480882,-3.420088371780892 -80.23854125177718,-3.420169722654478 -80.23837550402621,-3.4202484582996817 -80.23820726245495,-3.420324580514972 -80.23711066422555,-3.4207967084013546 -80.23697613913743,-3.420784081020443 -80.23679837194723,-3.4207643588878938 -80.2366207045817,-3.42074161053678 -80.236443134343,-3.4207158359669165 -80.23626566392909,-3.4206870342791262 -80.23439669105431,-3.4203516617997423 -80.23428357612605,-3.4203330485313046 -80.23418576136362,-3.4203977187795687 -80.23403620680537,-3.4204997945298174 -80.233888780043,-3.4206036617294586 -80.23374348197584,-3.420709320378677 -80.23360031170489,-3.420816770477529 -80.23345926922968,-3.420926012025703 -80.23332035455047,-3.42103704502361 -80.23281725581154,-3.4214520102020884 -80.2326804833175,-3.4215685632384663 -80.23254576487494,-3.4216871613333666 -80.23241310138337,-3.421807805385896 -80.23228249194324,-3.4219304944965927 -80.23215393745406,-3.4220552286657977 -80.2321297115167,-3.422079507663014 -80.23202579845153,-3.422180378321684 -80.23200332349444,-3.422202912634148 -80.23189766034864,-3.422305527977656 -80.23187693547197,-3.422326317605453 -80.23176952224549,-3.4224306776336277 -80.23175661337686,-3.422443633266994 -80.23175054655044,-3.4224497216772107 -80.23164138504163,-3.4225558281888766 -80.23162415672925,-3.422573125749153 -80.23151324783794,-3.42268097874404 -80.23149776780753,-3.422696528921634 -80.2313851115336,-3.4228061292993885 -80.23137137708721,-3.4228199320941144 -80.23124479660984,-3.422943134717869 -80.23111626910023,-3.4230642850885715 -80.23098579365927,-3.4231833859044514 -80.23085337028658,-3.4233004344673788 -80.23071899988173,-3.4234154316768297 -80.23058268244466,-3.423528378431797 -80.23044441707609,-3.423639273833288 -80.23030420467518,-3.423748117881189 -80.23016204434262,-3.4238549105756135 -80.23002033816792,-3.423957906332163 -80.23001796755497,-3.4239596851911784 -80.2299484463635,-3.4240101614397815 -80.22995143571012,-3.4241461353357465 -80.22995299153723,-3.424404299218992 -80.22995032864449,-3.4246580204512753 -80.22994344613286,-3.4249072972338723 -80.22993234490156,-3.4251521304663157 -80.22991702405119,-3.4253925192493284 -80.22989748448114,-3.4256284644819317 -80.22987372619139,-3.425859966164367 -80.22984574828243,-3.426087023397386 -80.2298135507545,-3.426309637979358 -80.22980052317547,-3.426387690139734 -80.2297710047279,-3.4264614948020267 -80.22970369317076,-3.426619583027289 -80.22966768881258,-3.4267081743427354 -80.22962881381844,-3.4267977908852743 -80.22956414806674,-3.426954164103293 -80.22945834642545,-3.4271931904132344 -80.22934948439104,-3.427422791828363 -80.22923756106434,-3.4276429683482235 -80.22912257824427,-3.4278537208723634 -80.22900453413175,-3.428055049400882 -80.22888342962636,-3.4282469539337654 -80.22875926562739,-3.4284294335714804 -80.2286320403363,-3.4286024892134748 -80.228501754652,-3.4287661208597484 -80.22742269410185,-3.430013994050398 -80.22737609033416,-3.4300629117738737 -80.22729959130294,-3.430149814162533 -80.22727510636079,-3.4301751174876642 -80.22717625647891,-3.4302855056714066 -80.22717426807773,-3.4302875300454048 -80.22705270222025,-3.430421074872612 -80.22692173215196,-3.430552507192388 -80.22691680746453,-3.4305570325809924 -80.22682721430428,-3.430644390026444 -80.22678958487137,-3.430683282107637 -80.22673791432317,-3.430732291562009 -80.22665684313867,-3.4308137251732376 -80.22660283615178,-3.4308636096677247 -80.22656622565057,-3.430899626616352 -80.22653346514701,-3.430949392400464 -80.22646644766826,-3.4310426215196514 -80.22643079854237,-3.431096614117422 -80.22632570916392,-3.431242484153202 -80.22621420582067,-3.4313847757866967 -80.22611287560852,-3.431503977326628 -80.22609701336626,-3.4315238937126793 -80.2260170195697,-3.4316166210102494 -80.22597959248407,-3.431662883934848 -80.22592132630803,-3.431729467041265 -80.22586195036848,-3.4318017509499015 -80.22582578683046,-3.4318425073257686 -80.22574409511367,-3.431940500153928 -80.22562162723614,-3.4320766745987186 -80.22549305386119,-3.4322094442104714 -80.22535837588822,-3.4323388071901775 -80.22521759151846,-3.4324647644372988 -80.22520588953998,-3.4324745265780763 -80.22509220803886,-3.432575899957726 -80.22506700094104,-3.4325848464134765 -80.22495519632517,-3.4326286442964857 -80.2249076437727,-3.4326454562226587 -80.22478991891936,-3.432691412478704 -80.22462322238357,-3.432750113926488 -80.22445456802376,-3.43280320630285 -80.22428395583975,-3.432850690506882 -80.22411138673095,-3.432892565639321 -80.22393685889878,-3.4329288317001385 -80.22376037414182,-3.4329594895887254 -80.22358193156069,-3.4329845384056057 -80.22346046642727,-3.4329976271387324 -80.22341761193309,-3.4330500486207285 -80.2232839025298,-3.4332032607217826 -80.22314766153514,-3.4333492224885447 -80.22300889074748,-3.4334879339209294 -80.22286758926771,-3.433619395018937 -80.22272375799486,-3.4337436048834604 -80.22257739513054,-3.433860564413436 -80.22242850157386,-3.433970274508482 -80.22227707732509,-3.4340727333698737 -80.22152145974741,-3.4345400211050503 -80.22137305452279,-3.4346406399535 -80.2212312710063,-3.4347455899369663 -80.22122777264346,-3.434747967744343 -80.22108721939946,-3.4348520759624677 -80.22108249076413,-3.434855296434719 -80.22094316779274,-3.4349585610886066 -80.22093720978435,-3.434962626024287 -80.22079911438743,-3.4350650453154685 -80.22079192880437,-3.4350699574125088 -80.22065506008278,-3.4351715286430533 -80.22064664962306,-3.4351772897000075 -80.22051100487874,-3.435278011071347 -80.22050136954232,-3.435284622886968 -80.22036694877553,-3.4353844934994697 -80.22035609036101,-3.43539195697322 -80.22028494499415,-3.4354448452033637 -80.22022289267213,-3.4354909741291095 -80.22021081207907,-3.4354992928579264 -80.22007883477033,-3.435597454758579 -80.22006553379723,-3.435606628742903 -80.2199347768682,-3.4357039344888562 -80.21992025641438,-3.435713965526986 -80.21979071716768,-3.4358104133197713 -80.21977497903191,-3.435821303210531 -80.21964665836651,-3.4359168912514804 -80.21962970164924,-3.435928642692545 -80.21950259776636,-3.436023369183104 -80.21948442516594,-3.436035982174829 -80.21935853626735,-3.4361298462153655 -80.21933914958186,-3.436143321656928 -80.21921447476802,-3.436236323247627 -80.21906652999621,-3.436339299219199 -80.21891410300313,-3.4364382345368227 -80.21875719378932,-3.4365331292005123 -80.21859580235417,-3.436623983210154 -80.21842992779867,-3.4367107956665848 -80.21826029677504,-3.436793216733534 -80.22055232512952,-3.4387422796323364 -80.22290313227367,-3.4361345766493656 -80.22690772970788,-3.43473684762742 -80.22908282281395,-3.430837869272139 -80.23190355270671,-3.429921865701445 -80.23600244495677,-3.426030277974803 -80.246873855444,-3.426384329373221 -80.25568735628636,-3.4285150769092354 -80.25603020213202,-3.428510427414224 -80.26378035537894,-3.4248023031837107 -80.2685002088175,-3.4258626695265235 -80.2806923393799,-3.430328369158829 -80.28107237848747,-3.430664539337016 -80.28166067629908,-3.4333430531393248 -80.27991747900839,-3.438035369336788 -80.28047180133242,-3.439090847864307 -80.28375184557112,-3.432728767618485 -80.28204214532869,-3.431010961786413 -80.28200197261287,-3.427644848830667 -80.2905198339231,-3.425186515145427 -80.29647088082646,-3.4189934732700067 -80.29733574354967,-3.4209928514388963 -80.29559886489562,-3.4242092371665223 -80.2958419318596,-3.4267761702838726 -80.29944312579954,-3.419497847247797 -80.29973554575872,-3.4162688251460906 -80.30001473399258,-3.4157576558910705 -80.30420243699277,-3.4095902446940443 -80.30616605272101,-3.406919956090917 -80.3064925668784,-3.4066512584487327 -80.30777394790928,-3.4061373471607226 -80.30989241610197,-3.406693101205647 -80.30983817619085,-3.40322232245218 -80.31144690505056,-3.404708743513609 -80.31158137348154,-3.405080079881671 -80.31113517304973,-3.407061934760364 -80.31366300544326,-3.41669464154441 -80.31789135959852,-3.4188159704804804 -80.31903994044077,-3.4242707489957525 -80.32451593845974,-3.434289812624627 -80.3236494065948,-3.4358406062589353 -80.32605373868901,-3.43708205199502 -80.32647597758424,-3.438905358195612 -80.33283555501674,-3.446573853900091 -80.33399140867647,-3.4498560430219243 -80.3645690678081,-3.479403853405074 -80.3611267804765,-3.4800313715504387 -80.3641288280829,-3.4831037524361363 -80.36482155337185,-3.4856399296388787 -80.36658334774322,-3.4846831562026637 -80.36630415950927,-3.4873689410237887 -80.368622421987,-3.487516045828741 -80.37048256441872,-3.4863642454134407 -80.37458264827055,-3.4878449440887493 -80.37823867837221,-3.492037415294334 -80.37904810868318,-3.49494361855308 -80.38414227974229,-3.4976197482527027 -80.38529431847789,-3.4981117250759013 -80.39171516852014,-3.4994915719784103 -80.39795780171104,-3.504181504073088 -80.39860784967246,-3.5042108300656594 -80.39900290925678,-3.504084348513757 -80.39898693549856,-3.5013184547827336 -80.40051877502134,-3.4980875252191055 -80.40661847626163,-3.5028121468630644 -80.40344071371786,-3.5049165487597236 -80.40356755230061,-3.505859255899807 -80.40766775576216,-3.5058732034854643 -80.40968227401765,-3.5083407165507197 -80.41925656803605,-3.5105638505412173 -80.42338240127671,-3.509817838622226 -80.42339885257482,-3.507398247730933 -80.42102801842822,-3.504223943080518 -80.41444337396246,-3.502223252800846 -80.41203784936718,-3.4968955520879774 -80.41500222707103,-3.493626475081726 -80.41987681426352,-3.4951744079724847 -80.41424536663033,-3.491970658618939 -80.41095256820634,-3.4935344456579998 -80.41118085391321,-3.490951657492886 -80.41520404842791,-3.4909478425688576 -80.43168544782506,-3.4958076476047637 -80.44227874296953,-3.496093749826599 -80.44435584504618,-3.4982464309279635 -80.44039344829892,-3.499085664771542 -80.43709373498771,-3.4981755013982507 -80.43648242982007,-3.5014474391479666 -80.44291520127541,-3.5033000704417674 -80.44557523760704,-3.5009509324395083 -80.4462264780694,-3.5024110078616815 -80.45497655872109,-3.504917145010239 -80.45583856070093,-3.5045478348145735 -80.45543801795006,-3.503425002461782 -80.45111465491732,-3.5018943545408376 -80.45014882081139,-3.4995157718352914 -80.45328223688563,-3.501411438387109 -80.45164644742547,-3.4976836441848036 -80.4556826353452,-3.496734142666412 -80.45802462103939,-3.4983426332058514 -80.46160793285969,-3.506665825467479 -80.46229696283447,-3.5022739170075425 -80.46029555759381,-3.4989382029356477 -80.46371841417343,-3.49767017323974 -80.46279895270948,-3.495296358739921 -80.46575427064303,-3.496061921020697 -80.46697235109306,-3.495020508789395 -80.47034871542084,-3.4973551038548436 -80.47467052892168,-3.4985473153062685 -80.46802544551778,-3.500575542826965 -80.46735405934226,-3.5043451788868794 -80.46766114274743,-3.5044306513534167 -80.47332513324824,-3.5051232579319844 -80.47851192908223,-3.498515009859773 -80.48303616019055,-3.4981234072693326 -80.49089948335185,-3.4992339090565707 -80.49455904946007,-3.4997507332096376 -80.49737641768712,-3.501215681158641 -80.50000905977004,-3.502584577016549 -80.49452567112255,-3.5060157775060645 -80.49655020242969,-3.507095455890351 -80.49603784067347,-3.5095535512552942 -80.49905002094141,-3.511089325312028 -80.49752163931191,-3.50872886214718 -80.49864470998506,-3.5063754316805955 -80.50561320758322,-3.514331340818572 -80.50635814661095,-3.5145003791889877 -80.50674724548875,-3.514415145042747 -80.50666368048417,-3.5108058455131896 -80.50528526350388,-3.505762458270695 -80.50372302509732,-3.5052050350841455 -80.50193536262657,-3.507235407487954 -80.50072205038202,-3.505061149852068 -80.50371205786496,-3.5039794443957533 -80.50484454623853,-3.504090070899977 -80.50594735158867,-3.504562854392148 -80.5063613403102,-3.5050983462583787 -80.50781249964689,-3.506975412585021 -80.50983583935238,-3.511574506857727 -80.51144552239248,-3.515625000293312 -80.51201555047686,-3.5173121230559588 -80.5158848763856,-3.5287642482711306 -80.52544796485142,-3.5509207250111956 -80.5471744541374,-3.5917632576680774 -80.54751610748195,-3.592366337636264 -80.56669354397161,-3.6191270347845403 -80.56856632187805,-3.6215933562483116 -80.57661044641483,-3.6306810378994214 -80.5776857136245,-3.631711006257845 -80.58443701235791,-3.6357021327470562 -80.59084415403424,-3.634886741729602 -80.5976816419938,-3.637161254887772 -80.60284185386831,-3.6357450483950657 -80.60821723933392,-3.6399507522253316 -80.61913990937899,-3.654241442688331 -80.62739646457499,-3.6623096465728793 -80.63711524007607,-3.666858554178674 -80.64390981238762,-3.666214942665249 -80.65238153937634,-3.668103217689236 -80.65689682942477,-3.666601062089242 -80.6692390442463,-3.6774158476631555 -80.68274223796362,-3.6788748501939494 -80.69937956361554,-3.6914062499983658 -80.71071672399722,-3.6991739274344724 -80.73161721206438,-3.7106323245220807 -80.73570275297939,-3.7111902234499325 -80.7476159336282,-3.717670440438283 -80.75350785280483,-3.717799067772674 -80.764904260523,-3.7296438217048404 -80.77329075336522,-3.7413166765232972 -80.77677464513346,-3.7422609331951833 -80.7793979648439,-3.7447071071471925 -80.78180635018259,-3.7445782423918814 -80.78778445678711,-3.749513626452611 -80.79449355573257,-3.7610149382886817 -80.80369722834416,-3.7802410128123967 -80.81625735789052,-3.807277559911384 -80.82648515686415,-3.831138610758117 -80.82803356639559,-3.8353443145882835 -80.83251643138806,-3.8526821140880116 -80.83168625821403,-3.867187499703249 -80.83165597893992,-3.867916941613501 -80.83342921718423,-3.8734744784643027 -80.83561325045093,-3.8767576217666857 -80.83733391792566,-3.8785599467840086 -80.83871042744403,-3.879804611193677 -80.84499061092777,-3.883280754403131 -80.85570120824383,-3.8944816585016753 -80.85656154198125,-3.8951252700150008 -80.85914480678713,-3.8957251313095895 -80.87487077746408,-3.9006817339747073 -80.87974667586806,-3.905897140840196 -80.88206946823112,-3.906669617109003 -80.88809156427405,-3.913836360359511 -80.93717384379761,-3.9447355271227025 -80.94207787479382,-3.94542205338486 -80.95373713995667,-3.9550352098068657 -80.95524275344991,-3.955936432120353 -80.96281361605512,-3.9583395717136227 -80.96397495288147,-3.9592838283857645 -80.96948194513533,-3.9711712596458284 -80.97447085414629,-3.9782093764613933 -80.97769844542674,-3.9805269239781325 -80.98462474323708,-3.9828014371363167 -80.98613047634007,-3.9845180513668907 -80.98703384443596,-3.9860630039043485 -80.992067456048,-3.99932384471947 -80.99740076043636,-4.009366035314201 -81.00252580612064,-4.024423957199772 -81.01180255404427,-4.0429687503074945 -81.01239204435717,-4.0448262694166885 -81.01878511883783,-4.0506075620891835 -81.04364812416128,-4.086409211216008 -81.05582904827162,-4.10476684551324 -81.06150865549989,-4.1069126126267435 -81.0658540726071,-4.110731959612167 -81.0753197671932,-4.111032366450331 -81.08018183672198,-4.115109443845668 -81.0843359180902,-4.117217684344297 -81.08882415251219,-4.119495511208669 -81.09046947928266,-4.119228005168239 -81.09511724423885,-4.1247668731841145 -81.09528815742226,-4.124970555046957 -81.09550137858531,-4.125035847626123 -81.09832036469288,-4.125899076281257 -81.10099124864695,-4.127985715668046 -81.10209643809964,-4.129339814081007 -81.10262359820001,-4.1305324922805795 -81.10620331722902,-4.138631462871558 -81.12797951654122,-4.1748399733859 -81.12824535343987,-4.175105214034275 -81.13659071938588,-4.179219245471657 -81.14162635806969,-4.1785322425687355 -81.14367961911898,-4.176286935793385 -81.1448251008973,-4.178087949599117 -81.14581975654784,-4.178214818837617 -81.14706814317987,-4.178374051820953 -81.1486418389494,-4.180575126340756 -81.148926853891,-4.180973767924755 -81.14936697490566,-4.184211611476613 -81.1721590753807,-4.213814258920621 -81.18015563477445,-4.217616320036953 -81.18694150434675,-4.218514442387402 -81.18716442559736,-4.218750000012193 -81.19335985157548,-4.2239365575258745 -81.1938560012531,-4.224209546733121 -81.19856846316384,-4.224518537600318 -81.2035379414225,-4.226392865038463 -81.2040839198367,-4.226673245773455 -81.20928943146174,-4.231796741926033 -81.21093750026523,-4.231863856531646 -81.2140655518835,-4.238442659001365 -81.21914160250253,-4.244858741737403 -81.21981465781988,-4.245413541601593 -81.22310376182884,-4.247459412022124 -81.22806000746311,-4.24698877341298 -81.22840178041758,-4.247101426089856 -81.23404121403047,-4.250629305497924 -81.23743784458054,-4.2500158545478826 -81.23935735215991,-4.250434279418371 -81.23939466787905,-4.250468063611947 -81.24013960405915,-4.251142501824873 -81.24021206721542,-4.251896698067668 -81.24037015425881,-4.253542065713432 -81.24527783891881,-4.260750550050432 -81.24756264689825,-4.2641065124055615 -81.2483295706503,-4.266084306439353 -81.2502690549725,-4.271085977235899 -81.25174467607584,-4.272053158526333 -81.25369524983552,-4.2733316419416525 -81.25548446183834,-4.276833056999806 -81.25492116158188,-4.2778018588685 -81.2542699570925,-4.278921842169169 -81.25428843456336,-4.2827844618332875 -81.2560336589259,-4.295078634870862 -81.25963187251261,-4.307069659037353 -81.26095506842137,-4.308133015626083 -81.26206374184778,-4.309023976675022 -81.26136218341759,-4.309830411344194 -81.25936520104301,-4.312125920974395 -81.25659310828516,-4.318078279089164 -81.25121200043316,-4.341378331045078 -81.25068414245885,-4.368379473633553 -81.25133383249005,-4.37057304421046 -81.25409305055359,-4.373319864220221 -81.25261032570569,-4.374860525192972 -81.25311553515348,-4.387255907034273 -81.25194621054888,-4.387885809282594 -81.25296270886179,-4.389093160820622 -81.25316965545514,-4.394531249717332 -81.25320327301225,-4.394531249717332 -81.25323510181815,-4.395778417839622 -81.25621664488204,-4.4044981005067285 -81.26003730307889,-4.405805826277685 -81.26131105426157,-4.407806753978292 -81.2616300581804,-4.412997842276255 -81.26464295430861,-4.4215033055328945 -81.26558005777315,-4.429353356372033 -81.27332305871178,-4.440251946170136 -81.27286851437006,-4.442793250408116 -81.27451920469716,-4.446848154118882 -81.2760555741051,-4.445946216844234 -81.2773742680078,-4.450454473295238 -81.28247594840605,-4.453954815462282 -81.28637182679802,-4.454364776812838 -81.28860950462479,-4.452133655943271 -81.29165554077039,-4.453432678974721 -81.29117464988997,-4.45466697240272 -81.29289007161915,-4.454975127799742 -81.29584276712973,-4.458294034441977 -81.29992055858668,-4.459431529341487 -81.29808354402019,-4.465521335341137 -81.297883152585,-4.471104144940028 -81.29872035935682,-4.472895264404684 -81.30202543712403,-4.474441647763641 -81.30206155749454,-4.4768420462232825 -81.30503605706804,-4.479282961839047 -81.30596041713926,-4.480041504012036 -81.30535985892084,-4.48131520344738 -81.30350935447274,-4.485239863328914 -81.30393755407474,-4.488979220114814 -81.2988858220227,-4.499055743227885 -81.29819607708714,-4.506797551665585 -81.29497420819297,-4.518296956938926 -81.27954781068254,-4.5428295135710215 -81.27930951102468,-4.54853725429065 -81.28106308019667,-4.551804422935689 -81.28014004212883,-4.556514620353212 -81.27855193652243,-4.56086993180169 -81.27646601209653,-4.56403374675979 -81.27640485729805,-4.566823720737943 -81.27447617033869,-4.570312500321393 -81.27419626714374,-4.570312500321393 -81.27419626714374,-4.570731043902441 -81.27600741361096,-4.572240471420528 -81.27896833432072,-4.572719216518493 -81.27900075937714,-4.575074672258097 -81.28049302063613,-4.576041459645495 -81.28160107173173,-4.575240254533995 -81.28156614296279,-4.573000312214447 -81.28313434117655,-4.572607040482211 -81.286829829033,-4.57567203073944 -81.28756833071361,-4.586889744066312 -81.29236054450314,-4.593611240166538 -81.29683911793063,-4.6058871749530255 -81.29633855797766,-4.619279980486581 -81.29991912866456,-4.626531004602128 -81.30025720630482,-4.6363002059894285 -81.30179905887917,-4.639125943307434 -81.30399894719335,-4.63991904282922 -81.30505764439454,-4.642730951272199 -81.30891180053891,-4.660552144465811 -81.31182742149815,-4.664810657385786 -81.3162702324849,-4.667608261211996 -81.32021784797504,-4.66826784648363 -81.32005465070128,-4.6706876756954046 -81.32329964656105,-4.667826652577688 -81.32832791080415,-4.668340762615884 -81.3285428289881,-4.6683627366508205 -81.33076703586983,-4.672845244612077 -81.32853054964488,-4.675085306541547 -81.32852491809021,-4.675289381599455 -81.32844591174918,-4.678152203361336 -81.3271203038586,-4.680160880519978 -81.32863484942524,-4.679771224339689 -81.32950425191933,-4.679547548280681 -81.3287037725608,-4.682581154896184 -81.32832157597977,-4.684029579601344 -81.3260060546354,-4.685544967825848 -81.3177814487546,-4.697176456528183 -81.30274665383473,-4.712471962211183 -81.28007435834473,-4.737583756884732 -81.27279675026944,-4.746093750026446 -81.26758944989277,-4.752011656912316 -81.25987613197753,-4.762989640659171 -81.22717201687476,-4.7984094619269655 -81.21093750026523,-4.816964149375863 -81.18070745428517,-4.851423025252316 -81.17911672625559,-4.853317260982536 -81.1554789545898,-4.884633541404639 -81.15064644847462,-4.888981342614628 -81.13977015017201,-4.905482172763996 -81.13541591161481,-4.895981550308136 -81.13562834227383,-4.888819217332809 -81.13026332868944,-4.884343742969264 -81.12989735587809,-4.8841431141133285 -81.1268168685034,-4.8828419444000275 -81.11767864225533,-4.883888721087402 -81.11493253720664,-4.882048011206521 -81.10932433614877,-4.883399844227341 -81.1052731277523,-4.881446957411072 -81.10276234110881,-4.881387949294279 -81.09665584549066,-4.879155754634056 -81.09216153662533,-4.874957680652372 -81.09083044556832,-4.871913075328081 -81.08936226365734,-4.8713903425900895 -81.08756923673059,-4.873371243288048 -81.0851000545237,-4.870964646700884 -81.08424305906954,-4.872677922647782 -81.08172953129252,-4.87252724213819 -81.07446301005962,-4.87721073598658 -81.07403790952173,-4.875877142116224 -81.06911945339971,-4.875301241459027 -81.06580603082347,-4.873046756202669 -81.06302666704676,-4.867895245269281 -81.06038343904422,-4.866562962610331 -81.05716276175164,-4.860876441394467 -81.05208015417548,-4.8581483362764 -81.04896700342425,-4.858836055039845 -81.04506850260901,-4.8549190758544825 -81.03887414952212,-4.854872226571814 -81.04025650013716,-4.85783982294916 -81.04712021322695,-4.859825611462696 -81.04927611390121,-4.862186551268124 -81.05155277284194,-4.861577153562578 -81.05881404832934,-4.8680249454945965 -81.06081306946737,-4.868090748888804 -81.06144964738309,-4.871996044981273 -81.06427598005232,-4.8769341710749075 -81.06697916945299,-4.876991033409297 -81.06757044761775,-4.87570571874376 -81.06854760688617,-4.878322004856571 -81.07903504373198,-4.878303766605228 -81.08099055297131,-4.875600337985148 -81.08126223096679,-4.876892924568509 -81.08767664456121,-4.8763930795769 -81.08894491167814,-4.878083229457388 -81.08998513230759,-4.877034067767866 -81.09022736560013,-4.8737636804492155 -81.09137093991669,-4.875183463545909 -81.09093356093479,-4.8767306805763155 -81.0923736093543,-4.8807567358345665 -81.09298706030427,-4.881027459649388 -81.11174035043643,-4.886689305267069 -81.11354994737175,-4.887197017528109 -81.1163041589096,-4.887102246071734 -81.11670386798878,-4.885986327706647 -81.11931920082006,-4.885800957647874 -81.12275826947825,-4.883801341158858 -81.1249691250249,-4.883972048670813 -81.12637817831006,-4.884371161499814 -81.12755501225385,-4.888297319165815 -81.12928974602471,-4.889808177505316 -81.1328185796136,-4.889711856516797 -81.1320377585356,-4.898566722576135 -81.13557493693361,-4.905490517573199 -81.13570725958209,-4.905872822072993 -81.13646745650766,-4.91112661380204 -81.13616645341881,-4.911734223655316 -81.12612581235607,-4.921874999731145 -81.12577795998453,-4.921874999731145 -81.09730291399805,-4.951522350675617 -81.08790802933174,-4.963852644084142 -81.08493924135257,-4.9685801264714655 -81.07557034529495,-4.986181378767483 -81.06815314265324,-5.004268169640227 -81.06645774882571,-5.008866548951872 -81.06253612014552,-5.021465778322863 -81.06240165261383,-5.022044658434098 -81.0603001114608,-5.034693956660561 -81.06156504119332,-5.047673821389552 -81.06213223911129,-5.049997329612964 -81.06295907490119,-5.051339626222571 -81.06617367277653,-5.053405642356381 -81.07286250549996,-5.067632675207577 -81.07433736307871,-5.067855477747983 -81.07656931851909,-5.071257233534382 -81.0803265574244,-5.071522116252538 -81.08210492090498,-5.075530409900196 -81.08467555023614,-5.077045559804404 -81.08615231527682,-5.079973935848287 -81.09103310149618,-5.081802844825347 -81.09163928052811,-5.081969976632948 -81.10153210182477,-5.081766605744193 -81.10436904469543,-5.083793044513243 -81.10883343221678,-5.084727048914004 -81.11006736771446,-5.084654569852219 -81.11438095601596,-5.083970546403407 -81.12395584538567,-5.0726257561735935 -81.13251745691474,-5.068988799793004 -81.13309812577751,-5.068887948919567 -81.13652825337584,-5.073539733571707 -81.1384868625783,-5.074927806572873 -81.14804840061288,-5.079520106467626 -81.15423822381479,-5.0768878456973 -81.16081380851011,-5.071722149757321 -81.16509020354971,-5.078886508904944 -81.16653704634746,-5.08032751060594 -81.16942930202046,-5.0807764530705555 -81.16931283441963,-5.086652040559102 -81.17212295501008,-5.088561177156535 -81.17208957667222,-5.088881253966491 -81.16741454634385,-5.092274546233128 -81.16740345950183,-5.0966347454969 -81.16583657249964,-5.09765625033539 -81.16555654969477,-5.09765625033539 -81.16310274589472,-5.103236674932475 -81.16082394117157,-5.112084627003753 -81.16044664409702,-5.124042749473233 -81.16514515842209,-5.127757311050772 -81.16879785024017,-5.127892256122507 -81.16841804945315,-5.129803657212804 -81.16937315464713,-5.131141543547315 -81.17388081574671,-5.130045652184947 -81.1761317252986,-5.132073402165503 -81.17984485605507,-5.13177943267462 -81.1808961626277,-5.133901954111707 -81.18018114584308,-5.1350470779601665 -81.17734253383054,-5.135448456181223 -81.17841541783707,-5.137657642585978 -81.17719507199473,-5.141453146745121 -81.17488300764435,-5.1432991023716 -81.17405652978479,-5.14566600288363 -81.17266857639336,-5.146028757021384 -81.1689498428608,-5.154207467800234 -81.16844296427121,-5.155722617704441 -81.1683874131482,-5.166095018670035 -81.17166674152648,-5.174541234590222 -81.17109167544027,-5.177351474790413 -81.17295074498071,-5.177889228005171 -81.17457652048967,-5.183456062946803 -81.17472803556998,-5.183749080055875 -81.17673194452334,-5.185126542855599 -81.17894864116647,-5.189490675753859 -81.17944335912347,-5.189883709165727 -81.18339514746776,-5.18960225553937 -81.18535482866213,-5.193937301664818 -81.18853855101312,-5.193418025921076 -81.19023835691434,-5.195430040463876 -81.18944334993034,-5.197801709181377 -81.19076144668315,-5.199191927964932 -81.19006216533637,-5.201392769560485 -81.1940553188976,-5.205769777153378 -81.19408452528018,-5.2086316348419075 -81.19574940241267,-5.209705948770392 -81.19602811310659,-5.211006522233006 -81.19591224175628,-5.211580157498162 -81.19353950014741,-5.217494249459918 -81.1911633015448,-5.220100164590704 -81.18782150715657,-5.223184705209803 -81.18222415462063,-5.22572541229772 -81.17713165270331,-5.23154234870033 -81.17312383659544,-5.234004140278742 -81.17114114804528,-5.237529039333609 -81.16734790837893,-5.240014314908535 -81.15101635492053,-5.256540656126276 -81.15031325775035,-5.259333848777857 -81.1499071122231,-5.2596665619620495 -81.13849723356014,-5.263203502039758 -81.13819491836051,-5.263506650911097 -81.13143205614406,-5.272761344760056 -81.13110065417163,-5.273437500040359 -81.12972271473112,-5.278098940713463 -81.12624740609255,-5.283635973920866 -81.12646293671489,-5.28642547125834 -81.1262550350416,-5.286741256503674 -81.1235561372057,-5.287421465028473 -81.11799204339795,-5.293952346223605 -81.11435985522274,-5.3021547793194514 -81.11344444790268,-5.308711528613983 -81.10968530153525,-5.314118624174867 -81.10971534248887,-5.3155554530216165 -81.10258734203188,-5.315617561101362 -81.09735274273459,-5.311700701525922 -81.0948431494914,-5.3117138145406955 -81.09316205938134,-5.309280037743349 -81.08835995214986,-5.3121020797469924 -81.08426094028977,-5.3103312256052675 -81.0804127457512,-5.313300371514757 -81.07789814508314,-5.312932849171446 -81.07695293423018,-5.314973950487143 -81.0537347790366,-5.331789135959696 -81.02124285717184,-5.364154338851577 -81.01244366184523,-5.371467352336211 -81.00866425015471,-5.377314568012835 -81.00080764325773,-5.383244752443105 -80.995862245246,-5.384391308012269 -80.94627320764215,-5.433983922220023 -80.93591117855777,-5.4492187497454125 -80.93585026297905,-5.4492187497454125 -80.93125915558522,-5.457277655539215 -80.92951667325553,-5.458176732070399 -80.92411744586298,-5.468271851364776 -80.92177736763108,-5.469719052092302 -80.91720950591358,-5.476929068921109 -80.90848350550903,-5.491178751198277 -80.90766477620821,-5.494075536756284 -80.90506625170596,-5.496934652412065 -80.90386176091133,-5.494627475877181 -80.90235042593105,-5.494569778072687 -80.90113544454488,-5.49906897565252 -80.89809334293327,-5.501534342935386 -80.89728963410897,-5.503182530449138 -80.89687406998206,-5.506571054510303 -80.89368760559813,-5.512377143290465 -80.89350962616811,-5.519463539310664 -80.89010870495244,-5.52640211556502 -80.8861347438231,-5.531323075399484 -80.88605046295817,-5.533505439524276 -80.89554035650187,-5.518275618524754 -80.89602375019564,-5.512845158576809 -80.8981266025605,-5.509781957071382 -80.8999155762425,-5.502289056694508 -80.90209603290538,-5.501082658437838 -80.90350854408362,-5.498500346913318 -80.90530621960602,-5.498548745727874 -80.9003447291256,-5.507595538802903 -80.89465701540871,-5.52552974260324 -80.88942956931885,-5.533877373042131 -80.87894260911372,-5.555991530384702 -80.8735922571766,-5.572404861894711 -80.87227296792275,-5.573508977556983 -80.87185287481009,-5.5787781476932 -80.87084090728166,-5.57960915543795 -80.87098634204563,-5.581995964242154 -80.8699988126948,-5.582440018891646 -80.87051534640571,-5.584814071711847 -80.8693239686259,-5.586887240153828 -80.86939704393819,-5.590008616104512 -80.86798322244746,-5.591324329653915 -80.8670666217269,-5.591124534469614 -80.86650824525907,-5.590791821285407 -80.86424684511547,-5.587340235863124 -80.86406505076116,-5.586817741445444 -80.8656871318554,-5.581280350307637 -80.86321544683511,-5.585653066335752 -80.86137235195235,-5.584086656873524 -80.85969054688104,-5.579017638952735 -80.85937499995612,-5.578961968220085 -80.85829281785902,-5.5781512257982655 -80.85937499995612,-5.581473231504347 -80.85937499995612,-5.582031250041851 -80.86176073586884,-5.586874008428609 -80.86026215597329,-5.589514255178543 -80.86140191536592,-5.591410517980876 -80.86023366455163,-5.591922163876575 -80.85937499995612,-5.595145106561304 -80.85937499995612,-5.5954240564747835 -80.85802614728868,-5.59787177995851 -80.85787844623303,-5.598305463626062 -80.85818064182274,-5.60015892949076 -80.85792434223424,-5.600695013563893 -80.85378515675933,-5.605891227997475 -80.85353016838226,-5.606455325952311 -80.85466015304331,-5.606996059520455 -80.85176265252397,-5.609631061424238 -80.84763932209665,-5.6101514100592595 -80.84672915962256,-5.614554762392245 -80.84364545357442,-5.617565751058464 -80.8446170091674,-5.62231016138476 -80.84665834880337,-5.622224449698479 -80.84764611737404,-5.6168960331251725 -80.84967124493161,-5.6138414147492455 -80.85305690735012,-5.611225366956901 -80.85559916486929,-5.61111164048954 -80.85693442788127,-5.6062151197318855 -80.85937499995612,-5.604352712807113 -80.85937499995612,-5.601841449523036 -80.86225831546858,-5.594473242845709 -80.8624966142271,-5.594215035795131 -80.86568844306689,-5.595453977818593 -80.86703205088827,-5.5940910579558505 -80.86731994186164,-5.595102429233592 -80.8669142720756,-5.596937656847288 -80.8627991677472,-5.602229833439893 -80.86224234081106,-5.603434204624719 -80.85937499995612,-5.611607074306804 -80.85937499995612,-5.612444042758241 -80.85488927332091,-5.625000000349658 -80.85071396837483,-5.639142156085555 -80.84984302533502,-5.674246550038063 -80.8522472378196,-5.685587048702999 -80.85183525119567,-5.6914454699323755 -80.85306084188423,-5.696295857267799 -80.85402596012966,-5.7122141119914005 -80.85295450694463,-5.713481665046629 -80.85373175141893,-5.713464021247503 -80.8565249440706,-5.7245888705796375 -80.85521900615208,-5.726639747526136 -80.85594677892044,-5.732797861531878 -80.85790252648007,-5.737867713124288 -80.85937499995612,-5.739676355878785 -80.86689424507296,-5.751167774273156 -80.8695739504771,-5.756898045708013 -80.8695807457546,-5.757212758062238 -80.86852967750235,-5.756889224258046 -80.86771953133098,-5.755634665507117 -80.86634564423568,-5.752016306207466 -80.86248707781624,-5.748356819111805 -80.86069893870479,-5.743536949370608 -80.85937499995612,-5.745814561592638 -80.85937499995612,-5.746093749826585 -80.8587186333578,-5.748999356834659 -80.85937499995612,-5.749441861952178 -80.86102712110443,-5.751359819999493 -80.8638409379086,-5.757951378453129 -80.86757397695726,-5.771065354582063 -80.86757874516272,-5.771697401713496 -80.86649000610845,-5.775083422961416 -80.86428022345336,-5.774244665758616 -80.86115896711232,-5.770964264488967 -80.8603131772112,-5.771467328154543 -80.85937499995612,-5.791294575184338 -80.8551831241015,-5.79336500159333 -80.85559165463073,-5.795078754180807 -80.85601055614197,-5.795173048996858 -80.8600796457587,-5.79404997832377 -80.8604207037522,-5.794856547891257 -80.85962021360166,-5.796977043155792 -80.85937499995612,-5.797153949694817 -80.85609090337226,-5.799346327770607 -80.85685181615804,-5.8007812500543565 -80.8559092286277,-5.802419543227032 -80.85799896707852,-5.803428650012009 -80.85775315718215,-5.809700608296296 -80.8578592538014,-5.80997562367601 -80.85937499995612,-5.808872819225144 -80.85937499995612,-5.80998885630035 -80.85920667654659,-5.8100353476528 -80.85915064788381,-5.8101283312572605 -80.85920667654659,-5.810221314861636 -80.85937499995612,-5.810267806214085 -80.85937499995612,-5.810546756127749 -80.86052250880661,-5.810646176179844 -80.86046695678425,-5.81336402902663 -80.85923445210807,-5.818552851932466 -80.8587683442833,-5.822114467608529 -80.85513985142262,-5.828232050068962 -80.85377645491903,-5.828287244160833 -80.85266506643939,-5.832840442432328 -80.8491671083751,-5.839148759407422 -80.84736955156336,-5.83973360022533 -80.84157156927219,-5.849109649490586 -80.84136652924155,-5.849476813903678 -80.83915054755931,-5.856964468535196 -80.82970655001691,-5.860423207165198 -80.82800483665363,-5.860739946590996 -80.82147634046055,-5.860481977860786 -80.81952273868313,-5.859814167389686 -80.81918215733032,-5.859634757138238 -80.81673371798627,-5.856227040645166 -80.81411516648137,-5.855821370859488 -80.81031751653984,-5.851017951517022 -80.80881571797062,-5.854056119494047 -80.80523526689365,-5.847965955564092 -80.80210280410068,-5.847196101718524 -80.80218434293289,-5.848152279803585 -80.80119204537641,-5.84808564183875 -80.79471015924628,-5.845998049170419 -80.79105687117723,-5.846097350512153 -80.7894002201437,-5.846391439613129 -80.78697776760959,-5.848531246019959 -80.76199412362956,-5.849930167543107 -80.75861465933866,-5.8513007163548 -80.75552904582855,-5.854882120713114 -80.74997341643967,-5.858683347258378 -80.74013841165805,-5.862687825982292 -80.73812460926308,-5.860831856404971 -80.7339142559378,-5.861181377918129 -80.72980475438561,-5.859517812896485 -80.72720897191618,-5.856617927375339 -80.71450197678462,-5.853418231266119 -80.71373343504956,-5.850370645588612 -80.71045053006756,-5.847485780544162 -80.71018540902901,-5.847376942791485 -80.7091410164445,-5.849257945897378 -80.70923864864443,-5.849811554159729 -80.71037495104275,-5.850120902057782 -80.71313524289684,-5.855356454636549 -80.71645545985137,-5.8568029404031705 -80.71490943442262,-5.859089255364623 -80.71584343882321,-5.860763310977859 -80.71934461556125,-5.86291325094551 -80.7204215528121,-5.861457943728908 -80.71785414215452,-5.859996557095158 -80.71699535884835,-5.858250975701779 -80.71878111385712,-5.85689532775686 -80.72154355059416,-5.856646418797098 -80.72666811963768,-5.860114217197179 -80.73153746108471,-5.861214160904581 -80.7317073349252,-5.863571047465612 -80.73352372623876,-5.865038752735998 -80.72946965709872,-5.866673707625424 -80.72807276264757,-5.868431448752119 -80.72820580025723,-5.870713353438305 -80.73089540000245,-5.872067808882107 -80.72906994801946,-5.876578450334989 -80.72237825365318,-5.884724259416828 -80.71945154675103,-5.886466145496115 -80.71970343606444,-5.888446927483528 -80.71506082989302,-5.897211313651098 -80.71117150755879,-5.9001944062466265 -80.70865917228261,-5.8998719453337145 -80.70963275404813,-5.901594400660883 -80.7069510224714,-5.902923822576284 -80.7095108032807,-5.902932524416329 -80.71230626132467,-5.900577902348246 -80.71424961083059,-5.900891899741225 -80.71546697631965,-5.899598956126738 -80.71618831174098,-5.900182366123062 -80.7188316584539,-5.89886701140324 -80.7235052588604,-5.888638853600128 -80.72824573555201,-5.884171605335226 -80.7298748493447,-5.878505944793346 -80.73195385888317,-5.878878474561887 -80.73837411447346,-5.874379753622648 -80.73573696588807,-5.871097922431048 -80.73728597167002,-5.870725512272344 -80.73826301132854,-5.867884874087579 -80.7403981682406,-5.865751028387081 -80.7416365149131,-5.86840617690342 -80.74701607233362,-5.867800474512151 -80.74840605279678,-5.86918425594844 -80.7500363590903,-5.8668689729246495 -80.75165116826656,-5.867441535298511 -80.7527076009747,-5.866261243461366 -80.75777077689946,-5.865222811583365 -80.75954294225275,-5.862475871963682 -80.76268732555928,-5.862426758188235 -80.77260470374375,-5.856728077238884 -80.77464056021347,-5.856973051664696 -80.7779345511382,-5.860095739726333 -80.78311610212629,-5.862385750002062 -80.79201757914757,-5.861160278024116 -80.79706740373734,-5.863220453061345 -80.80152344734887,-5.861205816095392 -80.80027234559208,-5.8597916366745295 -80.80229616193807,-5.8585778477892205 -80.8021714691377,-5.859629750612285 -80.80394911765728,-5.858652949273804 -80.80593121085639,-5.860318422656917 -80.81015133891282,-5.861297010948206 -80.81363344192957,-5.860721349510314 -80.82129263864414,-5.863599657598016 -80.8238004449343,-5.865838646635922 -80.82439434552231,-5.867829322964667 -80.82978534681604,-5.867627263287503 -80.83366477480911,-5.86547327007527 -80.83740830444935,-5.865136504545845 -80.83786714035585,-5.864871859248709 -80.84221541910591,-5.858699440626438 -80.84520685651097,-5.847807407785538 -80.84830820545886,-5.846336603451121 -80.848627567308,-5.845885515204273 -80.84983694591796,-5.840163230648386 -80.85644483606006,-5.832968353906267 -80.85817277455368,-5.832428574518943 -80.85836923145456,-5.832173824462259 -80.85937499995612,-5.829241037243847 -80.8612829449516,-5.827216505936704 -80.86742496469003,-5.8129477499385445 -80.86731231201333,-5.807970642730837 -80.87053644629964,-5.8029356002975305 -80.8711496589292,-5.8007812500543565 -80.8724826574483,-5.797568201711059 -80.87204742424905,-5.79603457433592 -80.87364470923563,-5.794571041919951 -80.87444305450296,-5.79036462312871 -80.87432622897194,-5.789130449310633 -80.87385284922942,-5.788144469491513 -80.87189626709878,-5.786692261338672 -80.87039113024622,-5.781740665199337 -80.87338316480083,-5.774918318225573 -80.87389242659401,-5.774151444733221 -80.8757423158549,-5.775221943737506 -80.87608826166351,-5.775490164739097 -80.87867665260501,-5.77956926830673 -80.8795076612493,-5.78147006009506 -80.88159060442263,-5.793071150812821 -80.88214182858209,-5.794215917630154 -80.88600850149089,-5.8007812500543565 -80.89160990727106,-5.809065580811833 -80.89294660110437,-5.812925219223374 -80.89531815021223,-5.815739274347678 -80.89736282813175,-5.817801355947736 -80.90489375634132,-5.824728727548532 -80.91063797446265,-5.829530477749088 -80.91696536515929,-5.833954334624494 -80.92115545316136,-5.836476922172054 -80.9237704280626,-5.837907552891011 -80.93375742456527,-5.84098935147729 -80.93971765084865,-5.844381451242896 -80.94670474552731,-5.845982074512918 -80.95251846325613,-5.846160650193738 -80.95734822733866,-5.8457436561445775 -80.96085834513633,-5.842694520935098 -80.96960651832592,-5.844292402172471 -80.97012531742917,-5.841298341445125 -80.97733294925592,-5.837372660419717 -80.98198676097991,-5.838934540896233 -80.98791682759926,-5.838727713013228 -80.98934721909853,-5.837358355803204 -80.99039840696054,-5.833475351206417 -80.99068260172052,-5.833203316179905 -80.99219214884829,-5.832662820932242 -80.99260377844152,-5.832662939642788 -80.99688684914844,-5.834512949412968 -81.00310766658527,-5.833794951375765 -81.00567424267194,-5.83119893058587 -81.01143515131088,-5.8297697306883265 -81.01205646953005,-5.8264827724616595 -81.01624047721606,-5.829374551493984 -81.02479517475717,-5.827807426171674 -81.03079354758378,-5.823150634993581 -81.03433346711552,-5.822214245590672 -81.0412813423597,-5.815662860752312 -81.04242932785081,-5.809728980108218 -81.04622364040856,-5.807976007186824 -81.05057561357353,-5.8007812500543565 -81.05284345106404,-5.7970620389817356 -81.06050097953624,-5.788903713135554 -81.0659654140722,-5.7855316403726675 -81.06774485134352,-5.783215642387816 -81.06862556911457,-5.782994151059157 -81.07174551514322,-5.783231139505361 -81.07364130040543,-5.785000443215736 -81.08296036682717,-5.788826346258645 -81.08443725147757,-5.790287852502232 -81.08570694941574,-5.792250037409147 -81.08583915245464,-5.79259967763285 -81.08449840537685,-5.8007812500543565 -81.08428764385945,-5.802652358819174 -81.08703112558578,-5.814568161890975 -81.09034383320093,-5.818209051906152 -81.091327547628,-5.821099043086022 -81.0937639477477,-5.82063651096604 -81.09399056431278,-5.820834279078511 -81.09451794654578,-5.822092175213314 -81.09321892261494,-5.829651951875761 -81.09576416048742,-5.835261225824823 -81.10127282098361,-5.841871142139112 -81.10930955399246,-5.842354774153378 -81.11295413932174,-5.838727713013228 -81.1230460408419,-5.838756323145631 -81.12611186477031,-5.840468168271187 -81.1268986465551,-5.85152804878021 -81.13437151902997,-5.867884874087579 -81.13443160093723,-5.870676040566494 -81.13807535169587,-5.879068255795019 -81.14305245890347,-5.879450202364765 -81.14866936180121,-5.8846250776849445 -81.15030694001308,-5.888280868566952 -81.15180027776023,-5.889305530026107 -81.1522011757433,-5.889580607458939 -81.15231966951703,-5.8899364467094415 -81.15181304365623,-5.891602900593753 -81.14708971971439,-5.907139420747356 -81.14974820651432,-5.919782519047743 -81.14720833309786,-5.929347753296042 -81.14731204471474,-5.932778120113937 -81.1482248305112,-5.9375392200588095 -81.15121114267978,-5.939993738819851 -81.15017414072366,-5.944441079691956 -81.1520334485844,-5.946529746150773 -81.15015554454243,-5.957488536566601 -81.14882314227384,-5.957805514312966 -81.14883482446734,-5.962468147486746 -81.14736950419893,-5.967626452798257 -81.14985013027888,-5.974505663005871 -81.15117649180127,-5.97573836193574 -81.15206325031838,-5.97656249975924 -81.15222454102954,-5.97746622578542 -81.15011763542003,-5.98351240117627 -81.15073335176237,-5.987050652465555 -81.14549458051027,-6.005400657813851 -81.14272773259844,-6.0110212560260265 -81.12937366985864,-6.035819172916177 -81.12645971804119,-6.037770032660674 -81.12428066062182,-6.037885244096174 -81.12332797020929,-6.037935614936387 -81.12364805601266,-6.03904927780178 -81.12389433355628,-6.0399061437533135 -81.12272512856168,-6.04074752517802 -81.12076425576544,-6.042158603736368 -81.1194411515875,-6.04502475298969 -81.11695563769234,-6.045944451874732 -81.11596977748297,-6.0474978688314 -81.1150537730129,-6.050323248219186 -81.11596894650935,-6.053179334958202 -81.1164815429886,-6.054779052611039 -81.11393034440954,-6.05984330142708 -81.11242592341722,-6.062536359065476 -81.10905611514727,-6.067357659628172 -81.1082409966242,-6.068406395038949 -81.1040432454991,-6.073807239412375 -81.0985293392572,-6.080043315646165 -81.09309375317383,-6.083348035483326 -81.09270167394288,-6.083742618426982 -81.08983600133007,-6.088143467946452 -81.08520960813664,-6.08851253982165 -81.08335983758604,-6.092346311033339 -81.07669591878118,-6.09532904659801 -81.07393407829483,-6.098401427483807 -81.06567466235546,-6.103375911368971 -81.06094121926145,-6.104738950841821 -81.05930912511573,-6.1073168511916265 -81.05264604088188,-6.113158941631482 -81.05195224270165,-6.113511800528968 -81.05140173440225,-6.113123654932409 -81.05182695365059,-6.111193656761614 -81.0509994028998,-6.110212921788744 -81.04528081455766,-6.116881251768135 -81.04001343227381,-6.118627667732611 -81.03167545785578,-6.124069571553335 -81.03008663638877,-6.126374840626298 -81.01746845200714,-6.130497574803101 -81.01583087469481,-6.132832646509314 -81.0077030655437,-6.137278676169743 -81.0028085709585,-6.138614058791646 -80.99920117889104,-6.141816854863649 -80.99164426297213,-6.145397662971632 -80.98904812347189,-6.148177027647549 -80.98464953934456,-6.1484079357774135 -80.98030352598656,-6.152343750363485 -80.98013353343549,-6.152580737910583 -80.97537767923615,-6.1542055610377275 -80.96723270382603,-6.160401344046605 -80.95777785776147,-6.164152860565721 -80.95463085203195,-6.167073131020061 -80.94775641003008,-6.169232845719151 -80.94417607766349,-6.17326498039445 -80.94388651844787,-6.173457026120531 -80.93750071498567,-6.175950050254329 -80.9273190494342,-6.18439352504096 -80.92290365697784,-6.185176610611919 -80.91341483632525,-6.193029046453219 -80.90996050797077,-6.194102406200969 -80.90567243073775,-6.198322415546841 -80.89946830291942,-6.201220154386476 -80.89870572099193,-6.201766848660952 -80.895746827354,-6.205252051640585 -80.88396430021197,-6.213017463684821 -80.88109195193175,-6.216204046779197 -80.87764036650941,-6.217406630111668 -80.8744367358664,-6.220199823662611 -80.87262046326362,-6.220304251140206 -80.8715355400328,-6.222623944439263 -80.86979174649159,-6.22402060057 -80.86693465700864,-6.224681377443318 -80.86096525224445,-6.231465459163431 -80.85937499995612,-6.2324217559591375 -80.84629261521178,-6.242573142236495 -80.83580660828812,-6.253487705792921 -80.82843220258366,-6.262991666531846 -80.81935477230456,-6.26994132962858 -80.81542730342707,-6.275915861427748 -80.81157875095826,-6.278496027169609 -80.80315363403264,-6.287282347801991 -80.79388988041342,-6.294583916514398 -80.79056346443207,-6.296738148046941 -80.77392983409436,-6.306303977646124 -80.76468980279193,-6.310758948366711 -80.7521883252308,-6.316499352463055 -80.74501264092032,-6.318280219656145 -80.73520207431596,-6.323174476820569 -80.7224534747478,-6.328125000068624 -80.72206342258869,-6.328125000068624 -80.7077896591652,-6.333341240605549 -80.6960892680049,-6.338448643389896 -80.69246160971522,-6.34117198030232 -80.68711090074706,-6.342768907358874 -80.68453884149409,-6.344918251076095 -80.67047631712813,-6.351732730780796 -80.65425205189047,-6.359594703032954 -80.64754116509238,-6.364616632451401 -80.62562203382936,-6.375494360676058 -80.62086427216809,-6.376691341232231 -80.61444044087335,-6.380491614496307 -80.61151063400825,-6.380647659461616 -80.60879933811867,-6.383192301083739 -80.59478485553643,-6.388795852646155 -80.59329831576426,-6.390705823814656 -80.58197641328053,-6.394713759532195 -80.57896554512342,-6.3976972100579275 -80.55645334694404,-6.406969904737139 -80.55565965207091,-6.40863013237437 -80.55035376531367,-6.410185575503604 -80.52454054351105,-6.424321532212787 -80.51950263943507,-6.425531745393656 -80.5178780555276,-6.427804947340249 -80.51467347160315,-6.428098559800631 -80.5148806574162,-6.429681300951131 -80.51297461988253,-6.429558038972019 -80.51211977021103,-6.431060314181934 -80.51027154919223,-6.43027937439355 -80.50882685217732,-6.432656407567038 -80.50781249964689,-6.433035731713531 -80.50645196478604,-6.432930946305902 -80.50659954533256,-6.434314966062473 -80.50296580762549,-6.434507965969729 -80.50112712391734,-6.437955379437042 -80.49305605928953,-6.439452767730941 -80.4883090256406,-6.443142533201254 -80.48519861692245,-6.444820046707676 -80.47749853163174,-6.447419166561147 -80.45655691666792,-6.459762572984076 -80.44452953381071,-6.464949369717431 -80.4230544562979,-6.477710128119739 -80.42277443439232,-6.476338267197107 -80.41978895679455,-6.477312206892748 -80.41301381613442,-6.482661724259074 -80.40797305131508,-6.484413742999564 -80.40489101440852,-6.48723792988649 -80.40258014165988,-6.487374902029899 -80.40184664740443,-6.489216804411811 -80.39989125687572,-6.4889521600139375 -80.39869630339146,-6.49074351779889 -80.39335274673167,-6.492052554781438 -80.38536763211013,-6.495914578195041 -80.38473582239999,-6.4975440499177495 -80.38211286061977,-6.497308969833014 -80.37696444964934,-6.500440358835249 -80.37600433792943,-6.502473950812103 -80.37569105639687,-6.5026158098714575 -80.37338376025207,-6.5017031427856296 -80.3730796572001,-6.501890659526168 -80.37246644457053,-6.503906249773493 -80.3696584697623,-6.503906249773493 -80.36815154595683,-6.506235242062658 -80.36764264119466,-6.506488322977546 -80.36150515044216,-6.508033037194707 -80.3594988582854,-6.509736657120811 -80.3530584569821,-6.512024879544356 -80.34910023218956,-6.515418171810907 -80.33497011657732,-6.521682858177101 -80.33467495458513,-6.521862268428734 -80.33216953239773,-6.5249229671211 -80.32852816574189,-6.525422454182674 -80.32604324809716,-6.527873277629524 -80.30915951719766,-6.534534573111856 -80.3066221474939,-6.53731465364821 -80.30257117741752,-6.538353443456515 -80.29630446397948,-6.542931556545852 -80.2927793266044,-6.543109655585809 -80.29213154313578,-6.545108079574064 -80.28958284826942,-6.547382474021859 -80.27616822698184,-6.552042841803498 -80.27267396423176,-6.555664419776917 -80.2625155452559,-6.559652805132501 -80.24757015733667,-6.568266153759907 -80.24288427848649,-6.5724849697053855 -80.23584187010601,-6.57462167704854 -80.22510671590186,-6.581995249081402 -80.22251057640159,-6.582435250486313 -80.21517372099012,-6.587470412529356 -80.19741725919897,-6.5960121157664275 -80.19397723636004,-6.600341558216215 -80.19146955057897,-6.600074529715485 -80.17606854452754,-6.608422756404892 -80.17047727140854,-6.613730549724949 -80.16093945479176,-6.618006110193733 -80.15625000023715,-6.62276780638895 -80.14913475486469,-6.628272771570963 -80.1429674623783,-6.630618930119468 -80.13234734495381,-6.640463947952611 -80.13198101511142,-6.640714407343879 -80.12578320503064,-6.642699956637571 -80.11862540283977,-6.6488940714040865 -80.11778175872092,-6.650773167947264 -80.11538982378096,-6.6503514047932555 -80.11415505371235,-6.652468800094837 -80.11146235490355,-6.653355956112378 -80.10835170786476,-6.656238555764503 -80.10519754892744,-6.656803249969769 -80.1012300251453,-6.6612552403369705 -80.09735763074974,-6.662475466569305 -80.09684062039798,-6.662778854660303 -80.08991754036188,-6.668419003234263 -80.0868846181304,-6.669019341169545 -80.08566474892874,-6.670647859610881 -80.07958626719221,-6.673788309282841 -80.07285213471806,-6.679687500377739 -80.07222342497079,-6.679687500377739 -80.0681972501028,-6.683863758605426 -80.06673705597015,-6.68289434879496 -80.06421613666495,-6.686280727073722 -80.04990363134723,-6.696737170583802 -80.04505753557635,-6.701926708450699 -80.04274165630204,-6.702530026739183 -80.03916025194388,-6.706175565349909 -80.03733217753773,-6.706419706104455 -80.0370042325589,-6.708199739626096 -80.0352685455066,-6.708147167957307 -80.02644896524725,-6.7150317426206385 -80.02554333175914,-6.71723794957154 -80.02293932409017,-6.718754649007636 -80.01957833727022,-6.723113655770376 -80.01078295686773,-6.729739666352273 -80.0038244723213,-6.736785173796491 -79.9963649511813,-6.74126875374975 -79.99296832063106,-6.745070338225233 -79.98808145499473,-6.7475335597258805 -79.97445642922042,-6.760741949381227 -79.96846723577409,-6.775520563423086 -79.96227323971777,-6.7858922485280715 -79.95423054690195,-6.795650124753152 -79.95141744595819,-6.801847934834214 -79.95133972205028,-6.804219841871841 -79.9423154596904,-6.820094347276168 -79.9420968291052,-6.823611617382085 -79.93862795871294,-6.828303456039592 -79.93907737691916,-6.837032079766416 -79.93745350797289,-6.838294267466281 -79.93894505516994,-6.8459975723299635 -79.93595600096836,-6.85507965120479 -79.93592631794496,-6.855468750082437 -79.93252420422826,-6.8720113042781605 -79.92546784916169,-6.8813966516339775 -79.91868424408224,-6.893299818331698 -79.91393017773515,-6.897779345939924 -79.91003036480924,-6.89873564273563 -79.90876114351167,-6.900643825152329 -79.89823365176142,-6.9065505264854465 -79.89702856561553,-6.909163951854808 -79.89529037485076,-6.909653663285852 -79.89286982977848,-6.912865162097447 -79.8908010725113,-6.913256526367505 -79.88866615302032,-6.916682124080651 -79.8776046033696,-6.924424528768682 -79.86881554160374,-6.932655930826257 -79.86641263943159,-6.935041069589545 -79.86629557647927,-6.935401916265292 -79.86738550623568,-6.940884709561544 -79.86488354194171,-6.944951057145445 -79.86487114388791,-6.945376515613546 -79.86680841487617,-6.947909117111934 -79.86675170634248,-6.9494221670992715 -79.86672985549814,-6.950005173299843 -79.85401713887973,-6.958586335191129 -79.85373961888794,-6.959989666989443 -79.85035395646952,-6.962611555878382 -79.84686434231526,-6.964006542867494 -79.84363305572043,-6.969221353482467 -79.83897531036195,-6.971562742926039 -79.82416820489843,-6.982543825736741 -79.81995904407444,-6.987691402136363 -79.80468749992801,-7.000000000299465 -79.8051793571413,-7.001592755401148 -79.80468749992801,-7.0019531254362875 -79.79948854436037,-7.007533431322557 -79.79808342471006,-7.007533431322557 -79.78795623739029,-7.015451311728285 -79.78616940949041,-7.016923665594575 -79.78319442248426,-7.020953059136161 -79.77548444285236,-7.0258078576463845 -79.77096450330893,-7.03124999978759 -79.7706834076127,-7.03124999978759 -79.76839494686902,-7.0329655411266145 -79.76499390604371,-7.037079930494215 -79.76178300348244,-7.038334846275816 -79.75832951059817,-7.044694543318329 -79.75151911921176,-7.050167124812688 -79.75027406179817,-7.051167607099217 -79.74947707360786,-7.052541498691099 -79.74806725949611,-7.054971813997781 -79.74628411791761,-7.056254086256914 -79.74416875868104,-7.057775258920927 -79.74166063223228,-7.061630011315799 -79.73637771595844,-7.069749355148545 -79.73498155535407,-7.07112364334138 -79.72664535080199,-7.079329251943321 -79.72413015388315,-7.085066318655507 -79.7209129335848,-7.087209939986522 -79.7171856169224,-7.092533469643527 -79.70690906030472,-7.101754069294628 -79.69891715040586,-7.111778020738896 -79.68787741650931,-7.1225620503982014 -79.68695187562832,-7.123801708282102 -79.68359541869336,-7.130728244412708 -79.68331301178563,-7.138633847274036 -79.68436336507699,-7.138454318312029 -79.68482840090968,-7.134845733743532 -79.68522202967267,-7.142905234888488 -79.68331587342863,-7.151647448270936 -79.6861573461843,-7.155912041507349 -79.6876533027575,-7.162369727780629 -79.68895137340678,-7.165395855634088 -79.6930524114394,-7.172091126604073 -79.69373496809408,-7.1740555031587405 -79.69390130040449,-7.174534201492065 -79.69385492776223,-7.174843072749525 -79.69246733230119,-7.177592158151427 -79.69224655593342,-7.1787036653418 -79.69070672953168,-7.180743813376139 -79.68112111125015,-7.190307736412777 -79.67988383746876,-7.193088650620396 -79.67320597197761,-7.199071407619272 -79.66726613062701,-7.207031250391651 -79.66631245625456,-7.207031250391651 -79.66217160253723,-7.210315346975577 -79.65042185748234,-7.2220982311481094 -79.64626610289781,-7.224626779402186 -79.6449293856823,-7.226766789955207 -79.64374303781074,-7.228666067285019 -79.64272057969069,-7.228105306714326 -79.63253474218436,-7.2414444685870905 -79.62896656955127,-7.244121551568256 -79.6212061640328,-7.255753040270406 -79.61859154706195,-7.257714867247103 -79.61792504780234,-7.259904742509562 -79.61599290384908,-7.260182619531932 -79.61665844892804,-7.261526107743364 -79.61521482480396,-7.261965870827979 -79.61326885197568,-7.2670502662566605 -79.6111148596627,-7.267388224287018 -79.61000800106814,-7.273885130893774 -79.60483205285652,-7.2802798745163955 -79.60385024589172,-7.284086346807271 -79.60222005830892,-7.285437226546463 -79.60028362279067,-7.291998863656559 -79.59317290820297,-7.304807543333368 -79.5928664210482,-7.308783650245175 -79.59166145361286,-7.309790253317274 -79.58933794538962,-7.317528247730323 -79.58945560459216,-7.321509003237679 -79.59206235429394,-7.3268692495161645 -79.59045600863746,-7.333731531784636 -79.59174714101732,-7.340372552950782 -79.59255182740452,-7.344511509098552 -79.59089267265858,-7.352030872926321 -79.5893741143235,-7.3538305746210995 -79.58591151220637,-7.357934236875465 -79.58134937287483,-7.3665477033136995 -79.57919633384341,-7.368191838482417 -79.57716405397758,-7.375158309907846 -79.57665777163851,-7.376078367622384 -79.57408440117396,-7.377362251466607 -79.57237505886167,-7.382812500096705 -79.57209372484513,-7.383509873981396 -79.57179033765368,-7.389670372089839 -79.5707441572169,-7.390575051397391 -79.5721683505885,-7.397071718784474 -79.5748208757824,-7.398035645428479 -79.57431507098346,-7.399694203924099 -79.57467937465316,-7.4005205630733855 -79.57616615274546,-7.403105139990046 -79.57809424435351,-7.403414249567803 -79.57940864579206,-7.4070104360825155 -79.57975184956786,-7.407260537543564 -79.5829194785507,-7.4073733089309854 -79.58462607883027,-7.410963177708254 -79.58488285505936,-7.411079168668564 -79.58893394474546,-7.41117644293827 -79.58904762804514,-7.411467894327771 -79.59163272387079,-7.418095350120112 -79.58588957774157,-7.437661051815908 -79.58279579200294,-7.440611856355815 -79.58184504501239,-7.441518664054968 -79.58154201485178,-7.444375515217715 -79.57972264318511,-7.445361256716367 -79.58020961258325,-7.447681426656359 -79.5789847377552,-7.449598312711672 -79.57919727003755,-7.452915712989537 -79.57961475871389,-7.45943224460207 -79.57864654050508,-7.463032246041067 -79.57059955612439,-7.474504351494502 -79.56844045026611,-7.476144923549057 -79.56762182708522,-7.476766944138845 -79.55235063996983,-7.4962029456091415 -79.54945325816095,-7.503179550595576 -79.5439002511954,-7.509598136144859 -79.5404908655608,-7.515686273902261 -79.54158735317341,-7.5196609499927405 -79.54100336761093,-7.521838298598325 -79.5402498247692,-7.524647831931773 -79.53715765520133,-7.528823136878103 -79.5312147138876,-7.53379273384742 -79.52172613155523,-7.546315312201685 -79.51995575405454,-7.547285676192885 -79.51862120600344,-7.550624251008244 -79.51139032850071,-7.558593749801403 -79.50398202098643,-7.5666778708841775 -79.50388026276377,-7.5667889118785325 -79.4976278539419,-7.575365542985267 -79.497288084677,-7.576457900011704 -79.49559795817888,-7.581891655974928 -79.4950013542082,-7.582660458613546 -79.48132455358507,-7.600284814392424 -79.47641897215749,-7.60871160045977 -79.47229480715936,-7.612350106372233 -79.47046685236313,-7.615968465671884 -79.46373307691957,-7.623341203133762 -79.45993900268246,-7.628738045524258 -79.45748817923578,-7.634419203183498 -79.45312499961872,-7.640903950057023 -79.45300245260069,-7.640856504523839 -79.44780671570715,-7.648856043371609 -79.44137060686768,-7.6617624757575555 -79.44048833866572,-7.6639534239112095 -79.43616902797802,-7.678286910412467 -79.43602252032275,-7.678960561980162 -79.43482911547093,-7.689034461770859 -79.43558895626512,-7.694616318088379 -79.43570375472422,-7.694875240100032 -79.44049215358956,-7.702108025964392 -79.4407228233992,-7.702273965271047 -79.44437301150504,-7.7016023398758335 -79.44763255120105,-7.703851938216246 -79.4492491482292,-7.703172802582472 -79.45312499961872,-7.704799055631682 -79.45312499961872,-7.705357075068733 -79.46405565744249,-7.71017467941779 -79.46893499662627,-7.7103989785583735 -79.4690995213254,-7.71040654172829 -79.46934354336949,-7.710924267940413 -79.4687547653204,-7.7113210812047015 -79.46609675875817,-7.713112473161885 -79.46608960644983,-7.716667174850173 -79.4587904218402,-7.7250641582841695 -79.45312499961872,-7.734095930882248 -79.45270264111358,-7.734095930882248 -79.45256197455518,-7.734375000405649 -79.44892382657301,-7.736810326734954 -79.44774973376283,-7.7395601270980166 -79.44404900106042,-7.74368464912699 -79.44108414671581,-7.744882702574287 -79.43667066082199,-7.751281857371637 -79.43099927879337,-7.754523157917291 -79.43045961901595,-7.7561037541846645 -79.42828285676816,-7.756795644902979 -79.42082750758306,-7.7632113697087135 -79.41749525050531,-7.767813920975485 -79.41644871213816,-7.767559170918801 -79.40897011727691,-7.774806976360651 -79.39503085578917,-7.790352344285125 -79.3921613691517,-7.792228102544598 -79.39031851258889,-7.795348048573501 -79.3882385488696,-7.797404765717218 -79.38539123501715,-7.7983684540408404 -79.38499474551085,-7.799636006196522 -79.3864889142317,-7.8011039497873895 -79.38601195788527,-7.803254843036498 -79.38889944535282,-7.8055280449830775 -79.38912141332216,-7.811774850129041 -79.38551604742733,-7.812719225511742 -79.38163030169682,-7.820173025164877 -79.38156104130866,-7.823896408192468 -79.38360035387296,-7.822879552848988 -79.38465821740255,-7.823766112615829 -79.3815708160399,-7.829554677206332 -79.38107466726183,-7.83468925930174 -79.37820935257935,-7.83937907178651 -79.3767560724344,-7.844735861071015 -79.37209057851723,-7.849517345049279 -79.36863505856067,-7.856462001619789 -79.34867043019585,-7.8800987534544475 -79.34857904918357,-7.880206942796022 -79.34387266668998,-7.882784843145828 -79.34067904909864,-7.888449549506973 -79.3379994965793,-7.888370985632278 -79.3378573659244,-7.888366818173907 -79.33412122331544,-7.893111097199267 -79.33000016187782,-7.89834415955508 -79.32955312147908,-7.898694333076904 -79.31492054474708,-7.910156250110532 -79.3148099182427,-7.910156250110532 -79.31224811036176,-7.9126281734512105 -79.31068015136765,-7.916230558992723 -79.30933797346842,-7.9169194702571986 -79.30935776215085,-7.918633222844861 -79.31107270723928,-7.919770956064681 -79.30943024121245,-7.920003056695478 -79.30873739991077,-7.9241357706490305 -79.30831360788648,-7.926663637216919 -79.30085325217567,-7.933123945913181 -79.29866802730731,-7.93719267849923 -79.29603457493533,-7.937232732504327 -79.2904901501999,-7.943004846696184 -79.27867543722147,-7.952008247482425 -79.27061533892638,-7.956272244468323 -79.2687926289762,-7.959153056268363 -79.26061880601284,-7.96401584165757 -79.25438463724095,-7.969996451974424 -79.2454992535873,-7.973237037559002 -79.24382436250414,-7.975703477733148 -79.2369967697847,-7.979882955533881 -79.2340241668814,-7.984185456992989 -79.23242962392754,-7.983579516281523 -79.22977232962899,-7.98520004784362 -79.22766196702565,-7.987836837599573 -79.22308671467977,-7.990411043534564 -79.21507680395086,-7.99883675581151 -79.21244752443346,-7.9996347431486186 -79.20540940761771,-8.005054354574739 -79.2046328781044,-8.006772756657327 -79.19706630706418,-8.0101151463967 -79.18736350532106,-8.017526626652355 -79.18168422229701,-8.020356010818958 -79.18132424391854,-8.020535349926163 -79.18125013881738,-8.020676499468792 -79.179935455057,-8.023180604101427 -79.17010122831874,-8.029931575547565 -79.16452264810133,-8.033761143262055 -79.16070044037261,-8.03831577325424 -79.15413391634684,-8.042711734958317 -79.15292620687876,-8.045174479818172 -79.14735770189611,-8.047433018318841 -79.1369818448361,-8.057381868278256 -79.13328850276187,-8.05945873293389 -79.12823986977384,-8.066100359343977 -79.12508451923478,-8.06612706201419 -79.12498712535515,-8.069046020357305 -79.12196850774006,-8.071634650518561 -79.11966013870415,-8.076391577609016 -79.12021481985778,-8.077919363887219 -79.120522976154,-8.07820642028986 -79.12261140339342,-8.078611135894974 -79.1229895350387,-8.07897663116627 -79.12376761408387,-8.080235958122856 -79.12475371351283,-8.082399129815741 -79.12468051949008,-8.085937499815671 -79.12485341403357,-8.086708223455872 -79.12545394904026,-8.089385271213203 -79.12413990463267,-8.09213101833167 -79.11999475935053,-8.094697356097882 -79.1175508498913,-8.098881005853585 -79.11391091315795,-8.100541353100823 -79.10674273998512,-8.105855345447608 -79.10539877423372,-8.108155846314915 -79.10156250020907,-8.11077010625526 -79.09961700402118,-8.111526847086239 -79.09631633742879,-8.114433050344815 -79.09517490889459,-8.115585922751876 -79.09305751359301,-8.119227647337937 -79.08595550084544,-8.12461245050379 -79.08100426173687,-8.126866340409165 -79.07982432872939,-8.12932455538386 -79.07397067570591,-8.132148503950134 -79.07283782940215,-8.134820580405346 -79.06940364855924,-8.138156175766781 -79.06133794748803,-8.142668843392315 -79.05996525289385,-8.145174145969705 -79.05354523652323,-8.148224115750168 -79.04191567471511,-8.159595470681893 -79.03399074038003,-8.16734445068569 -79.0272202492149,-8.171609758883179 -79.02496671634046,-8.17489945914248 -79.02010965333756,-8.17792213000196 -79.01854622332917,-8.18159544507354 -79.01614344076691,-8.18393421209386 -79.01181805156153,-8.18641138118008 -78.98825776548318,-8.20824193911389 -78.98625695739224,-8.213663577611854 -78.98722422142049,-8.215854525765508 -78.983508348631,-8.223277449894297 -78.98597264302268,-8.227724314125638 -78.99071800752981,-8.225322842774872 -78.98747146123853,-8.229849457985893 -78.99111485496621,-8.233816147197217 -78.98835861725598,-8.234096408322458 -78.98681724042297,-8.23571884644737 -78.97911024114455,-8.245036959587836 -78.97777616973414,-8.248138546856367 -78.97451376929484,-8.250907659260989 -78.96595585307995,-8.261718750419917 -78.96240866163004,-8.266268372087495 -78.9620604513284,-8.266875505300177 -78.95924830456528,-8.276020408115102 -78.95783865413034,-8.282287478584081 -78.95783424385499,-8.282707214665962 -78.96024274790426,-8.287030458088864 -78.96024394040529,-8.287459135230733 -78.95925712601536,-8.290863514339406 -78.95723485920118,-8.294968247686228 -78.95172464827354,-8.300555944201136 -78.95151996617312,-8.300917148807173 -78.94830894490167,-8.31069135672061 -78.94425833185613,-8.313755154476553 -78.94138872650831,-8.319566846032913 -78.92850697061994,-8.336098075065777 -78.92451870397471,-8.343258738899308 -78.91937565835957,-8.348793148784708 -78.91575372245617,-8.355844974865377 -78.90734493721865,-8.36397874382375 -78.89765226813742,-8.380875349417707 -78.89749705774267,-8.381566643885336 -78.89678454377139,-8.39192044777026 -78.90809357156073,-8.424051999599811 -78.91589617686677,-8.430200815514993 -78.92859935797378,-8.429379820821694 -78.9344406129438,-8.426985502678477 -78.93474614591759,-8.427150845734786 -78.93570661556771,-8.429270148498475 -78.93545305711268,-8.436761736764652 -78.9349439140303,-8.437500000124786 -78.93481004274906,-8.437500000124786 -78.9345157144283,-8.438625574510482 -78.93208527591432,-8.440141558985502 -78.92902147725908,-8.445845126850884 -78.91329860654525,-8.464659929711914 -78.90948712862763,-8.465802550746858 -78.89706671235862,-8.474839568191456 -78.88472080222283,-8.48162150412891 -78.8497768644105,-8.507412075606467 -78.83704566942197,-8.515425920869419 -78.80993485450955,-8.539360642379577 -78.78751647450554,-8.562184214629681 -78.78558683426479,-8.564568638431822 -78.77965855639707,-8.572736978228733 -78.76792681217245,-8.589758514943426 -78.76347494141515,-8.597218275303078 -78.7626292702243,-8.59892177561926 -78.75705385215309,-8.613281249829484 -78.75395703309022,-8.621232509472634 -78.74999999989984,-8.634207605995883 -78.74985528009677,-8.634130358728896 -78.74325811886695,-8.657843470199865 -78.7423588040152,-8.668720245143064 -78.74128782747104,-8.66932725874591 -78.74129581435011,-8.66972184168948 -78.74215686304848,-8.67259240121804 -78.7446024416491,-8.674554229094284 -78.7468234298571,-8.680098652930326 -78.74733626825375,-8.685152769084894 -78.73848223676549,-8.710236072336684 -78.73886716368835,-8.715637207191165 -78.74121940165384,-8.719998240126472 -78.74019742017458,-8.734794140037437 -78.74128293965572,-8.740689754528432 -78.74335253239326,-8.742765546292688 -78.74460995188758,-8.742637515209083 -78.74968862492969,-8.749282956542928 -78.74999999989984,-8.74944186225197 -78.76013720027123,-8.755548954120798 -78.76097023508802,-8.756303549169289 -78.76191151140677,-8.75789845005336 -78.75684940837323,-8.767088532109781 -78.75787842255099,-8.770004629709618 -78.7613401415341,-8.771132231167158 -78.76234292968226,-8.772743820770444 -78.76234042686895,-8.773020148260926 -78.76066970863985,-8.776713013694462 -78.75391745572571,-8.787197351476493 -78.75197505950104,-8.78906250043373 -78.75197660903302,-8.78906250043373 -78.74999999989984,-8.791015624671005 -78.74999999989984,-8.791294574584754 -78.72625696618582,-8.824024915716976 -78.71282005340231,-8.840479850764225 -78.70958554723487,-8.84632086741388 -78.69328820668505,-8.867947935748376 -78.68005943299625,-8.881776928662205 -78.65731465844436,-8.913364410438831 -78.64889907792997,-8.938973546391836 -78.65085220306659,-8.940158963465308 -78.65137612830534,-8.943210721097685 -78.64890813859932,-8.964843750138883 -78.64862573169188,-8.964843750138883 -78.6483134034406,-8.97167956805744 -78.64802682367883,-8.97220277743601 -78.64615798030633,-8.980220079692756 -78.64712667425619,-8.985608816493539 -78.64809072050994,-8.987863540969556 -78.65075087555223,-8.990821957966887 -78.65359115580685,-8.989864349060227 -78.65637433540698,-8.987098574939125 -78.65862476831828,-8.986431121498882 -78.65872657337246,-8.987129449564293 -78.65847730648213,-8.995371102993786 -78.65819036968941,-8.996308565287805 -78.65734291064638,-8.997300505813612 -78.65694725481168,-8.99758970709911 -78.65010142294196,-8.998684405960446 -78.64552903133938,-9.002235055303345 -78.64165103416764,-9.002635479343667 -78.63159644641865,-9.007296443376006 -78.62542510068761,-9.012279033750247 -78.62267684895704,-9.017438650273348 -78.62264764347378,-9.020049453219457 -78.6247173549217,-9.02040016633454 -78.62629091759138,-9.024128555887799 -78.62900674336612,-9.023252010072056 -78.63441145392514,-9.028397560298927 -78.63425457438876,-9.03117275212061 -78.63917243515954,-9.046723007860308 -78.63542187192152,-9.054834007783029 -78.63283646133331,-9.057395100703175 -78.63269352938244,-9.05786764587505 -78.63445711160625,-9.067212819615591 -78.63288855546207,-9.07047593591551 -78.63271594048803,-9.070769310055425 -78.63053596046583,-9.072410702291691 -78.6305345296445,-9.07478237190874 -78.62552106374591,-9.078596949789244 -78.62412726835862,-9.08086836298446 -78.62367463147882,-9.080956816703477 -78.6219067576904,-9.080006122684324 -78.62148165715251,-9.077433943821362 -78.6131590602422,-9.07324814828327 -78.61261880421421,-9.074617147563245 -78.61690747769774,-9.08022904393512 -78.61431062233711,-9.077316165008611 -78.61117243805714,-9.075937509708197 -78.6101629733422,-9.07615196743906 -78.61152935019894,-9.079053521202809 -78.60969495805568,-9.08000302272093 -78.60523486119956,-9.075953006825742 -78.60365736489524,-9.075980067425817 -78.59232807178279,-9.078333258672743 -78.59196603260611,-9.078462957998866 -78.58568632576305,-9.082211017524187 -78.58081924880895,-9.086194515064463 -78.57587242087519,-9.091923355678091 -78.57213485284075,-9.096732377796926 -78.56753766513077,-9.103643179389067 -78.56557512319318,-9.107717513851952 -78.56596505664183,-9.109787702839824 -78.55861425364469,-9.131672859514723 -78.5584789515421,-9.132242918175976 -78.55772924430892,-9.136142253562028 -78.55782747275936,-9.140624999843752 -78.55863022830209,-9.148151755199265 -78.56096613368001,-9.154685855068081 -78.56652545928239,-9.167852758997384 -78.56937587219849,-9.170720934423258 -78.57288944699013,-9.171134233158128 -78.57744526858389,-9.16942775248856 -78.58079850684544,-9.17043662095297 -78.58372497542695,-9.168950199891711 -78.58452701600888,-9.164207220386743 -78.58613383740644,-9.163666844748732 -78.59053266075352,-9.164073466916676 -78.59057915210587,-9.165701747037716 -78.59814214744182,-9.16750705240834 -78.59827935700633,-9.162810444645984 -78.60287404100387,-9.164796948120411 -78.60518336332126,-9.16338133787832 -78.60747301566693,-9.159887552668025 -78.60829234121843,-9.160657405614657 -78.61053693303279,-9.159878731218228 -78.6110459565055,-9.163089156239437 -78.607517361237,-9.164112925570876 -78.6077532767921,-9.16612207847102 -78.60675096528459,-9.16670775385957 -78.60815715782638,-9.16949021849861 -78.60601270192439,-9.1712404493871 -78.60999333872127,-9.174209356076744 -78.61045987185412,-9.175538789842577 -78.61059176919446,-9.175914645144658 -78.61030244829902,-9.176519751285142 -78.60991404189929,-9.176734273767593 -78.60873806500953,-9.177383780336825 -78.60606384277176,-9.175253748661433 -78.60553002319176,-9.176572561274497 -78.6036343575393,-9.176512718586892 -78.60269916063734,-9.179226040648956 -78.6008539199722,-9.179875969899811 -78.60318207769052,-9.181683540662746 -78.6008466480541,-9.183915019462361 -78.60276257992876,-9.18462216897774 -78.6029715553467,-9.185829165343705 -78.60304117191237,-9.18623125576751 -78.6026508715185,-9.186249271914392 -78.59813952411957,-9.186457514402449 -78.59530925781576,-9.189585327700414 -78.59476864295834,-9.192673325313493 -78.59150135560282,-9.193265438049323 -78.58961224600802,-9.195793866693194 -78.58376491072175,-9.194528579929923 -78.58236062564214,-9.19792711704254 -78.57986497908519,-9.194602846843694 -78.576847911002,-9.194843053963666 -78.57677912725467,-9.196590542819152 -78.5783021453274,-9.198006868022404 -78.58453893652245,-9.201006054885355 -78.58476734183915,-9.203542351697834 -78.58418834211801,-9.204391479882759 -78.58187425159525,-9.203443408286503 -78.58152103386834,-9.206066370066722 -78.57946825035913,-9.207939147973164 -78.5765664573758,-9.205888271026765 -78.5754958387617,-9.206233620584968 -78.57773745022268,-9.21340584790137 -78.57666993157187,-9.21572744866269 -78.56892681102312,-9.217690348530496 -78.56839025030968,-9.221343159958593 -78.57007753854734,-9.222874403230861 -78.56798112352965,-9.226695418458633 -78.56649076973284,-9.2265448566596 -78.56472945200224,-9.22953248003985 -78.55866837484527,-9.229919672354768 -78.55546283763962,-9.233590603323492 -78.55554854842654,-9.236724376428768 -78.55841875092426,-9.236718654941754 -78.55836653718552,-9.239870548486934 -78.56207025024159,-9.239375233380045 -78.5618784374395,-9.23966253889489 -78.55833554295043,-9.24496924853186 -78.5571075699331,-9.24558775370214 -78.5551283357039,-9.246584653958521 -78.55331122853008,-9.245620608604042 -78.55299115172005,-9.242643356205647 -78.54997634902884,-9.242005944618498 -78.550002813379,-9.238403320756504 -78.55022430380819,-9.237198948672315 -78.55107164414068,-9.235160351069226 -78.55241370243007,-9.234766244765993 -78.5525698661063,-9.234541773983494 -78.55352366008864,-9.23256134992613 -78.5533157584151,-9.231838703293377 -78.55236995221117,-9.228508710708141 -78.55251491033454,-9.227954625805026 -78.55441260305892,-9.225967407369708 -78.55547964596857,-9.218899845851013 -78.5573339464041,-9.216373920020203 -78.55944716975091,-9.209416508365052 -78.55643963807856,-9.203118443660983 -78.55949842930875,-9.19796276077247 -78.56543731647878,-9.194049834831688 -78.56561994540402,-9.19077742134057 -78.5641880034733,-9.18867993343197 -78.56772685011364,-9.189488768391598 -78.56779420393917,-9.189127445075442 -78.56381690542554,-9.184415578515939 -78.56322920296506,-9.183837771295998 -78.55776500674938,-9.17983221968099 -78.55512011050433,-9.178299546486755 -78.54914140675032,-9.17584824549995 -78.54496884383664,-9.174665212529419 -78.53463101370994,-9.174694657232365 -78.50856232599017,-9.179179549296578 -78.50700795665168,-9.184639811877688 -78.50486695774356,-9.18405032156494 -78.49657607092871,-9.188712238878637 -78.49287664853824,-9.192942142565599 -78.49448132505285,-9.195022344605377 -78.49435794346397,-9.196188569246942 -78.4939485792633,-9.196904778532598 -78.49093055699922,-9.198154329858212 -78.48751533026802,-9.201500535421246 -78.48685264593243,-9.20270335707393 -78.48496735126201,-9.209407925235382 -78.48521470979068,-9.211634039579181 -78.48668670662596,-9.21300625843186 -78.48498487455186,-9.214808940480111 -78.48441445796047,-9.219501137966759 -78.48587834830693,-9.220335126064981 -78.48835265664965,-9.235168934198725 -78.49012076875812,-9.237102269753748 -78.48950183374245,-9.24229717297601 -78.49132275584009,-9.242139220548339 -78.49036836650666,-9.2451597456256 -78.49103534240675,-9.250392914101411 -78.49386394046815,-9.252677321600927 -78.49510026006871,-9.25232410387413 -78.49568581584751,-9.255199551218084 -78.4991922374316,-9.256773352208327 -78.4995594027439,-9.256918907481406 -78.5030467506069,-9.255933046372832 -78.50375616551435,-9.255932450122316 -78.50749254194696,-9.256824970595758 -78.5089415314263,-9.257824659680068 -78.50938534775523,-9.258222937938001 -78.5101344587379,-9.260645151252632 -78.51206195319617,-9.261858105566958 -78.5124112363892,-9.263429760774628 -78.5132386684295,-9.26542830437235 -78.51371645934682,-9.265784859483475 -78.51603770217775,-9.26520943636632 -78.51783251785622,-9.268078446363006 -78.51743364334786,-9.270073414256288 -78.52172231683124,-9.269393444051971 -78.52518212835224,-9.267376541693864 -78.52404165309952,-9.272439956838369 -78.5252506728799,-9.273936867592298 -78.52447271344471,-9.277159452346453 -78.51975834407205,-9.27717792981747 -78.51644682895758,-9.279255747754476 -78.51408135926715,-9.277082443399948 -78.5129941697449,-9.277255058374081 -78.50681710252684,-9.280133843102192 -78.49965143216752,-9.285657524974624 -78.49624967548186,-9.292000055757867 -78.49624991380216,-9.294481635119155 -78.49750053891842,-9.296774745358007 -78.5004779100272,-9.29597866548275 -78.50031554732436,-9.299040675386507 -78.50137746319905,-9.300283551044814 -78.49945712104903,-9.301548123746741 -78.50093400480017,-9.303675651709696 -78.49681317808529,-9.303318858278544 -78.49517440827219,-9.304983973731183 -78.49587786157392,-9.307259916811574 -78.49514245985637,-9.308689713858996 -78.49850892984296,-9.3106030224114 -78.49813437480114,-9.312262654697477 -78.49460315710974,-9.313749432789862 -78.4928697345502,-9.31307506536173 -78.49274706882204,-9.311590433051848 -78.49213230576103,-9.31150782132869 -78.49166214469204,-9.311753273294826 -78.48873174157623,-9.314617157155823 -78.48940944638841,-9.315942645436635 -78.48866152790677,-9.316406250447997 -78.48828124957981,-9.3175344463574 -78.48660743228677,-9.318375944693926 -78.48689210458656,-9.321563243648555 -78.4861092564366,-9.322908401900989 -78.48560035257398,-9.323395847939722 -78.48520040517417,-9.323608041177991 -78.4831804037525,-9.32193875287085 -78.4815368648342,-9.323424339361566 -78.48008167722742,-9.322850942416792 -78.47939014443924,-9.328424334315457 -78.48182642494936,-9.332875251791293 -78.48182094088347,-9.333218455567092 -78.48133945465185,-9.333942651731903 -78.47965693461941,-9.333867550247135 -78.47832691645385,-9.335600614876185 -78.47748124616237,-9.331836819913022 -78.47423112416675,-9.332147836952885 -78.47349882151303,-9.330400108877726 -78.47148394622695,-9.32949483421902 -78.4711680413717,-9.329030632957156 -78.47102975801661,-9.328217864362855 -78.47242951411039,-9.32766735516418 -78.47198927438518,-9.323583841321025 -78.4695655106394,-9.320899844352269 -78.46790564093246,-9.32023680208637 -78.46706116224266,-9.320071816061173 -78.4649244548994,-9.31984794152919 -78.45951414066482,-9.321454524606523 -78.45770084841524,-9.322999715464277 -78.45945012602235,-9.323995112983894 -78.45543086514189,-9.329825520331383 -78.45521485787924,-9.327126860815795 -78.45407104524227,-9.326867103333782 -78.4517239334125,-9.33085525036934 -78.44811761423631,-9.328956008113153 -78.44900834595802,-9.326605319679473 -78.44325351673623,-9.326550841447855 -78.44171893607984,-9.327815174930208 -78.44324254950362,-9.330384850080478 -78.43952310100988,-9.33388090158219 -78.43950700764216,-9.336069345124045 -78.44060981299214,-9.3363846537286 -78.43841862651811,-9.340655445991914 -78.43672704671565,-9.340992212420431 -78.43471014525664,-9.338516474155725 -78.43092822985358,-9.343021750253243 -78.43143665797515,-9.339820742932616 -78.42738485332822,-9.340280056379356 -78.42509675051434,-9.341875672224319 -78.42357277826088,-9.345694422958971 -78.42427015304486,-9.34883368013017 -78.42642617242956,-9.350157857199136 -78.42864954474055,-9.348272442918713 -78.4281940462181,-9.35336244112358 -78.4301511049893,-9.35329306112557 -78.43092334293755,-9.35479521762511 -78.42892336851824,-9.355988025326965 -78.42853581917257,-9.354681968697719 -78.42652225509786,-9.35520911261024 -78.42738544957874,-9.360513567646876 -78.42478156062026,-9.35960841169873 -78.42385840384213,-9.357944727067334 -78.42435514887069,-9.36198043834645 -78.42348432544088,-9.362541913878033 -78.4142717126692,-9.359710455073369 -78.41215765475152,-9.360298752884901 -78.40923571605535,-9.362786650883095 -78.40909540652737,-9.36320483653391 -78.40923905343925,-9.366286873440131 -78.4098078008891,-9.36761534207399 -78.41182124625323,-9.369337320760565 -78.41439676250025,-9.368374467007925 -78.41891050301697,-9.36935245994789 -78.42297255993546,-9.368680357912083 -78.42320346806514,-9.370528459320795 -78.42953431575566,-9.371556043576348 -78.42742407366171,-9.376267552205462 -78.43002343183556,-9.376144051906309 -78.42952716344757,-9.3780368568153 -78.43199408026223,-9.378592252930005 -78.43132162119548,-9.38095271609484 -78.43279254424019,-9.381538510193934 -78.43260705457158,-9.38349890724858 -78.43377923991957,-9.384401440773743 -78.4330717324743,-9.386050462858307 -78.43459272347519,-9.387931347253655 -78.43359434560239,-9.390758752813909 -78.43157684789287,-9.390504002757396 -78.4326025246865,-9.394395827905058 -78.43086373767096,-9.392610549537167 -78.42758214479983,-9.392054676781612 -78.4263414140249,-9.394791841669772 -78.42733561994251,-9.400465131160672 -78.4306651349876,-9.39968526336402 -78.42753970579241,-9.40555095651122 -78.42840635816674,-9.407764315770478 -78.42540061434659,-9.409795880675134 -78.42739713177201,-9.409884810135637 -78.42776274665323,-9.410920739200392 -78.42408347087505,-9.414729714304784 -78.42399585262612,-9.416599869788058 -78.42636406434974,-9.41576564336954 -78.42411887628475,-9.4184111358651 -78.42160058030217,-9.41912364983638 -78.42247104670105,-9.4222710134963 -78.42037725410663,-9.422937035215853 -78.42001831489299,-9.422907113872057 -78.41884315009108,-9.420025945041246 -78.41960573201862,-9.41843533482269 -78.41634202036764,-9.417559623577475 -78.41611588044327,-9.417801260619584 -78.41545474563975,-9.420382857183043 -78.41810321848851,-9.425642013368076 -78.41696560397924,-9.428039073544213 -78.41626214977805,-9.424767971264671 -78.41407096420346,-9.42276561274248 -78.41048371784899,-9.426489352801184 -78.40697884579686,-9.425122142272926 -78.40751743358243,-9.437194227731325 -78.40304875359675,-9.43478882274573 -78.40095996842746,-9.432413458713938 -78.39843749959056,-9.431361555890874 -78.39599931251786,-9.430738806850357 -78.39517772157433,-9.432168841318799 -78.39148294957806,-9.433700680841582 -78.38858163323533,-9.437111616008167 -78.38420474525253,-9.445733546865611 -78.38409161593506,-9.446079611384704 -78.38352441801717,-9.451031923384292 -78.38452267628026,-9.452720046192852 -78.38398015485993,-9.454101323916873 -78.38573265114056,-9.455647468955362 -78.38968610772744,-9.454836606923621 -78.38989043279685,-9.45502483862505 -78.38983464245456,-9.456442118009036 -78.3931136129026,-9.458306551106276 -78.39374434972183,-9.461977839105842 -78.39526724818472,-9.46180295963849 -78.3955192562085,-9.461943626197254 -78.39843749959056,-9.464006543267217 -78.39909231665689,-9.4649881128109 -78.39922320848405,-9.465732455588181 -78.39890801948931,-9.46642541919762 -78.39843749959056,-9.466796755565667 -78.39738845841032,-9.466768980004261 -78.39708685907095,-9.470507145188506 -78.39732825779248,-9.471310139051369 -78.39843749959056,-9.471261143986297 -78.40212774260101,-9.47020387670733 -78.40327954301631,-9.4740747215709 -78.40488266909958,-9.474985360685778 -78.40486633741122,-9.475304365503987 -78.40443646866777,-9.477290272727714 -78.40253233949556,-9.479194164478898 -78.4013580083651,-9.476598858650163 -78.39986407796457,-9.477901577895352 -78.39843749959056,-9.47767853703455 -78.39843749959056,-9.477399468410525 -78.3948255776379,-9.478077769473217 -78.39781534680054,-9.479644418155118 -78.3973207475542,-9.48103153697572 -78.3959047793818,-9.481377959425018 -78.39843749959056,-9.483258843820366 -78.39924585790968,-9.485874772002788 -78.39843749959056,-9.486049056118816 -78.39843749959056,-9.486328124743025 -78.3976808783695,-9.486301541682565 -78.39843749959056,-9.488002061645716 -78.39843749959056,-9.488281249879677 -78.39684772484236,-9.490458845798813 -78.39327275783131,-9.491163254180577 -78.39334654810449,-9.492187500152696 -78.39306354494641,-9.492187500152696 -78.39303100117937,-9.492871761022712 -78.39469802409428,-9.496818899872167 -78.39392685903687,-9.49806904834766 -78.39392185251126,-9.498360633736027 -78.39526784443524,-9.498199820564892 -78.39493930320589,-9.499698758390664 -78.39700973051441,-9.498671650775705 -78.39730834950032,-9.49873077850242 -78.39751636988416,-9.499766349637127 -78.39673186608235,-9.501735417954947 -78.3962707835461,-9.50289271162616 -78.39614486689175,-9.503208756578672 -78.39261853701564,-9.50508391858763 -78.39461541147193,-9.507970451874783 -78.39205646523328,-9.50896680357495 -78.39216315720375,-9.510346173836695 -78.38771021355518,-9.516141653314435 -78.38610577626025,-9.520975828571423 -78.38707757017332,-9.524668812715333 -78.38633346571652,-9.526322960935772 -78.3877186770751,-9.529633045228664 -78.39118015773784,-9.530080437262214 -78.39291651113126,-9.532050031008183 -78.39303493481401,-9.532184362518095 -78.39287843389212,-9.532200656435066 -78.38758015629884,-9.53275227539713 -78.38852524754179,-9.53409123462258 -78.38808226578357,-9.53581070869717 -78.38193583487046,-9.539654850890443 -78.3821115498078,-9.541384458525783 -78.3845454453159,-9.543158411731 -78.38228034985792,-9.547245740498354 -78.3741731639602,-9.549293637091381 -78.37449705569426,-9.551506876740703 -78.37230265144589,-9.55129003490697 -78.37257957428773,-9.553104162626838 -78.36906945738923,-9.555412530763476 -78.36651837842018,-9.560204267912411 -78.37108814759961,-9.5640710595314 -78.3698632718721,-9.564809918242943 -78.37146723252644,-9.56632435318626 -78.36855184988775,-9.569561243456306 -78.36988961661217,-9.571652174408158 -78.36867070159127,-9.572481870941502 -78.36653494842875,-9.571023106730834 -78.36788010578209,-9.573792934096517 -78.36651635134825,-9.575384259275964 -78.36785185357982,-9.575491547496682 -78.36564660080973,-9.581622600902179 -78.36754775052793,-9.583845973212888 -78.36708545672806,-9.585230350899863 -78.37082850972769,-9.584727525554584 -78.37239205844645,-9.58647155741609 -78.36998724971139,-9.588086128271954 -78.37019014395955,-9.589988827522191 -78.3686286214135,-9.590823411870673 -78.36858010298903,-9.592451452772053 -78.37013900311217,-9.593433856886818 -78.36980903106178,-9.59511196574455 -78.36690282780302,-9.595209240913633 -78.3655219080093,-9.597839712932242 -78.36715984325184,-9.599486947164806 -78.36839282546825,-9.604892253974242 -78.36560320852087,-9.603000402346439 -78.36496400818226,-9.607018828655754 -78.36833953883831,-9.60862004727717 -78.36900472598705,-9.61023461813285 -78.36703836912517,-9.610795855344136 -78.36312234412054,-9.608345150608102 -78.36183452574238,-9.609127640827651 -78.36360764527618,-9.611205935405508 -78.36271524441264,-9.614238738926545 -78.36602020256993,-9.620146274830645 -78.36393082115006,-9.622356057485902 -78.36543893835602,-9.623815417047553 -78.36656928094737,-9.623129606645833 -78.36875891699026,-9.625249147729633 -78.36928074321133,-9.627589306001326 -78.36942636953103,-9.628242373886351 -78.36873333288358,-9.628457116976861 -78.3674069643597,-9.62886810328024 -78.36710935441278,-9.63076702357911 -78.36703765416394,-9.631224513200507 -78.36659760599457,-9.631494922252628 -78.36558890300506,-9.632114768281795 -78.36345374609309,-9.630825042441543 -78.36301004847462,-9.62575066096413 -78.36038565677245,-9.624137520929779 -78.35684382887916,-9.626793742337227 -78.35452914210589,-9.626724958589818 -78.35502755627635,-9.628893375128953 -78.35221922353799,-9.629600167613404 -78.35307347785843,-9.631315827663244 -78.34935200229285,-9.633956074413007 -78.3476972578218,-9.631664752925886 -78.34655845171105,-9.634231448622316 -78.34391880031225,-9.63376927353292 -78.3450311420732,-9.640208244015142 -78.33914601817395,-9.640690446107001 -78.33996117087094,-9.64438486107214 -78.3388452534054,-9.648331761601312 -78.33742940394364,-9.64941275119736 -78.33454644636112,-9.649404049357315 -78.33536565320213,-9.652786612711793 -78.33674466643293,-9.653696179834483 -78.33641004578664,-9.655334353397507 -78.33451831376877,-9.657013535146362 -78.33067262204352,-9.65573084380317 -78.33011257643409,-9.658976554624076 -78.32751774814523,-9.658547043810941 -78.3249275684521,-9.659485459386318 -78.32427215603485,-9.661464333911809 -78.32270705688492,-9.66141617341755 -78.32178544963841,-9.66341173666224 -78.32328891734937,-9.665030837403108 -78.32274103147324,-9.666738152643305 -78.32027935950447,-9.666873812676116 -78.3198095563657,-9.667968749857835 -78.31946325262683,-9.667968749857835 -78.31886410719261,-9.671675204946553 -78.31877136190843,-9.672403931895829 -78.32194387870669,-9.673153877449309 -78.32361185580214,-9.67461597904412 -78.32367122184917,-9.674930929718371 -78.32340955690523,-9.675885319951263 -78.32094383259152,-9.676668047592017 -78.31987035233473,-9.680335402856286 -78.32131886517323,-9.682119250402934 -78.31659841548421,-9.683844208543078 -78.31400930868239,-9.681389331852088 -78.31466281453697,-9.683732152116988 -78.31369864957273,-9.68509662151179 -78.31083285824957,-9.68374681466345 -78.3091050384665,-9.68448674716548 -78.3056819435667,-9.688531279894562 -78.30494463438703,-9.69134020798407 -78.30832171457513,-9.695123076668509 -78.30719792804172,-9.69610273875027 -78.30491292519105,-9.69568657837273 -78.30342507330829,-9.697899341381287 -78.30039465388995,-9.6981172561064 -78.29882371454252,-9.699411153901352 -78.29950785670198,-9.70133233062235 -78.29859757461816,-9.705008864367258 -78.29550576208095,-9.70518636715697 -78.29523944854157,-9.707086443983968 -78.29804754295952,-9.707417011385772 -78.29807794094376,-9.70919394494446 -78.29519975156705,-9.708229065019168 -78.29596745963022,-9.712696552503829 -78.29316842588204,-9.713415265501922 -78.29386436894515,-9.716919779623936 -78.29843580726629,-9.718457103212543 -78.29658412925403,-9.722179055418977 -78.29759466686016,-9.724518418689811 -78.29636073136228,-9.72713053194839 -78.29429686101105,-9.727278233003872 -78.29186213003297,-9.730849146770595 -78.28892207179575,-9.729497552070256 -78.29062795621508,-9.732151269764998 -78.29022002193616,-9.73298585411375 -78.28946721563915,-9.73189067861172 -78.28778815260085,-9.732532978014277 -78.28892195218592,-9.737862348768047 -78.28672373301362,-9.737168312267684 -78.28501832523534,-9.737890243939376 -78.28370702286048,-9.736944913476762 -78.28167092807047,-9.738525748064617 -78.28043425053994,-9.741486549164634 -78.28225684177949,-9.743109941470294 -78.28171253160787,-9.745411157298932 -78.27933836007693,-9.742861747471423 -78.27566933657025,-9.744172453595766 -78.27536070363334,-9.747497916295643 -78.27623927562192,-9.748458146725923 -78.2747633460512,-9.750210046756038 -78.27582848059967,-9.751663446510548 -78.27366340144451,-9.753377914059357 -78.2747956514977,-9.754606843031198 -78.27097976240586,-9.758212565957024 -78.26919901392307,-9.757844805293416 -78.26751422849856,-9.75895953205658 -78.26887762590144,-9.76081395120282 -78.26450955846914,-9.758128762632126 -78.26166343711759,-9.759068846450035 -78.24568605466754,-9.772150635842834 -78.24442207821602,-9.774693846643643 -78.24639141543136,-9.776402950635386 -78.24578177940526,-9.777842641124792 -78.24321186503525,-9.777289509502864 -78.2400318379988,-9.781480431176831 -78.23640584974993,-9.782395244045134 -78.23651135011846,-9.787322759937254 -78.23242437838195,-9.789368271528375 -78.22949945933235,-9.792157768865764 -78.22721624343464,-9.795629024259824 -78.2265100480999,-9.797323942345884 -78.22643005880002,-9.798080563566856 -78.22773444628737,-9.800092816430208 -78.22606396637849,-9.80621814744923 -78.22828221345296,-9.807935238320411 -78.22698497737449,-9.813640355717666 -78.22913885097688,-9.814970970134098 -78.2278251644995,-9.817374705977798 -78.22779071327045,-9.822111249034691 -78.22958874672315,-9.822197079431604 -78.23001515847244,-9.82436656976121 -78.23229622858781,-9.826376557232166 -78.2325936559723,-9.830186605227496 -78.2364151478406,-9.82988834417155 -78.23360061607517,-9.833076834727848 -78.23784244027604,-9.832092642761168 -78.23850250218845,-9.832556844023031 -78.23890483369087,-9.833605646882972 -78.23904395071756,-9.836028456447949 -78.23830687985838,-9.838551401925542 -78.23614335023518,-9.841832637765734 -78.2393567565087,-9.843749999562718 -78.2355742457544,-9.849730968709153 -78.23551881334242,-9.85418534317887 -78.23573541685568,-9.85451793675307 -78.23779571060311,-9.855705737929242 -78.24216580420813,-9.854776740054163 -78.24356794350541,-9.855864048287131 -78.2426539661073,-9.865095973100452 -78.24540543561216,-9.868509650299941 -78.24413943298828,-9.869611263148968 -78.24482297889722,-9.872921705372164 -78.24459695858258,-9.873420954113627 -78.23475384731188,-9.881534338139048 -78.23446214231387,-9.882183551529465 -78.23419594748475,-9.88303923577196 -78.23516535729522,-9.885558009294598 -78.23418855685603,-9.888304114343285 -78.23431623000977,-9.888784766004065 -78.23755753055534,-9.892108917492365 -78.2307653423463,-9.893389702272728 -78.22931492294501,-9.895499825656216 -78.2289830443317,-9.900961756479674 -78.2275797125333,-9.90243756733976 -78.22806155669511,-9.904514074065176 -78.22679185875685,-9.90478384459864 -78.22626125785052,-9.907192945797703 -78.22854447374812,-9.909851551307852 -78.23153924943637,-9.910874843998528 -78.23130345349128,-9.913361072855096 -78.22943806621356,-9.913378119504515 -78.23237645620827,-9.918045044243172 -78.2323641777644,-9.918470501812081 -78.23102927178317,-9.917135835050615 -78.22753167164888,-9.918244003957298 -78.22499334776455,-9.92312490978641 -78.2245354651393,-9.924911141435942 -78.22483134299193,-9.926267027700888 -78.22604322441504,-9.927097201774373 -78.22954595068478,-9.927817940944948 -78.22598755368239,-9.934003234261766 -78.22598755368239,-9.934301018676848 -78.22710883650322,-9.939503073308074 -78.22762167490004,-9.940863847388428 -78.23035907720922,-9.9421309229037 -78.23351645482032,-9.941802024643508 -78.23007452451935,-9.945973873495305 -78.23163735827723,-9.948781967014 -78.23458862296621,-9.949326634216632 -78.23474706276076,-9.950177109835366 -78.23489165312691,-9.950953245195791 -78.23445160225936,-9.951259790806546 -78.23032581848145,-9.954133868483112 -78.22590625317065,-9.954991936828108 -78.22792720787396,-9.955472350168591 -78.22699487171565,-9.958268642783395 -78.22322034873989,-9.958204627241628 -78.22349703326131,-9.959205507927607 -78.22139787711001,-9.96069943922761 -78.21828114975506,-9.960251450943545 -78.21703076385836,-9.962522149177687 -78.21016037420162,-9.966882228831722 -78.20966792073781,-9.970487356406153 -78.21139907880405,-9.9733220338845 -78.20945930500255,-9.977848172455097 -78.20542263954297,-9.98197555522745 -78.20396566408377,-9.981723427593934 -78.20462787177848,-9.979907869952015 -78.20383667971879,-9.979565143716172 -78.20272815198243,-9.981809258889953 -78.20055794759105,-9.981986045819227 -78.2030483484022,-9.98311603048036 -78.20129275305774,-9.992282629439629 -78.20283985137769,-9.9932061432486 -78.20263791041089,-9.995557308323058 -78.19771361319238,-9.994163155904744 -78.19795525113383,-9.99691450579968 -78.19593214974859,-9.997828722417466 -78.19563531861479,-9.998113155497492 -78.19448602191207,-10.000204444379293 -78.19422435786768,-10.00142276314979 -78.19424593440195,-10.001904726022147 -78.19640874906423,-10.003865838037783 -78.19742894179205,-10.006848811922922 -78.19750154046358,-10.007319927172674 -78.19648754586336,-10.009848833356685 -78.19807875143289,-10.01241230948041 -78.19516515754577,-10.018044948715186 -78.19750654698925,-10.018529057370031 -78.19751694944733,-10.018552452333509 -78.19764065749018,-10.018830656709227 -78.1974380807024,-10.019058774242708 -78.19701850380062,-10.019531250166963 -78.19673514361182,-10.019531250166963 -78.19434177874979,-10.021899223570188 -78.19231700912226,-10.019854426040752 -78.18905377411215,-10.022230625542718 -78.18982732327206,-10.023625850852227 -78.19235384445403,-10.024602532580516 -78.1920782328238,-10.026840329117661 -78.18842792510833,-10.027504920915263 -78.18434524493688,-10.031626105560179 -78.18162822756037,-10.038068651746755 -78.17641377487553,-10.043852329421242 -78.17611646620156,-10.04817891112765 -78.1779960393855,-10.052602410073007 -78.1763360500683,-10.053308248376723 -78.17290055711464,-10.061876177643413 -78.17580413795031,-10.066239118939933 -78.17969441446547,-10.06715643372219 -78.17845702197371,-10.068410039191761 -78.17616176595254,-10.068171859143902 -78.17648053155116,-10.06985437827663 -78.17325067487849,-10.071627139880448 -78.17130374876865,-10.075460553161918 -78.17070233794209,-10.076956629344593 -78.16885447485376,-10.082613945077355 -78.16815125897313,-10.08672940733608 -78.16820561849428,-10.090143442465788 -78.16973745801687,-10.095688224232049 -78.17019796396448,-10.096067667088917 -78.17420494550146,-10.096569656964007 -78.1827191114975,-10.100564837596906 -78.18437695503223,-10.102825761099908 -78.18409824343905,-10.105162144017442 -78.1856745967051,-10.109383557205334 -78.18571996660279,-10.109505057412392 -78.18560993275204,-10.109542323519292 -78.18174994000734,-10.110849618514933 -78.18088305021237,-10.115605711933938 -78.17936110503075,-10.117478966480974 -78.17638206478009,-10.11451613920839 -78.1735408303449,-10.115786910037755 -78.17448914026136,-10.118930935414156 -78.17300927615676,-10.120645880502664 -78.17444920496638,-10.123933553690406 -78.17246603977554,-10.128608465308218 -78.16935884973083,-10.130762815551307 -78.16955125338728,-10.136903643688143 -78.1654622554783,-10.140193939298698 -78.16501915411027,-10.14265537294689 -78.16588245021467,-10.14357679133576 -78.16607797182076,-10.14378547631857 -78.16387975174894,-10.147382020763317 -78.16192928950477,-10.148707374145829 -78.1538347004109,-10.1542077060205 -78.15482546552238,-10.156533620829876 -78.15492975720221,-10.156778454961511 -78.15447882094054,-10.156915517936525 -78.15258872478967,-10.15749001475207 -78.14960453412175,-10.162285493980008 -78.14839315451997,-10.164232135004923 -78.14764479342676,-10.164133414710662 -78.14564144579589,-10.163869142546687 -78.14416382999656,-10.166178929813569 -78.1435736418099,-10.167101502032452 -78.1422893056068,-10.168060499492213 -78.13959801153868,-10.170070052590532 -78.13766932457938,-10.171316861883497 -78.13454961777023,-10.171246766924597 -78.13363361330036,-10.174551248441276 -78.13098454510043,-10.177385449278773 -78.1241699457861,-10.17747735999194 -78.1238181588808,-10.180967927427744 -78.12109720697026,-10.181381821513767 -78.12191224095676,-10.182547807834865 -78.12083447003448,-10.184913754166246 -78.1176041367213,-10.185310721212502 -78.1151478292087,-10.195312499871832 -78.11491930518136,-10.195312499871832 -78.11460304239614,-10.196161031805971 -78.11276054376398,-10.197255372737189 -78.10755980034435,-10.198524117393802 -78.10548377025935,-10.201334476304638 -78.10535085225962,-10.201666474527954 -78.10370731334143,-10.201064347841125 -78.10319697865722,-10.201459765355779 -78.10086202656112,-10.206043839151533 -78.10066413883862,-10.206304549914734 -78.0988450045929,-10.206954240845292 -78.09860217594931,-10.207336306125413 -78.0975668431349,-10.209596276346787 -78.09680485745793,-10.211964726390775 -78.09727275403401,-10.222021222501212 -78.09512293367601,-10.222028136489001 -78.09248685798184,-10.225841403158086 -78.08719205896597,-10.230435252584556 -78.08778274088047,-10.232259035425926 -78.09040784844325,-10.232830524009401 -78.09337210653709,-10.243127227239455 -78.09224140601589,-10.243545651210653 -78.08915567379512,-10.242022156497242 -78.0901366470882,-10.246390223929623 -78.08781766875012,-10.248963356073958 -78.08500504534618,-10.24878895324747 -78.08322465389449,-10.246996759992342 -78.08185195930014,-10.247741937340336 -78.08789634683862,-10.259462833043145 -78.08860397299452,-10.263692140479762 -78.08536124252709,-10.265482425373435 -78.08729450433779,-10.275458987941775 -78.08752286468808,-10.276637435269222 -78.08569228746859,-10.278993085262599 -78.08337306991103,-10.28197753403579 -78.07844877269233,-10.282580614003976 -78.07640707512621,-10.283859014681639 -78.06865537144787,-10.291787266968598 -78.06396687017451,-10.2950111629346 -78.0582742695417,-10.302124977485633 -78.0583360196913,-10.30628955351979 -78.0613056422414,-10.306500554257028 -78.06240296352573,-10.308367967707298 -78.06004214243058,-10.315434336725048 -78.05711817756159,-10.315974235722209 -78.05847632921902,-10.318200350065823 -78.05581700784828,-10.319583773572063 -78.05418777444586,-10.324125647580331 -78.05537664851315,-10.325922369821185 -78.05402600799354,-10.327427148743723 -78.05664455859932,-10.329053521402585 -78.05984485185814,-10.328698754144071 -78.06191587451775,-10.330874443500662 -78.05818414668079,-10.331025242720614 -78.0574070218164,-10.331955313486802 -78.05592465399928,-10.342272758680636 -78.05484724010785,-10.34284174445078 -78.05585750611871,-10.344801277256934 -78.05612266043215,-10.345315575253395 -78.05498460498174,-10.346291249270351 -78.05054330782707,-10.350098847983205 -78.04687500018096,-10.35128343138497 -78.04687500018096,-10.351841449922759 -78.04399526127196,-10.35213685023514 -78.04284214964514,-10.355928659080192 -78.04146015606113,-10.355800747606239 -78.03708374471873,-10.358483314653043 -78.03615593934487,-10.36040484930426 -78.03268992879697,-10.361292720282691 -78.030993938719,-10.360530972925773 -78.02728676776985,-10.362661361632277 -78.02630293373295,-10.363369941969168 -78.0171054601486,-10.3710937495768 -78.01679766178225,-10.3710937495768 -78.01198351352798,-10.375278234802593 -78.01139092415167,-10.375928402373745 -78.01019310992376,-10.379543542999812 -78.00782024870514,-10.380371808711644 -78.00749444950881,-10.380693316343368 -78.0050187112441,-10.384181618386847 -78.00409674606772,-10.386060356999792 -78.0020719764403,-10.393067717900749 -78.00207042690849,-10.39696013929867 -78.00440180330025,-10.398589134380785 -78.00547635554912,-10.402214645989048 -78.0122251514693,-10.401824116289802 -78.0128972526058,-10.40298664561682 -78.01492852613029,-10.409073021602424 -78.01523935790965,-10.410004377499902 -78.01362025716895,-10.413602113546574 -78.01167593549562,-10.414636978713375 -78.00988686108957,-10.415589213271247 -78.0103848588738,-10.416851099697979 -78.01099741499831,-10.418403267496629 -78.01082742244733,-10.418662667048238 -78.00947054782722,-10.418419091067975 -78.00866985353065,-10.418275356022676 -78.00740706958027,-10.420860052549088 -78.00080096729044,-10.425874948370009 -77.99906432605741,-10.42580151602705 -78.00119674183594,-10.428145766213902 -78.00102794178582,-10.42881405332578 -78.00034570708848,-10.429265379893096 -77.99806833228746,-10.429121375051096 -77.99832952059046,-10.431130528850602 -77.99815785889777,-10.431394457388208 -77.99730324754665,-10.431936145136902 -77.99626123906467,-10.430658459420115 -77.99385964900335,-10.430967450287497 -77.98138153582909,-10.440965652342669 -77.98091065889946,-10.441750764985741 -77.97940671454782,-10.448282003211716 -77.98039042987409,-10.449097752159403 -77.9785219435326,-10.450451731861804 -77.97693240620535,-10.456146121246277 -77.9754481318254,-10.457275629266547 -77.97523403202467,-10.459187746217268 -77.97500312299553,-10.459444642056454 -77.97114753692901,-10.46247196241076 -77.97092390071708,-10.465092658798838 -77.96676135085539,-10.467467665800044 -77.96450054606314,-10.471142410793405 -77.96537351617462,-10.472260951581305 -77.96431493768398,-10.473027110112767 -77.96553635641732,-10.474593758794668 -77.96427321453697,-10.476143956178547 -77.96265864368121,-10.485721350159807 -77.96382820570685,-10.489563703601803 -77.96611905055346,-10.491489171887679 -77.96602041111268,-10.492750640129728 -77.96599042411844,-10.493134140727932 -77.96558676611613,-10.493328905104647 -77.95282125479685,-10.4994882340946 -77.95360195626503,-10.500033735868044 -77.95260512792407,-10.502267837090827 -77.95019745844581,-10.504783511549434 -77.94851696458599,-10.504782676978621 -77.94304954969664,-10.509114623141116 -77.94169843163718,-10.511405229667346 -77.93874180339137,-10.51296985127749 -77.94006586085044,-10.516082644098503 -77.93434143051249,-10.518865227448103 -77.9312188629599,-10.523335456965597 -77.92833566705707,-10.524452924862388 -77.91668725041586,-10.534756302860913 -77.9139782190193,-10.539973854609428 -77.90783894041436,-10.546456456600097 -77.90783894041436,-10.546875000180776 -77.90755522229531,-10.546875000180776 -77.9044473172896,-10.553072571941371 -77.90221107028435,-10.563361525713631 -77.90299391753493,-10.564625144234654 -77.9072357417358,-10.566319346460276 -77.90911597412264,-10.569237818270452 -77.90918195288447,-10.569340229467926 -77.9089738119917,-10.569636369023115 -77.90412974329274,-10.576528429643204 -77.90097773103716,-10.583534836363427 -77.89930450909554,-10.585586547880723 -77.8908969163594,-10.597464681050042 -77.88860261451879,-10.601430058150584 -77.88658833548297,-10.60556244834818 -77.88578033419486,-10.608117460951973 -77.88648414632593,-10.613073468265853 -77.88567614593703,-10.614815116024658 -77.87091743928815,-10.63597321489182 -77.86822414422863,-10.638216853424822 -77.85139949339157,-10.660194582713643 -77.84598207451273,-10.667271256163374 -77.8437122108495,-10.6697823998377 -77.8422344178839,-10.671159680074936 -77.81167864825062,-10.699637174915509 -77.8074604276564,-10.70812666441391 -77.8054063320364,-10.72265624988593 -77.80492734951733,-10.72265624988593 -77.80543625338018,-10.724670171890821 -77.80510330187559,-10.725583553038419 -77.8037067653546,-10.72759175265702 -77.79991173783614,-10.732115865055064 -77.79949355128605,-10.732526778787701 -77.79066264586402,-10.73985075950472 -77.77791583504737,-10.749696731518853 -77.77546060042607,-10.750198244752994 -77.7703354360313,-10.757860541430674 -77.76559734344238,-10.760405540083482 -77.76235592328689,-10.764510274329396 -77.76197111597395,-10.76679050897468 -77.76475775256796,-10.768007754853798 -77.76656174672681,-10.770815610951558 -77.7661075594161,-10.772487878712539 -77.75670230376804,-10.777506947387522 -77.7529596086988,-10.782784462332927 -77.74880754942853,-10.786099911081806 -77.74564945685671,-10.791720747614207 -77.74458730176218,-10.79983425124955 -77.7465926406374,-10.800117611438452 -77.74758887272799,-10.801548361767246 -77.75094282595026,-10.80103433176886 -77.75516676893108,-10.804265141722738 -77.75100767606301,-10.809547066943495 -77.75316476833899,-10.812329769003568 -77.75043320622711,-10.816291570399486 -77.75152385274325,-10.819882631677956 -77.74917864837582,-10.81916654110286 -77.74632346635462,-10.822157025226389 -77.7312190531166,-10.832634806950594 -77.70839333508411,-10.852870821930551 -77.70532405416145,-10.861816644522236 -77.70617091695397,-10.863742351128408 -77.70877707040523,-10.863937020177104 -77.7093417646104,-10.868629336374568 -77.70670926551978,-10.868453144796618 -77.70614397506426,-10.869671702786775 -77.70877182465978,-10.8700386288794 -77.70915520205068,-10.871466636276082 -77.70907187446701,-10.871889710641497 -77.70598995717054,-10.874477148301452 -77.7066229584826,-10.876235604389393 -77.70578706292247,-10.87743306158643 -77.70297980307521,-10.877650618381054 -77.70319616826828,-10.88121437983962 -77.70219290258024,-10.883224964460183 -77.7043544051314,-10.884031653637592 -77.70396616780405,-10.885520817631402 -77.70364987893845,-10.886734008467457 -77.70343054050517,-10.88682051102893 -77.6986612082477,-10.888701439119984 -77.69733715078854,-10.889920830781321 -77.69531249987168,-10.893136143618008 -77.69048094793715,-10.898437499590798 -77.67888104882095,-10.914693236603355 -77.66753303991754,-10.940426945746609 -77.66171145402001,-10.949944138211208 -77.66122174258913,-10.955040335442803 -77.66409051426552,-10.956684708932087 -77.66442966479684,-10.95935594991694 -77.66043901404902,-10.96723294264605 -77.65866863744745,-10.968653321093612 -77.65146934953052,-10.985628604776153 -77.6489938495861,-10.998046040691932 -77.65136945283763,-11.004642843991817 -77.65454375748806,-11.005992412519689 -77.65854656707018,-11.00490665471824 -77.65905904753686,-11.007686734355232 -77.66256785412301,-11.013497353020298 -77.65536034100654,-11.021034955998346 -77.65206432300988,-11.027453779867926 -77.644402623482,-11.037477970531782 -77.64258003224239,-11.044397711385159 -77.64258074720328,-11.048968673065431 -77.6395082476073,-11.052902340969993 -77.63705480083817,-11.054152250226096 -77.63871657890681,-11.054999113018425 -77.63742411103357,-11.059384227100239 -77.63542687864725,-11.061482548680544 -77.63670992881984,-11.064630270270598 -77.63858020301376,-11.066115021290855 -77.63994622194036,-11.071944951997764 -77.63696491719702,-11.07397544401131 -77.63676595658342,-11.074218750195044 -77.63198113432165,-11.080366372709832 -77.63157510750494,-11.081041336388466 -77.6297354696159,-11.086075544250775 -77.63035941115771,-11.089624046911993 -77.63446295290277,-11.0902198549621 -77.63522768061264,-11.093298554484434 -77.63032734403151,-11.095806241164965 -77.62594723737476,-11.101927757260057 -77.61705744254675,-11.109485268530094 -77.61466097862086,-11.11318171056736 -77.61292541027919,-11.116472721138976 -77.61262834082493,-11.121096253588945 -77.61281192303142,-11.121550321290073 -77.61427855451143,-11.12290573091451 -77.61931192870219,-11.124543547446606 -77.61986207997074,-11.127138733665234 -77.61853647208017,-11.130705713797298 -77.60596084631561,-11.14578485518679 -77.60580265556783,-11.146045446340068 -77.60340332999937,-11.1525671481552 -77.60182762154713,-11.1536518339649 -77.59833002051363,-11.16057741681415 -77.59545600399107,-11.168575524840506 -77.59486591832729,-11.17088842376161 -77.59392690650128,-11.176540136717648 -77.59356677568582,-11.18373322470849 -77.59416532486964,-11.192536711599601 -77.59645044822932,-11.202044963903859 -77.60041785240153,-11.21051895628473 -77.60501897374644,-11.214908122711563 -77.61201167120154,-11.211828351197227 -77.61694252447774,-11.21580004693449 -77.62006783496236,-11.215554714578289 -77.62386512787305,-11.217046260876046 -77.62695300587629,-11.21704602255575 -77.62832915746446,-11.21648800401779 -77.62969172029634,-11.215205431385428 -77.62897562972125,-11.211781859844848 -77.6315474506541,-11.211005925682684 -77.63238441910534,-11.211066603840564 -77.63606357617289,-11.214030146973585 -77.64230227482994,-11.214080214929766 -77.64490675913939,-11.218159437208044 -77.64951455615153,-11.221242666615652 -77.6463916297696,-11.226767063448975 -77.64670801126545,-11.236409544964445 -77.65175664425345,-11.23697841202386 -77.6512304545216,-11.244279980736351 -77.64841854607869,-11.249999999899742 -77.64838063695646,-11.249999999899742 -77.64975476237214,-11.251420378347575 -77.6499226091407,-11.251948118510612 -77.64991295311984,-11.254189610362118 -77.64979255188436,-11.254722237441186 -77.64842140682225,-11.25554203963327 -77.6433420179196,-11.26897323092976 -77.64260947694558,-11.273391604638618 -77.6432907583615,-11.281669616759203 -77.64585065878052,-11.287248015183536 -77.64820051174394,-11.289322852767327 -77.65719950225491,-11.289446353965758 -77.65462195893588,-11.293353080879811 -77.6489645244929,-11.29527211181842 -77.64944374533218,-11.300722956698849 -77.6489167210296,-11.303169131549978 -77.647701144292,-11.304368257888555 -77.64605200259743,-11.305035829139811 -77.645670533568,-11.305034160897733 -77.64334595245356,-11.304304122736795 -77.63830947919891,-11.307727217636852 -77.63483095188678,-11.308658837934914 -77.5903420451489,-11.331211448049615 -77.51254296298703,-11.371709347008562 -77.49872004949043,-11.379203915628139 -77.4558929208215,-11.403675555782073 -77.45075798079586,-11.407760143415615 -77.43033850231978,-11.418856977967039 -77.4239279027502,-11.423422217261376 -77.41884100450835,-11.425781249604881 -77.41833245767634,-11.425781249604881 -77.40248036427698,-11.437195659052293 -77.39395260772636,-11.441792726253155 -77.38977181871422,-11.445760846285808 -77.37231194973651,-11.455191135462371 -77.36689364952196,-11.459010243227965 -77.3654799458426,-11.461469054453076 -77.34818530121038,-11.472975254104554 -77.3485436441735,-11.473581076105646 -77.34435272249988,-11.47680926363627 -77.34374999956265,-11.481026649659967 -77.34350085228232,-11.481624722202923 -77.34374999956265,-11.481863856431701 -77.34374999956265,-11.482421755359553 -77.34567344167579,-11.483946919214759 -77.34566700432833,-11.484229922372734 -77.34374999956265,-11.486886143780183 -77.34374999956265,-11.487444043607596 -77.34308755354752,-11.488447546716728 -77.3426692482868,-11.48872172842482 -77.33653843410121,-11.49091005325603 -77.32888615137438,-11.497298002500713 -77.32655537123304,-11.498072743262298 -77.32163608054029,-11.502769112704257 -77.316896319709,-11.50522315482445 -77.30825757962333,-11.513930559047779 -77.3030744791036,-11.517377853804547 -77.30265974954759,-11.517885446456106 -77.2971036435182,-11.528357625403842 -77.29700291135504,-11.530142545841514 -77.29869711358066,-11.532547354576593 -77.29749524610844,-11.538104653107112 -77.29138875049023,-11.54259431337671 -77.2900598052156,-11.545186400531762 -77.28678476840213,-11.546333909382284 -77.28633105773167,-11.546746253936249 -77.28365814670565,-11.55115473240484 -77.28094685081615,-11.552559018383889 -77.28073465847743,-11.555135845842415 -77.27716350549122,-11.55883562526374 -77.27549326390272,-11.565755367016394 -77.27372300601178,-11.568575739878227 -77.27272903931339,-11.576023578824959 -77.27124714813715,-11.579380750721 -77.27138292777951,-11.581890821504047 -77.27152764758259,-11.582206130108517 -77.27592444385775,-11.58424377443049 -77.27641534778974,-11.585716247906262 -77.2824633119321,-11.584575653043615 -77.28319835661847,-11.587360262565781 -77.28026771518256,-11.587976575158748 -77.27548575366433,-11.594012617887941 -77.26660537743601,-11.601562500209127 -77.26597321069482,-11.601562500209127 -77.26312077070679,-11.605234742389158 -77.2593263385393,-11.60679185376091 -77.25887882689608,-11.607158541533238 -77.25855445852108,-11.608703852001 -77.25617361042356,-11.608602643197358 -77.25650906564076,-11.61008954089938 -77.24513185035437,-11.620814799862913 -77.22599244079828,-11.633965611323518 -77.22472476993195,-11.634959935952025 -77.2209899421317,-11.637894153991766 -77.21723461158766,-11.642142057609774 -77.21738886870105,-11.643281340361469 -77.21456265474228,-11.64372181930635 -77.21282136401447,-11.645478844572779 -77.21078884582829,-11.64777410059402 -77.20841085937343,-11.65233075585958 -77.20454597431689,-11.662805915160533 -77.20098376239056,-11.665879249327773 -77.20124781143713,-11.669106960217803 -77.1989922523903,-11.674526452933378 -77.19506394894171,-11.678408503349615 -77.19339334942316,-11.6838474277165 -77.19254410252788,-11.687712430583943 -77.19254374459791,-11.688151002066903 -77.19338035601834,-11.689954161655024 -77.19565904113165,-11.691544770974303 -77.19895482080793,-11.691518068304006 -77.19947230780048,-11.694460749863325 -77.19442152992951,-11.701194405697052 -77.18995702279824,-11.705196857348852 -77.18700563939834,-11.709981441290338 -77.18374383431018,-11.712146758765698 -77.17734014962792,-11.72558593784062 -77.17255723482833,-11.730329036955155 -77.1694667335027,-11.744202613759512 -77.16947972780684,-11.745970249227469 -77.16954207420696,-11.746330380042778 -77.17186045629478,-11.749191164840184 -77.17273855254189,-11.757142901123828 -77.17273843293196,-11.757950306161504 -77.17117524124396,-11.761807918400578 -77.17117273843098,-11.762174725782813 -77.17145895936318,-11.764646172482642 -77.17397475253262,-11.769346952199854 -77.17666137192464,-11.77075850919772 -77.17801964319156,-11.773809075228442 -77.18240284891198,-11.769673109326405 -77.18990826605338,-11.770232319465848 -77.19145107280843,-11.767830252763773 -77.19403684132703,-11.766532421333977 -77.19878435161618,-11.767872810481563 -77.19804823403854,-11.77003455135339 -77.19865703549357,-11.77447485952706 -77.19616234311749,-11.776619434139448 -77.19633901133597,-11.77734374991401 -77.1962989564314,-11.778045773293698 -77.19826805622557,-11.779608250020544 -77.19797384751485,-11.78327441188442 -77.19759404672757,-11.784193158387382 -77.19717037701102,-11.784572362923953 -77.19146323164244,-11.785305023507888 -77.19089305427065,-11.785676956126466 -77.18521893020903,-11.790596961780196 -77.18382334696966,-11.792527556201676 -77.1820516582572,-11.7994409802168 -77.17977416474565,-11.801474929224426 -77.17940831154414,-11.802769422370787 -77.1793588398383,-11.804278254537635 -77.18090486526694,-11.805981754853832 -77.18081665076758,-11.806291580291841 -77.17718255513054,-11.813185810976222 -77.17831301733148,-11.81646323189257 -77.18224167781091,-11.817936539939254 -77.18297553089587,-11.818122506248528 -77.18344855270834,-11.81834101632461 -77.18365573852128,-11.821961641016756 -77.19014942645444,-11.828268528069898 -77.19017577209388,-11.828589201130626 -77.18749844989316,-11.830844640567449 -77.18708157545399,-11.83149075489429 -77.18529105224013,-11.835841536457579 -77.18695127987746,-11.839400649320396 -77.18381190309643,-11.8416533467243 -77.18505895160905,-11.847489953098787 -77.17961704688895,-11.845497608527594 -77.1745721101145,-11.84655654404908 -77.16405403606456,-11.862573623473637 -77.15962576891388,-11.871503352697346 -77.15934073958309,-11.872149348313542 -77.15590906155353,-11.88090217099814 -77.15378177191104,-11.890423059676394 -77.14266204871433,-11.919701934096807 -77.14010381653748,-11.929238200282498 -77.13589191458004,-11.953124999618879 -77.13376295579548,-11.962579250331942 -77.13304054748312,-11.972795725042616 -77.13283371960037,-11.97740912393165 -77.13339448017072,-11.98299205314045 -77.13567972224104,-11.997678876078979 -77.13767027895989,-12.005805254408884 -77.14115154740574,-12.017328620319248 -77.14421010031555,-12.022143125604444 -77.14595413217705,-12.029138803412778 -77.14897727967738,-12.031115055515272 -77.14791774790547,-12.035318851883346 -77.14850366071502,-12.038269042782034 -77.14691841585181,-12.039870858553172 -77.14430260638002,-12.038867354544394 -77.14275825009292,-12.039527654777103 -77.14108765147375,-12.042812228001708 -77.14109265799934,-12.04310715167351 -77.1418032645089,-12.045164346357353 -77.14200866246958,-12.045385122724852 -77.1445802450821,-12.042439937452926 -77.14601707482788,-12.044514060075642 -77.14462924014717,-12.046366453049146 -77.14614093305732,-12.048955559850981 -77.14443314117617,-12.049643755254934 -77.14608514271492,-12.050827741506907 -77.14523720703104,-12.052748918227906 -77.14776504032403,-12.055802941252423 -77.15245306495672,-12.052237868582552 -77.15258467174476,-12.05526351889604 -77.1492277381692,-12.057967067126313 -77.14963376498599,-12.058964848748431 -77.1520068645249,-12.059396028703375 -77.15285813849204,-12.062375545594719 -77.15997135679237,-12.067873954719076 -77.17070114654047,-12.073515534114463 -77.16905724969212,-12.075088023893116 -77.16362631310366,-12.074992657085332 -77.163119554124,-12.074857235372818 -77.16109037422098,-12.073556661910288 -77.15688121339707,-12.068083047994037 -77.1539975408534,-12.067801356047383 -77.14873075482024,-12.06783080075077 -77.1429215669765,-12.068705200784123 -77.13233411292853,-12.071179032486285 -77.11204171225495,-12.07988297971555 -77.09895610793785,-12.085726618788271 -77.08297765259616,-12.093500375641625 -77.08036077023291,-12.095005154564163 -77.06601285950558,-12.104119658495136 -77.05350565865882,-12.11348783959204 -77.05045151692377,-12.118548751023937 -77.0472390648307,-12.120414853262801 -77.04565453492859,-12.123887658188735 -77.04008305049211,-12.125470757269454 -77.03727424111307,-12.128906250223125 -77.0367224216021,-12.130066752478399 -77.03017854700204,-12.13530957697516 -77.02880394494576,-12.141132116154054 -77.02524816946726,-12.148073434441145 -77.02482855299493,-12.153657555251883 -77.02568054192324,-12.157811164953216 -77.02746260161751,-12.159152150351318 -77.02734947230005,-12.163004041103548 -77.02846133742048,-12.165297150442854 -77.03154194350546,-12.163800954650256 -77.03832387944328,-12.167166829285534 -77.03411614854116,-12.173930406462787 -77.03384995461141,-12.1775949000844 -77.03977072224083,-12.181642532776436 -77.03848695710701,-12.190373659316776 -77.0399463175682,-12.193522930438704 -77.03727841396739,-12.195247054008135 -77.03477120392773,-12.198936342837854 -77.03538966140354,-12.201361059864837 -77.03907334835617,-12.204594611851547 -77.03917765622356,-12.207193016744213 -77.0308963058194,-12.208199739426234 -77.00429534895085,-12.219930649080041 -77.00002527254799,-12.221397042239644 -76.99604892731588,-12.221290707300128 -76.9921875001528,-12.222935319109538 -76.94184446375078,-12.246100664314099 -76.9391797779243,-12.247628927233066 -76.93742191808687,-12.248800039689854 -76.93920791141576,-12.254440307873736 -76.93611502688674,-12.249628543722167 -76.90208172818885,-12.273819327399806 -76.89331936819403,-12.281769752471874 -76.86163556542868,-12.296346426446135 -76.85647404234305,-12.299343704947887 -76.85026955569512,-12.303604244939635 -76.84979331520896,-12.304687499928093 -76.84967744385875,-12.304687499928093 -76.84919214270286,-12.306329250094748 -76.84423601667862,-12.309570312319934 -76.84399271049489,-12.31436276442993 -76.84092462027462,-12.313380956565766 -76.84024512761016,-12.313536763210962 -76.83750212162533,-12.31511795482966 -76.83668637267783,-12.31615555303621 -76.83577215695905,-12.31890070480354 -76.83586204060038,-12.319562673278597 -76.8378483057545,-12.324615716541885 -76.83461344255605,-12.326121330035221 -76.8346877094699,-12.330395579292329 -76.83119833453515,-12.33073318029193 -76.83110237147685,-12.334120154820951 -76.82915365661563,-12.3356424570335 -76.8275705575349,-12.339466452614488 -76.82572185987578,-12.340381622513647 -76.82730162157233,-12.343098044538834 -76.82503795603662,-12.342344164451404 -76.82195854155322,-12.338976979503911 -76.81931865183412,-12.339877367246586 -76.81684696681364,-12.341702819229582 -76.81634044615427,-12.343531846917031 -76.81790196870065,-12.349040627922435 -76.8172618150804,-12.35227131826656 -76.80269682419876,-12.358568907229142 -76.80043566237563,-12.359983324970202 -76.79942393316784,-12.361231208053567 -76.79776465881173,-12.363979220564445 -76.79776644666373,-12.364275217127343 -76.79986882238791,-12.368731856090008 -76.791170477935,-12.377362847617178 -76.78892040295392,-12.382063507724482 -76.7896620036982,-12.3861143590902 -76.78946411597599,-12.386402130453646 -76.78424894833017,-12.38617730174093 -76.78258836276245,-12.387670517180496 -76.782178759342,-12.388451456969065 -76.78245627843415,-12.389218449171793 -76.78507864486323,-12.390747070021078 -76.7836717364612,-12.39253640163355 -76.78111600889633,-12.393442273441877 -76.7809978721537,-12.393881558986607 -76.78092396227089,-12.395821452398025 -76.78105032421269,-12.396209240064096 -76.78307330598801,-12.396736979328026 -76.78353965303228,-12.398554324821944 -76.78338265388606,-12.398905515476898 -76.78203785446314,-12.400597453209755 -76.77773714085603,-12.401481867194107 -76.7761569025187,-12.40391194777807 -76.77603661999387,-12.404345035195107 -76.77613902129855,-12.404874324890116 -76.77780652085386,-12.405584931399304 -76.77663350093508,-12.407989859743864 -76.77799010306038,-12.410526275267173 -76.77899074542623,-12.41087710889127 -76.78138995138494,-12.408893108230089 -76.78153097587355,-12.409144639613103 -76.78191876443907,-12.414327025171843 -76.77963757471395,-12.427788853672567 -76.77631092041241,-12.432896256456914 -76.77527964084251,-12.439157962469892 -76.78022205850101,-12.442464351448422 -76.7850896120957,-12.442490220446999 -76.78598594659388,-12.443594575329215 -76.78617525118659,-12.447221636469095 -76.78368234666272,-12.453215241090234 -76.78410196313496,-12.456048846576849 -76.78824460470437,-12.455734849183685 -76.78858876266091,-12.463364601195295 -76.7919641737073,-12.46511650122541 -76.79092872128314,-12.467255949702192 -76.79168713125574,-12.469206572025499 -76.78952622405563,-12.470849156763052 -76.7930748463267,-12.473165154747917 -76.79115581538827,-12.4783220292381 -76.79501342762717,-12.479314446404501 -76.799251436904,-12.471024632480479 -76.80266094214855,-12.473091841115505 -76.80243384804334,-12.477764845271224 -76.80354404492141,-12.480468749632976 -76.8034511800276,-12.48117876079101 -76.79930973095892,-12.486542463163929 -76.79875993762079,-12.4898886678276 -76.80013871163183,-12.49430263036193 -76.80520033802497,-12.493638038564328 -76.8054951429861,-12.494025349590075 -76.80551576623927,-12.494815945399424 -76.8050855395656,-12.49689233341428 -76.79932653928822,-12.500987172419755 -76.80237054836184,-12.50432455563363 -76.80382883593086,-12.509140320869463 -76.80393743536419,-12.509498953413654 -76.80300687835631,-12.509626235721285 -76.79967737201298,-12.510081648449173 -76.79279923469647,-12.51530373098224 -76.78593134875243,-12.518693804575278 -76.78458166151435,-12.520468950281625 -76.78291833391356,-12.520231366484268 -76.78235804998383,-12.52047061942342 -76.76814687217995,-12.528324245966829 -76.76151704757348,-12.533465027988498 -76.74866843260179,-12.540664076685587 -76.73991811273032,-12.54693424711769 -76.73583745963083,-12.55064082181633 -76.73659133881887,-12.555165052025373 -76.73618590825288,-12.556044459484056 -76.7350844141142,-12.55681204793747 -76.72996807116917,-12.556948065900329 -76.72712385638067,-12.55834412578055 -76.72633433346235,-12.563498616168047 -76.72050607189743,-12.566068172607757 -76.71756875479409,-12.568193316468026 -76.71554100481319,-12.5701730255645 -76.7060852054677,-12.582195877637346 -76.70586633656205,-12.582833766764736 -76.7052967545414,-12.586608648570191 -76.70876407630078,-12.589406251497024 -76.70770871648392,-12.591070413668547 -76.70884403496768,-12.593060750164526 -76.70886850377804,-12.593103646815464 -76.70880962066721,-12.593128673149536 -76.70660305039013,-12.594066500568289 -76.70509517150455,-12.596751451718049 -76.70335805453027,-12.597160339277949 -76.69748473153487,-12.60315883171441 -76.69398355479683,-12.604923010188557 -76.69064402580074,-12.608398437537758 -76.68732273595526,-12.612569212598899 -76.6871322397609,-12.61285114286558 -76.68482482400617,-12.618158101615009 -76.67752635435744,-12.622390269795005 -76.67736101130137,-12.625942706990259 -76.67721724477968,-12.626194357982925 -76.67419183278656,-12.628168106372726 -76.67383074779036,-12.628763318172389 -76.67242002446429,-12.631612301166527 -76.67199707060809,-12.633076310223444 -76.67092216042909,-12.639648437924976 -76.6705423596419,-12.643638014882299 -76.671111703342,-12.646936059051626 -76.67366301973243,-12.648814916375116 -76.67449164427367,-12.651018857933707 -76.67456781864973,-12.651916146612805 -76.67436194404826,-12.652937054301404 -76.67120802433044,-12.656250000237222 -76.6709469556371,-12.656250000237222 -76.67294991040973,-12.659584045167392 -76.6728719472822,-12.661207914113646 -76.67213714091605,-12.66325056586085 -76.6715593336962,-12.664075016648411 -76.66670894636053,-12.668645858719287 -76.66520917396394,-12.672735214558216 -76.66256821135366,-12.674975156877764 -76.66125106788212,-12.67815065402921 -76.6614769694863,-12.684233307720788 -76.65836465330597,-12.684925675079697 -76.65586757682695,-12.687539816309311 -76.65581464722783,-12.692196607487148 -76.65831315542746,-12.69470632034023 -76.65675115624066,-12.695792913611868 -76.65632665195304,-12.69952786012233 -76.65135395502068,-12.701381921338353 -76.6509356497603,-12.70164513581399 -76.64062499984351,-12.709263443952636 -76.64062499984351,-12.709542274256378 -76.63365685927647,-12.715992450291267 -76.63340067839826,-12.716359853924018 -76.6309293504089,-12.720842480595834 -76.63030791257978,-12.724843978966263 -76.6303001640211,-12.725798249589403 -76.63110756905877,-12.727662801396846 -76.63529253002613,-12.731717944327457 -76.63550794103838,-12.734848737978623 -76.63712656513854,-12.73673021772511 -76.6367603540069,-12.739316702103963 -76.63848292804437,-12.740276217573097 -76.63731813422413,-12.742187619562927 -76.63856852012071,-12.745762706183726 -76.6350338463347,-12.744082212324102 -76.61926412543875,-12.757331610165537 -76.61150693859403,-12.76852595820607 -76.60768926164997,-12.777514458125552 -76.59811627884298,-12.781587123446812 -76.56321644738088,-12.805583834326342 -76.55995714690468,-12.80901217497167 -76.55934381466511,-12.82091641456077 -76.54021942648501,-12.83203124994209 -76.5399333242631,-12.83203124994209 -76.53831887211805,-12.833217263265908 -76.52389144873115,-12.84481728109256 -76.52329075376502,-12.845403551832248 -76.51900064946017,-12.851069450694425 -76.51978075467784,-12.852512956107844 -76.51973676703773,-12.852990746125968 -76.51901972318126,-12.855300545983042 -76.5178767442161,-12.857561349876292 -76.51631605624078,-12.8595216273211 -76.51456272628855,-12.86018085466253 -76.51449990234843,-12.860561847950649 -76.5186392065338,-12.867334842828669 -76.5179879669709,-12.87458872768731 -76.51537835562621,-12.882097243892545 -76.51721525148253,-12.88746035091414 -76.5171629190333,-12.887815952743907 -76.51492476456593,-12.889116048666551 -76.5110480786056,-12.900017380497573 -76.51268267646392,-12.904452442925631 -76.51256394347098,-12.904981255980047 -76.51048600682361,-12.907460331628897 -76.5103702541835,-12.907803058763832 -76.51128542408284,-12.910155773369993 -76.51119351426885,-12.910561442256565 -76.50817132005005,-12.918052553882163 -76.5066039564071,-12.918754338941383 -76.50540995620437,-12.924234628525198 -76.50541436647939,-12.926620006507804 -76.50695812741543,-12.939746856432194 -76.5065611603689,-12.946597337796675 -76.50684964669344,-12.94714736945538 -76.51097607618459,-12.94912731687198 -76.51592040040595,-12.954828738954873 -76.52060830632797,-12.953916072768337 -76.51547503454486,-12.95601820927267 -76.51294565172014,-12.959086179883116 -76.51280105152699,-12.959344625254175 -76.51259124239161,-12.961268544007908 -76.51380085932186,-12.96296393873456 -76.50709974725521,-12.97279632109327 -76.50696253769053,-12.980004667880905 -76.50555896757209,-12.983878254777395 -76.50538015357097,-12.984260320956892 -76.50106585030832,-12.989856123960877 -76.49923181519583,-12.99422967455962 -76.49780511811127,-12.995053410386461 -76.4966522457043,-12.998910665594408 -76.49247765571897,-13.001842856562305 -76.48958754582827,-13.00781249964679 -76.48889195889649,-13.00781249964679 -76.48563802197674,-13.011167168729756 -76.48322010022716,-13.010172605780966 -76.48169755969423,-13.012402653759239 -76.48309254668345,-13.017381668429039 -76.4808229204412,-13.0213521716652 -76.48207926794367,-13.02511274795485 -76.48223900822336,-13.02554214005761 -76.48353564715211,-13.026766657854822 -76.48462402827602,-13.027178168737436 -76.48953354333804,-13.028279661976626 -76.49043917772545,-13.030120442004687 -76.49072980893342,-13.030711174281194 -76.4765440225882,-13.04841578026381 -76.4663935464246,-13.057468192303148 -76.45668435140135,-13.066127061914244 -76.43717992321467,-13.087161540872344 -76.42092084881779,-13.106378317305314 -76.4203326814079,-13.108400218095483 -76.41988491975303,-13.109939456340612 -76.41316475706253,-13.116446244185056 -76.41006326630631,-13.119449258176672 -76.40112566981355,-13.131744622815987 -76.39413034903598,-13.137137174540783 -76.39243984212482,-13.139574766262228 -76.39068385647451,-13.146883944138509 -76.39052367192966,-13.147550702402853 -76.38945761827435,-13.148450964240453 -76.38468277489002,-13.152483224820827 -76.37723934621857,-13.160295724468028 -76.36215293381053,-13.17726302127133 -76.3610515592818,-13.178779244066732 -76.35983336012123,-13.18359375025122 -76.35747863463098,-13.189317158959511 -76.35687005530832,-13.190796375552026 -76.35389041383664,-13.193728499922173 -76.34668874768732,-13.200815319571234 -76.33847702045179,-13.211698872740072 -76.33602917160863,-13.214943170690617 -76.33491639637418,-13.21585018014163 -76.3315918446877,-13.218559980458565 -76.31954687434762,-13.233844093184587 -76.31767571016564,-13.236218452119573 -76.31722207234037,-13.236569091490267 -76.31400835490138,-13.239053130497467 -76.3062844240867,-13.24919643456765 -76.30051147982078,-13.25677764387305 -76.29498169694747,-13.261994206367461 -76.28906250043391,-13.26757812483045 -76.28224647029816,-13.274663447959554 -76.27239191515443,-13.288988470941064 -76.25601351241346,-13.308065772417379 -76.24958968741379,-13.31960611483018 -76.24670565154429,-13.32478725932441 -76.24641126746573,-13.325362706723297 -76.24558341544184,-13.32698094861179 -76.23120844321488,-13.343866467363469 -76.22201633408642,-13.359374999956174 -76.22196161753425,-13.359374999956174 -76.2209203240136,-13.360402226281508 -76.21167612075607,-13.377681136375273 -76.20359361135581,-13.394724011304007 -76.19831085246352,-13.408314824169707 -76.19532370572404,-13.416545868296879 -76.1918218140251,-13.431736111931812 -76.19019258062269,-13.434817314267491 -76.18785667434577,-13.458623647663117 -76.18801403052274,-13.462030649195043 -76.19139480602504,-13.471364855703385 -76.1913585660447,-13.484279274968486 -76.18963563407692,-13.491473555459919 -76.19034397609326,-13.494307517977376 -76.18732714633046,-13.518373370534363 -76.18805277331643,-13.521002053801595 -76.18804502475774,-13.521387458264343 -76.18746805210853,-13.535156249661057 -76.1864955423352,-13.555013537644498 -76.18769621820564,-13.563523530786213 -76.18610775466877,-13.578701734297425 -76.18804204440443,-13.606445312201245 -76.19103717802307,-13.624792575516807 -76.19023811779459,-13.62803840594745 -76.19071543207133,-13.634798765350496 -76.19079327558882,-13.635216117329776 -76.19210064432912,-13.637588262688055 -76.1945631499693,-13.638736248179171 -76.19589197653329,-13.64100015203519 -76.19684183598173,-13.638893962286446 -76.19529438063103,-13.62476992609109 -76.19842505467219,-13.639095664033576 -76.1991969346904,-13.63932144602775 -76.19944834736313,-13.637845158526972 -76.19815993273446,-13.631135344620247 -76.20090270039915,-13.638221025679485 -76.20156323895219,-13.644375801401978 -76.20503127567264,-13.653041362868422 -76.21235632928077,-13.6648783682419 -76.2173767091675,-13.671346306786475 -76.21788585224988,-13.67194855218385 -76.22071123163784,-13.67288124537302 -76.2218997477749,-13.675416469294476 -76.22213137176502,-13.676699281146696 -76.22119152536823,-13.680395841894509 -76.22488272165995,-13.683153748746378 -76.21968495859369,-13.700945258017015 -76.22018492229603,-13.710937500265302 -76.22012865531286,-13.710937500265302 -76.22060847240283,-13.717068314450955 -76.22074353708433,-13.71764087682483 -76.22264540176349,-13.72096204796 -76.22309315172726,-13.723048806057434 -76.22279143367751,-13.726277231908526 -76.22322106320112,-13.727929353956313 -76.23078632392958,-13.753476858470165 -76.23287332034704,-13.758750319271627 -76.23729491272974,-13.765235900715965 -76.23742771111964,-13.76567006102438 -76.23860156560943,-13.77538192253759 -76.23944747422121,-13.777968406916358 -76.2404334549397,-13.780392527692825 -76.2405296563183,-13.788900852592207 -76.24285101875932,-13.791766404695721 -76.24305856250223,-13.795860171709364 -76.25054347510101,-13.814042448999729 -76.25163912814307,-13.82384121380079 -76.24806594808476,-13.829287528796229 -76.24794864681223,-13.831879972982222 -76.25725924971431,-13.836209416331386 -76.25864577318359,-13.838641166956066 -76.25206530067271,-13.848646640929587 -76.25060474861004,-13.851423025252217 -76.250582456215,-13.853353977603916 -76.25148951962541,-13.854793071842622 -76.25890386062434,-13.861467480339797 -76.2611206768774,-13.865437031193949 -76.26981675593825,-13.86009871938029 -76.26908075797024,-13.856469750778231 -76.28242754969142,-13.853664278783242 -76.28906250043391,-13.846540212860376 -76.29490566286569,-13.842604875814189 -76.29719114325624,-13.838474631398995 -76.29934525517922,-13.837394237154086 -76.29978883228847,-13.837294817101977 -76.30329394356028,-13.840765237925226 -76.30408203565727,-13.842946529158908 -76.30752182017565,-13.84357845757961 -76.30902040007112,-13.84560871127286 -76.31132400000229,-13.845910548932537 -76.31098687654293,-13.843453646068795 -76.30277144914277,-13.83189857006272 -76.30390214876496,-13.829389333850486 -76.30351245363653,-13.8235120772205 -76.30105245080966,-13.821308970232636 -76.29906117912986,-13.816924452401338 -76.29744851573611,-13.81714403626799 -76.29637634759018,-13.812062144552016 -76.29325842863341,-13.811002969811113 -76.29332006007229,-13.808412909727906 -76.29107582528886,-13.806542277603867 -76.2904583219937,-13.798601031012623 -76.2897806171814,-13.797991037056562 -76.28906250043391,-13.797991037056562 -76.28906250043391,-13.797711968432523 -76.28794240921442,-13.797232508373412 -76.28906250043391,-13.796316861833489 -76.2903548477978,-13.79603791192001 -76.29461574571977,-13.796436071467298 -76.29506993303073,-13.796386718472007 -76.29691195502238,-13.794516324668521 -76.2970510720489,-13.79412233797521 -76.29667222544262,-13.791817903473316 -76.30713951567589,-13.792617916983161 -76.3166034224098,-13.790819048959818 -76.31762456931807,-13.79089033641975 -76.32678675620343,-13.792904973385717 -76.33037436048812,-13.794278740870993 -76.33086335695799,-13.794524907798191 -76.3348523376651,-13.799055814574004 -76.33601474738228,-13.799720168051124 -76.34592986107396,-13.803951263339926 -76.34652090091868,-13.80405402167554 -76.35816574095588,-13.800020217858531 -76.36353504700463,-13.802263855492427 -76.3674365281729,-13.802315830910715 -76.36812794225037,-13.804150104343762 -76.37017631548423,-13.80371355993266 -76.37045943735285,-13.803875207674608 -76.37122333049192,-13.806183934640742 -76.37258207839989,-13.806441068799955 -76.37131547952538,-13.80792033665412 -76.37207031289435,-13.80873322485833 -76.37143290040774,-13.815848231010932 -76.36848974220766,-13.82752585403479 -76.37138390534267,-13.83201193770067 -76.37862253230387,-13.8332376479989 -76.37886035442142,-13.83352065115696 -76.38030517104636,-13.838402509368251 -76.3858027455999,-13.844573855099227 -76.3875085113084,-13.852208733246258 -76.38713681701012,-13.854837655733164 -76.38933420161197,-13.860930204665095 -76.39070939991865,-13.862163424302437 -76.38962435707802,-13.875331163702086 -76.39119064782977,-13.882774471864266 -76.39246320741069,-13.886718749970171 -76.39312255346294,-13.886718749970171 -76.39517641076245,-13.89046013382793 -76.3982976671034,-13.892301559569063 -76.39545953263098,-13.893592834041911 -76.39412856118389,-13.89688920996889 -76.3961211440753,-13.905753732049007 -76.39562225326404,-13.90864205318789 -76.39523816091199,-13.90928566470157 -76.39166235933021,-13.910083174498794 -76.38938117050421,-13.909087300338413 -76.38390862947932,-13.909420728483681 -76.37799334501653,-13.911182641565432 -76.37649667258307,-13.909891963343355 -76.37545192206818,-13.91089177113821 -76.37385451837088,-13.909963727443795 -76.37165617958874,-13.912052154683025 -76.35944902854942,-13.916131258250743 -76.35981214061746,-13.920373201161993 -76.35600495336561,-13.922365307412875 -76.35392057937096,-13.92068850976672 -76.35131692873313,-13.922350644866142 -76.34983122353177,-13.921666264386388 -76.3445161582938,-13.915838837392371 -76.33661890024183,-13.916499257234832 -76.33432281054905,-13.918311476593232 -76.33391451834012,-13.918970227294068 -76.33110392110882,-13.926188349712419 -76.32991194707824,-13.927006244442396 -76.32941544036996,-13.927017807925282 -76.32721352588311,-13.925318717884352 -76.32369911652083,-13.920251846645328 -76.3211485150915,-13.920193433879689 -76.31882214522568,-13.917187809669542 -76.31582760785747,-13.917436718629475 -76.31529450413791,-13.914825916582657 -76.31714963914439,-13.912082672277336 -76.31619334234853,-13.909996271210844 -76.31698524936937,-13.90527057667552 -76.31439757338893,-13.90326142287627 -76.31577897072262,-13.902286768219554 -76.31555032708562,-13.899505019440937 -76.31401765389148,-13.898081541030152 -76.31067931649696,-13.899104833720912 -76.30911743602061,-13.897006869171449 -76.31169772137233,-13.894443154727597 -76.29958116983494,-13.893422961100697 -76.29788434518605,-13.894636153735306 -76.29806745075206,-13.899460554260955 -76.2959395648588,-13.90465331080145 -76.28906250043391,-13.90764510613657 -76.28313112260307,-13.9097100493791 -76.28283572229043,-13.910068511952147 -76.28184580793754,-13.91479706723068 -76.28320574744697,-13.91898941972579 -76.28342807334673,-13.919242620250614 -76.28634524383767,-13.918908834175113 -76.28795504558849,-13.919889569148168 -76.28906250043391,-13.921037912569503 -76.28906250043391,-13.92243301826909 -76.29112255586097,-13.925233364128374 -76.29508793386071,-13.927726864902766 -76.29533946524373,-13.92850124863351 -76.29530262991221,-13.92888152606146 -76.29409670829622,-13.93222117466729 -76.29045677156262,-13.932464241631365 -76.28906250043391,-13.933872819175122 -76.28906250043391,-13.93443083771281 -76.28889000417007,-13.934477329065274 -76.28883254558517,-13.934570312669635 -76.28889000417007,-13.934663176664174 -76.28906250043391,-13.934709668016552 -76.28906250043391,-13.934988856250584 -76.2826575036407,-13.940745949965404 -76.28071701487798,-13.94056594346344 -76.2788218258662,-13.942083835400467 -76.27853417411251,-13.942402720608925 -76.27454960368095,-13.948540330071992 -76.27272605915988,-13.953888654937373 -76.27245354659357,-13.955952048647944 -76.27250087251701,-13.957039117661054 -76.27350795312918,-13.95902192582112 -76.27036476142439,-13.970067262493956 -76.27024006862405,-13.980872869587145 -76.27116370204294,-13.98484575782527 -76.27130711063427,-13.985298275994438 -76.27542853359967,-13.9930279255981 -76.2837444539432,-13.99358260675173 -76.28611004324355,-13.996560812431312 -76.28529465222618,-13.999812840989676 -76.27946102620518,-14.008566737464832 -76.27495157725306,-14.010155439321935 -76.27418780282466,-14.013255834988712 -76.27176082130472,-14.01317584478926 -76.26769554571246,-14.01509213459424 -76.26303267511742,-14.021123647438259 -76.2628308537607,-14.02174913851185 -76.26253902915249,-14.029720544767201 -76.26276648028846,-14.030120372557008 -76.26519775427266,-14.033118605239224 -76.26762056383754,-14.03142833664836 -76.27000963713488,-14.03140866757576 -76.27023684995027,-14.031649351336426 -76.2712764743294,-14.035894155890404 -76.27261757843823,-14.036980033301603 -76.26891314952181,-14.042793869741075 -76.27041017988557,-14.044149637295732 -76.2720797065129,-14.043256401861314 -76.2725979093658,-14.044452309526392 -76.26731622246535,-14.046131372564687 -76.26581287346502,-14.048058628702563 -76.26614356047651,-14.04931342577379 -76.26474392399263,-14.049025177769664 -76.26454603716962,-14.04738295096223 -76.26307237119264,-14.047495245708888 -76.26121020348779,-14.05124294730399 -76.26096570480303,-14.055724024444103 -76.26194500895485,-14.060180544696209 -76.26604700116778,-14.06249999967514 -76.26696264770777,-14.064052462451073 -76.26738655574462,-14.064129114366906 -76.26949930155112,-14.06249999967514 -76.26980257003237,-14.06249999967514 -76.2734557393905,-14.060116648764108 -76.27644300484053,-14.062077045818938 -76.27641415638783,-14.06249999967514 -76.27669155587034,-14.06249999967514 -76.27748954320771,-14.072170376361669 -76.27647066079203,-14.075593232941173 -76.27675974336722,-14.082169175566904 -76.27709782100743,-14.082749843530294 -76.28489422818586,-14.088811755258078 -76.28906250043391,-14.087890624652431 -76.2895021439086,-14.087927937524057 -76.29092872138307,-14.086520314161035 -76.29467165477263,-14.089144706762582 -76.29472637132471,-14.089415908117559 -76.2927695508738,-14.092319249733478 -76.29027175943389,-14.092890142965544 -76.28984081779925,-14.096223830864872 -76.28906250043391,-14.097098230898496 -76.28906250043391,-14.0973770621016 -76.28859603377964,-14.097334742704106 -76.28667962526421,-14.101635336701293 -76.28757023827563,-14.104438543303957 -76.28655731656647,-14.107532858654395 -76.28662884234697,-14.108261942634343 -76.2870540615954,-14.109231829984779 -76.28906250043391,-14.109653950169445 -76.28959405462172,-14.110113620646956 -76.28906250043391,-14.111328125392518 -76.2879259588156,-14.111647605951958 -76.28570675845975,-14.119038819985477 -76.28318762790644,-14.120670437490588 -76.28032457861627,-14.126370907191486 -76.28029453766246,-14.128773808464373 -76.28157162622918,-14.13003790362616 -76.28478765492605,-14.130401254014345 -76.2873225209172,-14.132177233392383 -76.28569626786816,-14.135866523121393 -76.28673625017751,-14.139677524398081 -76.27979266649808,-14.146326422726077 -76.27873575714926,-14.152461051835928 -76.2801957129615,-14.155506133800742 -76.28340196602767,-14.158367871879605 -76.28859961038347,-14.160934209645987 -76.28906250043391,-14.160993337372432 -76.29266083273095,-14.16146922082757 -76.29382716978785,-14.162490058369258 -76.29444777934117,-14.163033247086474 -76.29331772902955,-14.16354197648073 -76.28906250043391,-14.16545760618341 -76.28906250043391,-14.165736556097073 -76.28857374228423,-14.165757655990902 -76.28683340573684,-14.170500755105607 -76.28557920491613,-14.172249913102817 -76.28337764746024,-14.173447846940363 -76.283184767163,-14.173717140833233 -76.27895176441217,-14.18173444308998 -76.27580690356541,-14.18431746957539 -76.2774800058973,-14.19296371900026 -76.27476823336713,-14.198747873315597 -76.27209985222618,-14.201071501148775 -76.26838707939993,-14.196017980345346 -76.26596164741179,-14.19013321437616 -76.26147460956537,-14.185957550600335 -76.26036345940582,-14.179015279031802 -76.2574242357395,-14.174505114219414 -76.25738477708558,-14.172035574981692 -76.25336921241893,-14.163383603170615 -76.25313222397273,-14.158944368787417 -76.25471162773917,-14.155205607352741 -76.25565135452621,-14.15622627762042 -76.25547051435245,-14.162699818941377 -76.25692141039434,-14.166009903234354 -76.26197302373566,-14.159459948317775 -76.26675724974709,-14.149906754193196 -76.26837325052475,-14.144175409867046 -76.27123785024634,-14.145008444683825 -76.27149414983484,-14.143039465398786 -76.26694667305037,-14.140595555040605 -76.25965034918394,-14.142683744858829 -76.25817155797071,-14.145294546905646 -76.25554096724147,-14.146458864085119 -76.25382316140949,-14.148841857965209 -76.25305616830721,-14.154123306545273 -76.25211083874396,-14.154527664220183 -76.24722301982635,-14.15040481133282 -76.24204695200481,-14.150360346152922 -76.24005591864557,-14.149356365503735 -76.23488402367852,-14.149304032155229 -76.22243797763025,-14.153210162818596 -76.21776187441077,-14.155649304071929 -76.21634745577032,-14.159801721272245 -76.21787536165846,-14.16370451455164 -76.21965944752515,-14.164975047060707 -76.21906375908497,-14.16938924791532 -76.21613192514792,-14.168805837918924 -76.21576786069778,-14.17210364376804 -76.21447086293969,-14.1713726523259 -76.21360325818347,-14.17269003411765 -76.20979082608545,-14.172220706720083 -76.20632934542263,-14.173148631703867 -76.20568215820461,-14.176556349096046 -76.20144307603692,-14.173308133663241 -76.19847464598777,-14.175215244088022 -76.19899356380165,-14.179244041379178 -76.19673144779787,-14.17899906605382 -76.19663751091207,-14.181251406427137 -76.19460964222105,-14.182274580407437 -76.19376051403611,-14.185139655870358 -76.19108271609417,-14.187566757000027 -76.1918581727162,-14.189836621562733 -76.1945167782265,-14.190961122157958 -76.1914025545839,-14.199087858417812 -76.1887695788526,-14.199682355256314 -76.17774033554764,-14.20875704260331 -76.17662131811915,-14.207067131942395 -76.17397606394388,-14.20763731021357 -76.17281246172539,-14.20948791533489 -76.17094755198755,-14.209757327938135 -76.1670800445082,-14.212751150345184 -76.16430234897382,-14.217613101163494 -76.15918791259196,-14.21699023251314 -76.15338265928199,-14.219968914833316 -76.14118754836639,-14.23116624322742 -76.13890051844396,-14.234008670163817 -76.13687205350217,-14.238281250279385 -76.13645946972844,-14.238281250279385 -76.12997102754048,-14.25178647016935 -76.13235271020915,-14.256480813438657 -76.13037431232425,-14.26451528105521 -76.1301827432386,-14.264956950702555 -76.11019170268455,-14.293394804326581 -76.10961306089371,-14.294797063233787 -76.1082729100666,-14.299296736554936 -76.10740947726532,-14.303830862004617 -76.1065970657018,-14.311583161033994 -76.10654532950309,-14.31779360748888 -76.10716104494583,-14.321193575423095 -76.10831141453971,-14.325704455196359 -76.11035645038945,-14.328652977852428 -76.119142651412,-14.329440354988279 -76.12594926384719,-14.327315807378525 -76.14081525781768,-14.326801657770218 -76.1414232256011,-14.326859712605554 -76.14674484689698,-14.33049166246002 -76.14681434650467,-14.33221912341368 -76.14235031601407,-14.337115526360336 -76.14130151315405,-14.340269446077997 -76.13927626598655,-14.340198159517257 -76.1390742063092,-14.340527654027767 -76.13960003811104,-14.342244267358808 -76.13802993333437,-14.342986702674082 -76.13619542158102,-14.34721612972045 -76.13776767214026,-14.348561525393976 -76.13774125635356,-14.348790737402467 -76.13759934873076,-14.350022077456657 -76.1362697549832,-14.350047717180601 -76.13487315197415,-14.350074649125531 -76.13401723471486,-14.35196773290319 -76.13237762412791,-14.355594158143646 -76.13027668012441,-14.35526680941561 -76.13012981453912,-14.355502963290988 -76.13038170295289,-14.358281612106481 -76.12786626771378,-14.358997821392137 -76.1266237499857,-14.360660076101482 -76.12159611542583,-14.362555310711343 -76.1187539104643,-14.363626718298093 -76.11348843564255,-14.364464163390295 -76.10944294963201,-14.366593480104882 -76.10489845320066,-14.367247342990325 -76.08074545903534,-14.379772543767587 -76.0715086464067,-14.38528180141384 -76.06742644287567,-14.388214945663108 -76.06047630313853,-14.39470255417946 -76.05362367599139,-14.407047152204143 -76.04917907715236,-14.409036755641523 -76.04633736607622,-14.414062499984269 -76.04585027706844,-14.414062499984269 -76.04553115353957,-14.415284753288518 -76.04468274121518,-14.415890455679872 -76.04128146206958,-14.416712641974655 -76.04093933118497,-14.424381136779772 -76.0368009802807,-14.428473353362335 -76.03165185434938,-14.431852459723018 -76.02348744908613,-14.434489012058137 -76.01952815050356,-14.437515854872572 -76.01777076730681,-14.437414169428251 -76.01520574075192,-14.439039469195905 -76.01163494569593,-14.446017264884546 -75.98833060307459,-14.457648515266584 -75.97936105726671,-14.464657545309166 -75.97490382205353,-14.470128059262464 -75.97370624524683,-14.472977757217578 -75.97432172326862,-14.475628137528446 -75.97276675678006,-14.4780600068636 -75.97348141653376,-14.481419205831472 -75.9707373376578,-14.48278725183009 -75.96787166594444,-14.487182735994296 -75.96609282492366,-14.494236231216945 -75.96711814378699,-14.497471809376293 -75.96519172221991,-14.506955265572984 -75.97081065218941,-14.510154247620335 -75.9694217446175,-14.512028217128446 -75.96958386900005,-14.515464901683686 -75.97333431262808,-14.520513653382267 -75.97487282781853,-14.525260210390243 -75.97233402729316,-14.527187824458252 -75.97196412084725,-14.528832435368287 -75.96588432789912,-14.530970931463244 -75.96305000745164,-14.534013629325358 -75.96072292352386,-14.53469991726729 -75.95935785787862,-14.539240122133847 -75.95544385904657,-14.539313554476806 -75.95742464103415,-14.541149139121188 -75.95107364673098,-14.547344208068523 -75.94947564588395,-14.551823019816311 -75.9435515399712,-14.559012174172409 -75.93808364844142,-14.562989711905544 -75.93750000012463,-14.563895106174073 -75.93177545107596,-14.570688605594427 -75.93120503448449,-14.571751832680789 -75.93046486366217,-14.57494926429689 -75.93042683582956,-14.576911210883424 -75.93081557767664,-14.577668309644608 -75.93443727525971,-14.579059243389239 -75.93441665200663,-14.579360962338356 -75.93299818012161,-14.58170437795458 -75.9326012130752,-14.589843749689138 -75.93259704112015,-14.589843749689138 -75.92713665982876,-14.599637150933589 -75.92740297336815,-14.605105042463634 -75.93191444849273,-14.607211708853143 -75.93297207370185,-14.610089778620278 -75.92830145364883,-14.616489648378504 -75.92719244927179,-14.622867226641077 -75.9243086580179,-14.626330256835672 -75.92450261120615,-14.629686951191744 -75.92241704471047,-14.631294965989781 -75.92635166946184,-14.638730585021918 -75.92880320520362,-14.64336347574364 -75.92504823169014,-14.64477241031824 -75.92224688308693,-14.648168855608063 -75.91984343502628,-14.651082873076007 -75.91862555512498,-14.656495492272938 -75.9178946050518,-14.65974405304533 -75.91761243376664,-14.660998106377264 -75.91493070129053,-14.660867929511255 -75.91297161544747,-14.662656545263218 -75.9115331174591,-14.662129878890653 -75.90968763847349,-14.663951277629238 -75.90768682948334,-14.6635588404679 -75.90424334965061,-14.667301655147156 -75.90079152590795,-14.668900131735484 -75.90109944388405,-14.670743226618427 -75.89870142952708,-14.669547676883568 -75.89769256106257,-14.671915411966495 -75.88923883400474,-14.674091934994706 -75.87445604800783,-14.682536720992744 -75.86170947551165,-14.692355275375533 -75.85145688043048,-14.702622771323746 -75.85062205776143,-14.706054568063678 -75.8498940466726,-14.712632178931827 -75.85600316561337,-14.71501660363316 -75.85638322180804,-14.717374503730198 -75.85641205317336,-14.717553377086588 -75.85595505817889,-14.717552573992023 -75.85281896572224,-14.717547059349243 -75.83839476100917,-14.724719524086666 -75.83830619757276,-14.724892589621192 -75.83728444542038,-14.72688925273674 -75.83069431778807,-14.728103756582954 -75.81072640419995,-14.737386941853757 -75.81052116541923,-14.736641070229112 -75.81050515209097,-14.7365828750995 -75.81042862240776,-14.73668086166441 -75.80931592009347,-14.738105535242099 -75.79962082913764,-14.742557612843441 -75.78334975238892,-14.750029444802806 -75.75753676890639,-14.765625000293383 -75.75710046281569,-14.765625000293383 -75.74017310130719,-14.776353239610117 -75.73987054868664,-14.776605010212975 -75.73812174772019,-14.77982592582569 -75.73997020705903,-14.781712055067104 -75.73906755482358,-14.784119844155384 -75.73047780980272,-14.786025643368504 -75.71916544462923,-14.793852806461715 -75.70961070097286,-14.79820263384427 -75.69775593308952,-14.80662381623604 -75.69545984249754,-14.807135701351413 -75.6940912011477,-14.808033228350624 -75.69060683273887,-14.810871601143248 -75.68887794006477,-14.814058423457368 -75.68453145006612,-14.816435456630956 -75.6852033137817,-14.81901097287789 -75.68047475850298,-14.819225907249702 -75.67756772067352,-14.82037985344732 -75.66224944595479,-14.827345609911845 -75.65574216836612,-14.830556631183484 -75.64908444858804,-14.834825634695065 -75.64294993908803,-14.836371779733724 -75.64203765960994,-14.837854573829333 -75.64187312144702,-14.838122010622214 -75.63967928478837,-14.838821748245792 -75.63776600399768,-14.839432000885864 -75.63776106020475,-14.839608416485149 -75.63773441351199,-14.840559244413441 -75.63281941438422,-14.841701507518351 -75.6319458480221,-14.843105077637148 -75.63014483421645,-14.84318971643205 -75.63040685619126,-14.84418523356159 -75.62531042063893,-14.845018625409026 -75.61188662087045,-14.851971745499569 -75.61194086078194,-14.852867007106454 -75.61022973061745,-14.853074550849627 -75.60912275331225,-14.854555606555792 -75.60605088144274,-14.854087305284693 -75.60577046833222,-14.854044556910608 -75.60366034494865,-14.856212973449743 -75.59996604959326,-14.857132434913765 -75.5971968175788,-14.859740734147437 -75.59683215597903,-14.859893322118936 -75.59661722160723,-14.858741641313543 -75.59557092156052,-14.859081030165243 -75.5859374998156,-14.864955306442113 -75.58429861039232,-14.866046309089711 -75.58403074732087,-14.86525654785109 -75.5820460316987,-14.865699767929769 -75.57447505038303,-14.87219715117729 -75.5741872790195,-14.872373104435113 -75.57039415806378,-14.87334096471352 -75.57089555258744,-14.873974442666281 -75.56934595145418,-14.874889731275985 -75.56874847426235,-14.87427484950463 -75.56531965697627,-14.876608252968325 -75.56522345559767,-14.875170350331274 -75.56439745437888,-14.876945853068548 -75.56198143919167,-14.877493023983789 -75.55890965455666,-14.880539059230045 -75.55727362677612,-14.879458546274762 -75.55661904803043,-14.881384849131194 -75.55567574463947,-14.880956649529551 -75.55604124081049,-14.879927277421814 -75.55349874497085,-14.883269668060564 -75.54784691330417,-14.886634468905541 -75.54672801458605,-14.885202646584744 -75.54532647153925,-14.887957334763101 -75.54217684248704,-14.88906085507432 -75.54099953190263,-14.891167163533709 -75.53914284736425,-14.890912533086762 -75.53735935684853,-14.893102645770412 -75.53661561032177,-14.891925215576094 -75.53154146626545,-14.898077845516013 -75.53040325640478,-14.898678303061118 -75.53062963464964,-14.897369742719178 -75.52945637730957,-14.897427559234302 -75.5270607470554,-14.900828361739414 -75.52502584476676,-14.90062356002916 -75.52505636236091,-14.902325034172875 -75.52418255767844,-14.903156638168142 -75.52361082987557,-14.903540253879513 -75.52321112169568,-14.903692722241274 -75.5231237408675,-14.902350545241248 -75.52194952934695,-14.902120352072359 -75.52178645168314,-14.903582930307863 -75.52084362493295,-14.90327942350639 -75.51884973083006,-14.905040502916691 -75.51715576692473,-14.908118128648553 -75.50746262030347,-14.916766405145268 -75.50335240379019,-14.9227893348598 -75.49607872934948,-14.930099129670936 -75.49480712394922,-14.9334434268725 -75.49477744092587,-14.938567877205642 -75.49568510058674,-14.940077543044112 -75.49776637551744,-14.940178633137293 -75.49732530122134,-14.941406249998266 -75.49771416177896,-14.942179202907681 -75.49754130848424,-14.941406249998266 -75.49869680421392,-14.941406249998266 -75.49888253220291,-14.94165027114289 -75.49905705463897,-14.941406249998266 -75.49916112418617,-14.94045066816372 -75.49965524679186,-14.940327524895238 -75.50151705746583,-14.940590858081435 -75.50165474457049,-14.941406249998266 -75.50158560289287,-14.941406249998266 -75.50064897516975,-14.94387531259548 -75.503867030039,-14.946864247187051 -75.50401425355477,-14.947343825956722 -75.50395214547495,-14.948745011972647 -75.50240492844455,-14.9502233265451 -75.5035449270564,-14.952183842310376 -75.50322794931012,-14.955401420538948 -75.50555324538564,-14.959184646254315 -75.50552523150392,-14.966046452781384 -75.49092185485938,-14.97397494338881 -75.486640453294,-14.97934234107609 -75.46683883694249,-14.990354419021074 -75.45636856545667,-14.997222661996048 -75.45282125439695,-15.001264214371844 -75.44834554171308,-15.000594854368856 -75.44487082932488,-15.003381847993722 -75.44290614160491,-15.005303740574973 -75.4448615312345,-15.009129643618067 -75.44081687889548,-15.009995580131843 -75.4383677245905,-15.013202428549064 -75.43778896318986,-15.017980336822887 -75.43434166933235,-15.022427439374695 -75.43333327750855,-15.027851223654878 -75.43062293490024,-15.030465245274755 -75.42665708025982,-15.029366851099226 -75.42408204065322,-15.029842734554364 -75.42435991767567,-15.032734036046804 -75.4231120345924,-15.033424973483676 -75.42328226546385,-15.035815000961378 -75.42198407610391,-15.036198735383223 -75.42073214067554,-15.040534853500588 -75.41941595048553,-15.039902210118811 -75.41918337321397,-15.041927218066533 -75.41380774942786,-15.04391252993912 -75.41274607187336,-15.046720504747356 -75.41433501205094,-15.056477904331658 -75.4113156794748,-15.061803579771151 -75.4100779839116,-15.067965699357401 -75.40969240677879,-15.069885373311152 -75.40869585003324,-15.070817407297412 -75.40828573669705,-15.071200967250633 -75.40405595261984,-15.071568846624885 -75.40210413959397,-15.07466793018071 -75.39937996901,-15.07650542228727 -75.39560890212886,-15.082719207025576 -75.39477813270429,-15.085359453775595 -75.39378142397328,-15.090137958299934 -75.39486694345453,-15.092270970328812 -75.39185237908367,-15.09314465540146 -75.39393734932884,-15.102951050050834 -75.39021885411648,-15.103146434060605 -75.38514161099624,-15.105871557925923 -75.3868273497022,-15.110869407996702 -75.38516843327628,-15.117187499703235 -75.38500332854062,-15.117187499703235 -75.38361525553927,-15.11859941463122 -75.38120830102207,-15.118781923946443 -75.3748115303276,-15.12361764873539 -75.37264335120949,-15.127363920408357 -75.3728593584724,-15.12974643674849 -75.36969554441359,-15.13469254972128 -75.37012851222079,-15.139306306540632 -75.36810553044563,-15.141901850689663 -75.37337124358777,-15.1473710534312 -75.3726116537045,-15.149645629542036 -75.37138450179305,-15.153320312482279 -75.37051892320949,-15.154175758404477 -75.36921453482256,-15.153361320668196 -75.36879182198479,-15.151078066999133 -75.36848163591853,-15.14940261833604 -75.36512410609237,-15.147273421231276 -75.36473524553492,-15.145572900368933 -75.36337447145439,-15.14430785192559 -75.3579684496838,-15.141777754139824 -75.35297644160906,-15.147178649774816 -75.35481774774061,-15.154478430634953 -75.35134434656399,-15.1513711209803 -75.35129451782757,-15.149016022271454 -75.34862875910972,-15.148392319949394 -75.34828805904635,-15.151877879959969 -75.35133504847335,-15.156059623153027 -75.35011994837652,-15.157001018182328 -75.35035274508272,-15.157992720387668 -75.35054552555528,-15.158813953400994 -75.34887826432015,-15.159704327192756 -75.34832891147153,-15.159359413094492 -75.34067940692876,-15.154556632082759 -75.34119200700536,-15.150579452279658 -75.34089982536648,-15.149628162009904 -75.33975935011367,-15.148679018421916 -75.33875894516899,-15.148342251993213 -75.33109033075397,-15.14823055259771 -75.32231891188798,-15.149862051392432 -75.31910407569214,-15.150810361308984 -75.31286334996324,-15.153293966842924 -75.2979297638471,-15.160750508528977 -75.29547584043746,-15.160233855208062 -75.29502987832603,-15.160427451365564 -75.29118621367263,-15.16329860714491 -75.28725385697973,-15.16391181977447 -75.28583133185015,-15.165716648504315 -75.27930510014994,-15.168184161569485 -75.27759611576766,-15.1701728108264 -75.27138543099258,-15.173364400446545 -75.26694977321318,-15.178119659294651 -75.26307117979093,-15.179372548903956 -75.25966703900238,-15.180723666963516 -75.2590502497689,-15.182730555370625 -75.25118267563965,-15.187948465049445 -75.24723827882312,-15.192784071127761 -75.24408805352073,-15.193746923981294 -75.24376475803683,-15.19404721300836 -75.2393871541936,-15.200267552905046 -75.23915255074937,-15.200472950865816 -75.23694014567084,-15.200023651370344 -75.23451912395797,-15.201422214063726 -75.23427355328164,-15.2016592025101 -75.23085105463207,-15.206178545803041 -75.22216737272583,-15.218890070819981 -75.22200131380924,-15.219258427734104 -75.21795511283801,-15.231178641081343 -75.21676945654477,-15.237109303051753 -75.21676874158388,-15.243124843036995 -75.217985272502,-15.247639775155307 -75.2224271293083,-15.256555557692721 -75.2227066754723,-15.256940961256262 -75.22544455532153,-15.258599758072265 -75.23437500040575,-15.257812499646974 -75.24038982363129,-15.256629347965898 -75.25337815277922,-15.252861261437857 -75.2574211359765,-15.250190019553628 -75.25879693053372,-15.249289155170189 -75.2620996232987,-15.248405456146628 -75.26261210466475,-15.248523712499164 -75.2631294756294,-15.249244757453837 -75.26498162759975,-15.251826048233355 -75.26511967173508,-15.252634405653112 -75.26480436313054,-15.253237128590541 -75.25595235781458,-15.260214328927944 -75.24923551120952,-15.263772249289744 -75.24706280220624,-15.267220973968634 -75.24548614047279,-15.266697168339547 -75.24392414128573,-15.267783045750733 -75.24215495628573,-15.270535111506106 -75.24278640716656,-15.27215433095752 -75.24120450058706,-15.277811646690012 -75.23976206806464,-15.276522040459682 -75.23793315908767,-15.27927064922099 -75.23737430597907,-15.276539445039148 -75.23592460153895,-15.27712476249765 -75.23462530331483,-15.276138619001898 -75.23437500040575,-15.275948643514994 -75.23396062877984,-15.276246309219701 -75.23206690392169,-15.278552484704235 -75.2317986486882,-15.27887916534101 -75.23242950421795,-15.280008673361365 -75.23094153362456,-15.283632040086516 -75.23179304591207,-15.286888003178632 -75.23006606069981,-15.288404941834386 -75.22925722574018,-15.287427425535014 -75.22556865187161,-15.289045810415615 -75.22265485562966,-15.287432808883707 -75.21961975075058,-15.285752654061596 -75.21650695792948,-15.288343668325538 -75.21723109653766,-15.292550159062515 -75.2173031565153,-15.29296875030748 -75.21711564067414,-15.294275879827836 -75.21687340738151,-15.294517278549463 -75.21544614732142,-15.294826309886076 -75.21280801307915,-15.295397519679582 -75.20881795858159,-15.293618440338676 -75.20563745490438,-15.293293475713156 -75.20394921338507,-15.29460644722964 -75.20138883632546,-15.29296875030748 -75.19707930126839,-15.29296875030748 -75.19707930126839,-15.29282915574072 -75.19693470017603,-15.292689562073434 -75.19679021869325,-15.29282915574072 -75.19679021869325,-15.29296875030748 -75.19618046305777,-15.29296875030748 -75.19285285457539,-15.295479774371884 -75.18963563427678,-15.29957580587866 -75.18475103403267,-15.298578619607497 -75.18124294240766,-15.304858446060308 -75.17744100090133,-15.305301547428172 -75.1762324568621,-15.3067100044629 -75.17175936660107,-15.307893633684117 -75.16601514847997,-15.311110377341961 -75.1617282628489,-15.318256973980084 -75.15685784851075,-15.32272851470897 -75.15327966192655,-15.329598546435676 -75.15226852896902,-15.333212375850238 -75.15072155025891,-15.342247009192036 -75.1536760327223,-15.353056431209168 -75.1575297113267,-15.35604143126696 -75.1627230641179,-15.35721111290242 -75.16705870649386,-15.354928969895937 -75.17030167618123,-15.355969310135407 -75.17422223107067,-15.354697465515386 -75.17811095715464,-15.35595405133816 -75.18592524555342,-15.354749440933759 -75.18862640878143,-15.357522129942282 -75.18937754593685,-15.361152052724904 -75.19248735930393,-15.36106240740395 -75.19317495845718,-15.365016818171412 -75.19406588443277,-15.365977900259821 -75.19497644890362,-15.366960167677533 -75.19309782990041,-15.370506644166099 -75.19226324555211,-15.371178746202077 -75.19039189307114,-15.370279643590521 -75.18668210509486,-15.368497252046296 -75.18602704970837,-15.372127652369059 -75.18288683925601,-15.371799945710805 -75.18201446539513,-15.373183369217045 -75.18072330963281,-15.373116254611347 -75.17896020404987,-15.376103401350818 -75.17375612234687,-15.375351548335061 -75.16868245583044,-15.377624154031324 -75.16884922970792,-15.378722548206838 -75.16853034539889,-15.379057645493745 -75.16693484826439,-15.379890322380291 -75.16393113151628,-15.38006925599116 -75.16187274433139,-15.381793617881058 -75.16063165652537,-15.383928537372029 -75.16038346252648,-15.384765625433118 -75.16051483189378,-15.390428543042532 -75.15963860983365,-15.39420990446331 -75.15959751621207,-15.394387245374872 -75.15924477602522,-15.394715547384536 -75.15877308780333,-15.394883398730599 -75.15810310827155,-15.395121812521452 -75.15706765674668,-15.392710566439362 -75.15494680445113,-15.394739031381064 -75.15465807890683,-15.394736170637685 -75.15057563795514,-15.392744660637405 -75.14465665817801,-15.397851467171407 -75.14439845112733,-15.401558041870047 -75.14202892819205,-15.405575156068394 -75.14353386179795,-15.406741601043933 -75.14376735727734,-15.406922578813777 -75.14198100601834,-15.40889704216454 -75.14236760118348,-15.412387251670125 -75.14053285110992,-15.41153120949761 -75.13931876796522,-15.409313485920293 -75.13907277568782,-15.408864140467529 -75.13758647423606,-15.408174872172566 -75.13617861255273,-15.408930063471473 -75.1333328482321,-15.406460046693525 -75.12901484965536,-15.408700346943363 -75.12355434875406,-15.407336473799162 -75.11912584328283,-15.413199424913458 -75.11540055279303,-15.410877346612168 -75.10558021055783,-15.414610147340241 -75.10348594222228,-15.419533371667654 -75.10069787480685,-15.418354273230904 -75.10071110743144,-15.421196579658272 -75.10274732093183,-15.422255277758751 -75.10201025007274,-15.423031329732012 -75.10257792463128,-15.426576614618924 -75.09794545202061,-15.423694610317938 -75.09430170036279,-15.425359249129798 -75.09447646111951,-15.429038405297959 -75.08960890752482,-15.42822480213286 -75.08525276150556,-15.426105261048875 -75.08447015257508,-15.426249265890704 -75.08384346989982,-15.426759838895208 -75.08390045184404,-15.428040147035063 -75.08083581951712,-15.428441405646211 -75.08060181142423,-15.42863154391054 -75.08133864396302,-15.432358145611715 -75.07989692730106,-15.433594107282147 -75.07643485038773,-15.432839751453244 -75.07596135103529,-15.432909726802308 -75.07424795637786,-15.43370652163847 -75.07389450033077,-15.43403875818207 -75.0733221771763,-15.436294317228729 -75.07038915163758,-15.437374353543504 -75.07052123506656,-15.440152049077625 -75.07229765421312,-15.443198512401182 -75.07258462877732,-15.443690657397852 -75.07227253884633,-15.444409250786208 -75.07183325330152,-15.444628954262683 -75.06907563063567,-15.444812696548595 -75.06873095017289,-15.444835662535667 -75.06869372608412,-15.445004024741095 -75.06801307174561,-15.448082565857604 -75.06747150450596,-15.44867420195257 -75.0637519364023,-15.45132935046891 -75.06252145789875,-15.451027751129715 -75.0618815425988,-15.45266425645022 -75.05626070516723,-15.4556456808033 -75.05504834620388,-15.45619344706978 -75.05136001065569,-15.457310318716068 -75.04701971968399,-15.457310318716068 -75.0435558558176,-15.460474848635243 -75.04120028046825,-15.459882020938352 -75.03435479124025,-15.462207299926732 -75.03197216967965,-15.463016629513632 -75.0266201494999,-15.46017694461024 -75.01232075719696,-15.461792468747277 -75.00508415730775,-15.465354800283606 -74.99392354463549,-15.46875000001235 -74.9934358593772,-15.46875000001235 -74.98335754841196,-15.476528644681096 -74.9830604789575,-15.478636264351977 -74.98634135686791,-15.478702663996685 -74.98689782587363,-15.479776024643542 -74.98274302457062,-15.482065558278748 -74.98099505907436,-15.485731244401308 -74.9782632586421,-15.486981153657226 -74.9783649440867,-15.490037441174778 -74.97744472899075,-15.490718360163982 -74.97536504226258,-15.492257237781047 -74.97443976308443,-15.492223801886638 -74.96849346190356,-15.492008924172438 -74.96272635423747,-15.49574077161914 -74.96231031436923,-15.498369455785578 -74.95903253552274,-15.497828006357082 -74.95909345110147,-15.496188163652704 -74.95582604413639,-15.500637650307198 -74.95266437496068,-15.501710414703808 -74.9486531018589,-15.49993634188857 -74.94822847886081,-15.499979019216113 -74.94783318005699,-15.50068664537227 -74.94865417475,-15.501815557142109 -74.94607686975135,-15.502438307082087 -74.94578683389494,-15.502444148178668 -74.94161081308829,-15.500119567064132 -74.94083201908202,-15.500062823440388 -74.93781125568447,-15.500529050874903 -74.92869007608601,-15.50393557576605 -74.9165612461045,-15.509852766791667 -74.91393446939998,-15.509970307283666 -74.8998004201529,-15.517061352799061 -74.88800680616893,-15.523656606567073 -74.88281250009646,-15.527343749614218 -74.87279117107545,-15.53326177610991 -74.85967946033855,-15.543045758754687 -74.85222446908367,-15.549490809553077 -74.8458646533307,-15.557079911308634 -74.84663021561164,-15.563744545074556 -74.85148870943624,-15.564046859374997 -74.85086274172187,-15.565533280436341 -74.85295641380716,-15.569542765685938 -74.85574924942807,-15.57064056361095 -74.85464445837476,-15.573926794285995 -74.85433125508311,-15.574858427174519 -74.85168740143376,-15.574622572019464 -74.85081946814373,-15.574545144742515 -74.84779345989992,-15.572897673089017 -74.84612882108797,-15.567572474290117 -74.84267497027338,-15.56570947201439 -74.83249294769115,-15.56730186918584 -74.80088746508426,-15.578912257994162 -74.76420795892983,-15.595097303797402 -74.72395193533322,-15.615964650947632 -74.72319817575499,-15.616377353432 -74.69584226590757,-15.632647514670992 -74.68751227836873,-15.63872206187348 -74.68616330609129,-15.642606616002425 -74.6820193533101,-15.643724560539809 -74.6816711430086,-15.644531249717232 -74.68179464330785,-15.645236730990177 -74.68150504811922,-15.645469026773952 -74.67978894740176,-15.646845579459836 -74.67893523951074,-15.646569867259032 -74.67659091953499,-15.645812749458756 -74.65396235357946,-15.657267618505557 -74.64500784893272,-15.661800503790019 -74.64263238772259,-15.661730961324011 -74.63750314675258,-15.661580801212907 -74.62074220209061,-15.667198658291284 -74.53835272749606,-15.700112938661135 -74.5379036663208,-15.700277328435817 -74.53364944496553,-15.701378464644336 -74.53124999978752,-15.700892806457787 -74.5194432736877,-15.70347082641743 -74.49024736892073,-15.71124601319282 -74.47371900063123,-15.718221425678138 -74.46762084982203,-15.72148025041318 -74.4628496172158,-15.725339531793864 -74.46252596380177,-15.725765108972524 -74.46330606901952,-15.728116035726316 -74.46233987788281,-15.735661625583433 -74.46337354155543,-15.741483449801265 -74.45935165915142,-15.74025154137533 -74.46060824407493,-15.750710964339333 -74.46242284753612,-15.755277275625659 -74.45937550107817,-15.757995366792557 -74.45880186581303,-15.76126480082975 -74.4554569723611,-15.761980771795109 -74.45540261284006,-15.765148758708179 -74.45204997082911,-15.771635770973845 -74.45075094689838,-15.773158549826988 -74.44856953605486,-15.773437619350574 -74.44580876845961,-15.77719545360705 -74.44510865254193,-15.782256365039018 -74.44138824896817,-15.787315011078775 -74.44059194965848,-15.793061404659923 -74.44034695634673,-15.794829368380505 -74.43323861327104,-15.800544887336486 -74.43300247198621,-15.800734758502202 -74.43258356238124,-15.801218713372691 -74.42786705532006,-15.806667566255015 -74.42749112971148,-15.806457107809138 -74.42642974893337,-15.805862903250159 -74.42413854615671,-15.806514978283417 -74.42298517822312,-15.811092210936593 -74.42276895062639,-15.8119503260465 -74.4211475485202,-15.812464008906744 -74.41389524916619,-15.814761638238863 -74.40807270998738,-15.820312500321478 -74.40797102454286,-15.820312500321478 -74.4057285785108,-15.822275758119673 -74.4048060179831,-15.822789430187925 -74.40111351047977,-15.823298454559918 -74.40058803570889,-15.825793266545887 -74.39670765443435,-15.82773637773154 -74.39552807845791,-15.830519557331655 -74.39212894419524,-15.829358577536155 -74.39041864860155,-15.831470846702047 -74.38668632541334,-15.829480409593046 -74.3836399313376,-15.831816315870157 -74.38295929023872,-15.833851887254582 -74.38293755092678,-15.833916902842617 -74.38276373985431,-15.833903333871689 -74.3798805475488,-15.833678245254603 -74.37899207042739,-15.834895604448505 -74.37849092501591,-15.835582256615623 -74.3781236409929,-15.83563983481038 -74.37761294298272,-15.835258433229924 -74.37668752710732,-15.83456730873425 -74.37517262091927,-15.83593012247708 -74.37482452393246,-15.836243271809408 -74.37446461704792,-15.836161450590367 -74.37329757222483,-15.83589613439895 -74.36889123953881,-15.8326257470804 -74.36708784073102,-15.832181454110597 -74.36316883537307,-15.83264720400507 -74.36281764471832,-15.832777262160704 -74.36309075353512,-15.835625529294674 -74.36152696649606,-15.838971615247601 -74.35633003710123,-15.838676214035843 -74.35542595404411,-15.841735243586498 -74.3528995515727,-15.840253829950115 -74.3504246469796,-15.843432664485704 -74.34508621735466,-15.84375202633477 -74.34256482140896,-15.841495752326864 -74.34141695462858,-15.844525933424904 -74.33746874288784,-15.842683434792576 -74.3361965421364,-15.84526050057157 -74.33240461368155,-15.845499038549661 -74.33164274671515,-15.842762351201458 -74.3266370293752,-15.842280149109413 -74.32592403876305,-15.8429945705429 -74.32874023877065,-15.848714351385993 -74.32601511490543,-15.849817156736236 -74.3201142546688,-15.8500341172806 -74.31662786008741,-15.84587395152144 -74.31563544292109,-15.842730164465337 -74.31237304248162,-15.839478016297235 -74.31115984894763,-15.841276049749766 -74.31263601773784,-15.845549464436061 -74.30963265891978,-15.846259474694733 -74.30591595155977,-15.845008134617572 -74.30441725295356,-15.848261236966408 -74.30232465286016,-15.843500971592348 -74.29970717424641,-15.841665625268277 -74.29562354079343,-15.843700050916397 -74.29587852917041,-15.841984152546516 -74.29353582851545,-15.840978503654881 -74.2923823598577,-15.837159752920144 -74.28331911548457,-15.836308240632619 -74.28098094471449,-15.836703538537336 -74.27476811415693,-15.838502049529737 -74.27335345719618,-15.839142561080124 -74.27259743222538,-15.840947746840726 -74.26802432566183,-15.842947840869968 -74.26569271094968,-15.84486603723775 -74.26344907241648,-15.847828269159109 -74.25870370880892,-15.848837018013867 -74.25224733374722,-15.85285294061056 -74.24988603601139,-15.85645794857524 -74.24819636367096,-15.86474287468377 -74.25008142002116,-15.865593075759719 -74.24936485280557,-15.867150068420827 -74.25067925424383,-15.869198441654618 -74.24599337539382,-15.87575280684645 -74.24405942895146,-15.876905524652017 -74.24262416337405,-15.877761006465136 -74.24205463476915,-15.87791390567665 -74.23549735541843,-15.879674315017354 -74.23109865168118,-15.879421949063612 -74.22024071213895,-15.88405787956728 -74.21345603506768,-15.8843858245461 -74.21169495565738,-15.88919150838133 -74.20953893627268,-15.887565851582636 -74.20741665405507,-15.889901756960299 -74.20682144135603,-15.89002633105028 -74.19036805674003,-15.89093351407027 -74.18414771594416,-15.891827702786046 -74.1796875003775,-15.893415213041479 -74.17613363236092,-15.894598126402258 -74.0541807416476,-15.952685356244118 -74.04744231670938,-15.958055019323538 -74.04595243955316,-15.960735917228732 -74.0418896676739,-15.96284592190166 -74.04240262478118,-15.96805024102568 -74.03976440420371,-15.96850037599151 -74.03555011724376,-15.971374630834447 -74.03399920489909,-15.977044939971876 -74.02551174157315,-15.991729259197783 -74.02528417082769,-15.992264032059325 -74.02511656327863,-15.993672013352665 -74.02624154051443,-15.996093750026432 -74.02611482154134,-15.996093750026432 -74.02675950504675,-15.999406456742491 -74.02686834369871,-15.999686241226783 -74.0318031315091,-16.00572264188628 -74.03202104533466,-16.006232976570487 -74.03324043789564,-16.013310909071123 -74.03300547562182,-16.014583349042113 -74.03239250221202,-16.01657223661931 -74.02854371052362,-16.017280459025727 -74.02669525118472,-16.01883375637256 -74.02492034469776,-16.021313547881846 -74.02480590326951,-16.023461342067108 -74.02178096791692,-16.02304995079433 -74.01896131001598,-16.024968028451568 -74.01867961896886,-16.025379300114338 -74.01772713619818,-16.027781844356554 -74.01831590345586,-16.035215633194824 -74.0183187722933,-16.035251856088138 -74.01828386330925,-16.03523541648113 -74.01032030543735,-16.03148508077176 -74.00917017416401,-16.031416058704053 -74.00657892247898,-16.032395243245688 -74.00498497487644,-16.033869027933136 -74.00328624276574,-16.037223458695536 -73.99980330427886,-16.038290977346605 -74.0003501172639,-16.044227719633355 -73.99960994734084,-16.044481158478476 -73.99841070139252,-16.04445147545505 -73.99790477788278,-16.044096350266244 -73.99631571809556,-16.04105746732816 -73.99548995519706,-16.040669679661903 -73.99176466470738,-16.03967034850764 -73.98922193054733,-16.040743469935094 -73.98702061141182,-16.04217004740964 -73.98618900741656,-16.04396891633226 -73.98054885884252,-16.04819345466413 -73.97896993171668,-16.055215358501897 -73.97516417528612,-16.053775310082273 -73.97477757922181,-16.05520522584034 -73.97107422319661,-16.055559277238757 -73.9596501586276,-16.062108159264056 -73.95415294200444,-16.07154560074879 -73.95393852474282,-16.074964510203884 -73.95388364811157,-16.0758395190784 -73.95248518669905,-16.075858217992817 -73.94940805413802,-16.075899362665282 -73.9465632439983,-16.0789582726061 -73.93422210206813,-16.08630824103234 -73.93127310277129,-16.08567237897688 -73.93109965322614,-16.087775350052212 -73.92330694226138,-16.093268871361175 -73.90416264578909,-16.10159635518751 -73.90241193736057,-16.103669046988813 -73.90252017796354,-16.106624915307535 -73.9025391338738,-16.107142567775185 -73.90224899459514,-16.10687338809619 -73.90066945593031,-16.10540795361399 -73.89746594399787,-16.10565245139921 -73.89384555852547,-16.10898292062521 -73.88723945623573,-16.111060261921438 -73.8797198531883,-16.11897981146906 -73.87927615646913,-16.122914552264547 -73.88137805465317,-16.124266147864347 -73.88138726191221,-16.12598799345099 -73.88138890227577,-16.126294851126175 -73.881165676054,-16.12619102179056 -73.87803685651545,-16.12473571268285 -73.86852528571316,-16.137515167091138 -73.86837434799742,-16.1377179624139 -73.86789588618575,-16.137876361804572 -73.85275602347139,-16.14288854616936 -73.847708344664,-16.146136760702888 -73.84743571248788,-16.147495746931057 -73.84462225451313,-16.147907972774647 -73.83615255369696,-16.152450918774747 -73.83453893702193,-16.15551555200105 -73.82812500006855,-16.157366037512546 -73.82812500006855,-16.15764510613657 -73.82748615765979,-16.158286810187974 -73.82812500006855,-16.15876114411141 -73.82910585375171,-16.159695268121908 -73.82867871175296,-16.160381976946468 -73.82812500006855,-16.161272168175813 -73.82789305142293,-16.16062255188919 -73.82764291758645,-16.15992200339744 -73.82523047900312,-16.1588325502819 -73.81983137122052,-16.161983251325864 -73.81047725642009,-16.163533806639705 -73.8084585671088,-16.166198611176824 -73.80560791497305,-16.166195750433275 -73.80257119940114,-16.168270784968584 -73.80095374621794,-16.169376015790377 -73.8004558563525,-16.16936697760373 -73.79409134344036,-16.16925144170058 -73.78835284680622,-16.171874999731315 -73.78802943261184,-16.171874999731315 -73.78659594025015,-16.172928810016487 -73.78279435667378,-16.17272186252383 -73.77306830925468,-16.174847245603672 -73.76871323612667,-16.17820334460842 -73.76756203196197,-16.177922367623097 -73.76121044140848,-16.181350112017995 -73.75971055030152,-16.183788657020813 -73.75501465839943,-16.18492424445823 -73.75305366509434,-16.187999844916718 -73.75022613992417,-16.18704605093434 -73.74879324471226,-16.188970446328852 -73.7457751037378,-16.18851876273051 -73.73695385433655,-16.193326354027832 -73.72868537862692,-16.195628166106815 -73.72733891006237,-16.198475479959342 -73.72832357867,-16.202784657086198 -73.72679758114307,-16.20098745820448 -73.7253533598693,-16.201058507344115 -73.72209465474418,-16.20387005785679 -73.72235071691182,-16.20660555360334 -73.71957981575565,-16.2089811559555 -73.70827245710802,-16.213093638760284 -73.69999337209617,-16.218889355659044 -73.70053923090046,-16.2246425148401 -73.69949317007342,-16.228250146127223 -73.70467293230962,-16.22691941300043 -73.70469307892219,-16.22921776808535 -73.7009023429685,-16.232050657711426 -73.7027549742624,-16.23592197921586 -73.70353231207775,-16.24347394271237 -73.70356524004353,-16.243793844909902 -73.70257985557564,-16.245013356181246 -73.70181130022306,-16.24478981359671 -73.7008855346393,-16.244520544787235 -73.69759261570621,-16.24002850041485 -73.69493973258236,-16.23824596407988 -73.69349694212991,-16.234529376329434 -73.6915972232328,-16.2342246770271 -73.69005060155379,-16.23048985012629 -73.68706905849007,-16.23117506517704 -73.68625390489362,-16.228853464415707 -73.68181705461313,-16.227249026221415 -73.68044090302496,-16.22547471508588 -73.67716741574338,-16.228146553220796 -73.67738354171695,-16.22296297516104 -73.67708384983948,-16.222915649237763 -73.67431414118445,-16.224526643489725 -73.6716495749676,-16.224564552611866 -73.67169404014743,-16.226727962625233 -73.66806316408335,-16.227513313588418 -73.66608810448224,-16.2308155297127 -73.66043674945598,-16.229195117760256 -73.6587091679933,-16.231239676070032 -73.6533466581214,-16.23207175760544 -73.64964437498747,-16.23478913291207 -73.64644813497313,-16.22947275646233 -73.64580857760347,-16.229374646722448 -73.64390075221755,-16.229894160786742 -73.64272534819588,-16.2325841184622 -73.64151895083876,-16.23378074198753 -73.63994646105999,-16.234216451827564 -73.63949024667738,-16.234251379697312 -73.63858532904953,-16.23196864133942 -73.6353143454802,-16.23009371765076 -73.6347433326383,-16.229982137865264 -73.629448652333,-16.231219172426805 -73.6249939199333,-16.23055720305237 -73.62434685232512,-16.23066806787689 -73.61963462873467,-16.23269212254334 -73.61851894869022,-16.23189604266817 -73.61820352047584,-16.231907248220836 -73.61640262627992,-16.23235666732623 -73.61340236652569,-16.233418226169903 -73.6062647100481,-16.237547874334837 -73.60639464859372,-16.239476204263283 -73.60488772388896,-16.241025567076093 -73.60213506188342,-16.240977168261537 -73.60082900525418,-16.242271661407898 -73.59671175514319,-16.243239045045712 -73.58915770086679,-16.24171984189701 -73.58603155581125,-16.24337315554638 -73.58408570259289,-16.243051051664594 -73.5778391357673,-16.246622324260642 -73.57093024253635,-16.248936176463275 -73.57034176845747,-16.24946854813483 -73.568520665596,-16.25111603777482 -73.56690676352952,-16.25015835524927 -73.56534755254705,-16.24923312630763 -73.56227934361647,-16.249681830451962 -73.56226217735741,-16.246001720103237 -73.5605380537879,-16.244223237012662 -73.55540525954484,-16.249979376546833 -73.5475772618808,-16.253320455974176 -73.53394675294004,-16.25662875151552 -73.53359031653957,-16.2568168636072 -73.53165435766226,-16.257931947401303 -73.53132236033832,-16.25828635672977 -73.53040814372054,-16.261291504299393 -73.52791333173448,-16.26293587688913 -73.51938247701929,-16.26397967322312 -73.50231647512499,-16.272974252559578 -73.49552595605775,-16.274445533534404 -73.49504935764148,-16.27468752850656 -73.49390161047074,-16.276692867381783 -73.49193644521063,-16.277400135607536 -73.490994572641,-16.279498458087318 -73.48678493517616,-16.28057730190079 -73.48435866861755,-16.283630609065057 -73.48400640507114,-16.28382575475453 -73.4809030290514,-16.284789204757686 -73.47710633239123,-16.280798554009962 -73.47656249975915,-16.28069186203959 -73.47656249975915,-16.28041291212611 -73.47433102095965,-16.279724240081478 -73.47331345065501,-16.27971100835626 -73.47180032692319,-16.280544161883483 -73.47082555265689,-16.282281041436832 -73.46525895603574,-16.279636025582036 -73.46039545568556,-16.278694629653188 -73.45993876466207,-16.278789162789522 -73.45607841039009,-16.280886649798845 -73.45179402847134,-16.281395912491305 -73.45052301842213,-16.281938910552142 -73.44366884264264,-16.285999655359745 -73.44169342511105,-16.28586637942972 -73.43025434006546,-16.289648771473566 -73.42645943125729,-16.291949034020575 -73.42087674126833,-16.293398260920924 -73.41537070229583,-16.295696139365248 -73.41471135624386,-16.29605245615582 -73.41252577344545,-16.298148631953737 -73.40503025064532,-16.300093054350867 -73.39854931869593,-16.304860234611994 -73.3927623036372,-16.306941151612662 -73.39264345103408,-16.307937181355697 -73.3925535682923,-16.308690428320418 -73.39097034960182,-16.309700607996504 -73.39005152462369,-16.30982959888567 -73.38344943534298,-16.310756445353505 -73.38251364219067,-16.31181454630419 -73.3764624593748,-16.31317830073783 -73.37106740483665,-16.31256926096252 -73.36676692954984,-16.31696963294202 -73.3651039598796,-16.316481947683627 -73.35518884618784,-16.321466207199492 -73.34906506559989,-16.322189450082945 -73.3375833032265,-16.327067613879052 -73.3312401770921,-16.330338477838282 -73.32482314107477,-16.335297822536305 -73.31396937348734,-16.339882015942067 -73.311186075177,-16.34386742094462 -73.31091773546478,-16.3464447259432 -73.3074010607101,-16.34720611536973 -73.3070330617262,-16.34765625033556 -73.30704784388257,-16.348200559607974 -73.30354356808078,-16.34765625033556 -73.30130255197093,-16.351728558625965 -73.30071485040958,-16.357292532824047 -73.3054683205064,-16.36086523534223 -73.30720186267558,-16.36352932491829 -73.30716860304835,-16.36486184589735 -73.3048994543461,-16.36564540900828 -73.30576634414106,-16.366258502028103 -73.30430400332693,-16.366427779618178 -73.30243504034442,-16.369564414366124 -73.30235946221916,-16.37092852583062 -73.30488586469056,-16.372838020358273 -73.30611193201992,-16.37619483432408 -73.30419850385758,-16.381515621948182 -73.30070984388405,-16.38327693967878 -73.29690277534257,-16.387475967841468 -73.29871022739479,-16.388809442101902 -73.29687154278719,-16.39117395851123 -73.29677593675973,-16.395520806439947 -73.29399943372675,-16.39572322404743 -73.2954343560105,-16.39825046019037 -73.29262745409329,-16.39866292435434 -73.29240047959826,-16.402949452055395 -73.29137134581066,-16.40315687618883 -73.29186375071123,-16.405712091140003 -73.29196155108454,-16.406219601952856 -73.29022546743101,-16.406074740057036 -73.28838705981474,-16.405921339997718 -73.28691744798152,-16.40333652476076 -73.2847074270058,-16.403300762320015 -73.28396785243416,-16.40111565616249 -73.27963995951626,-16.400897503117164 -73.27751684182846,-16.399584054960002 -73.2762193683289,-16.400539040544118 -73.27232110493475,-16.397928475918235 -73.27146184408838,-16.40186190640169 -73.27047681844999,-16.402261852902058 -73.26588094195151,-16.400752067453837 -73.26327765014315,-16.40233516653464 -73.2607952353116,-16.40239644094285 -73.26027655581794,-16.404567718225536 -73.26140987876249,-16.40823626509129 -73.26010990155038,-16.40944457081015 -73.25775194209808,-16.409462452030382 -73.25623762586548,-16.41238677482967 -73.2541854377074,-16.407965659987013 -73.2493536474525,-16.41064262425762 -73.24758779983671,-16.409757256092433 -73.2476428743191,-16.408087015403297 -73.24344015084213,-16.406864762098863 -73.23507404293241,-16.411290168506326 -73.23564434081325,-16.415004253443357 -73.2345755100514,-16.415130019134907 -73.22994732900588,-16.414813637639057 -73.2288444040457,-16.41337954992612 -73.22378063187028,-16.413642644792006 -73.22317647901099,-16.41136014475468 -73.22012615219975,-16.408780336043577 -73.21834385418515,-16.408457756420205 -73.21673154872161,-16.40983223886647 -73.21621274961848,-16.40713036067747 -73.2190613746825,-16.40304064780733 -73.2167365552474,-16.40079486349211 -73.20763480640079,-16.400944947750986 -73.201976537387,-16.40457797049683 -73.19993853603427,-16.40759634979152 -73.19810235513938,-16.407725930407267 -73.19648265814783,-16.41220521969501 -73.19223105921571,-16.412835478974003 -73.19170010127846,-16.414197444656196 -73.18973732012103,-16.414703845705645 -73.18943452828063,-16.416208744238105 -73.18528187275984,-16.415701031976894 -73.18276154970539,-16.41411876656771 -73.17967426795275,-16.416852474461976 -73.17712497683598,-16.416806578460765 -73.17556512343131,-16.420288324446418 -73.17278587836523,-16.42201817040214 -73.17085254191102,-16.42184817785099 -73.16740202937984,-16.41888356182676 -73.15662872773322,-16.421701550585993 -73.154345512735,-16.42699611218066 -73.15282320962316,-16.42804932621513 -73.15361082597843,-16.42908334691886 -73.15091454966634,-16.431828379975542 -73.15184593164429,-16.432869434276796 -73.15128803271625,-16.43430340327936 -73.14869225024682,-16.43568527725354 -73.1493934390557,-16.43836820133137 -73.14871907252686,-16.439093947027715 -73.14599037205772,-16.43936014185701 -73.14265024681112,-16.441447377494313 -73.13939416410909,-16.4456814531364 -73.13411581549224,-16.44638884097209 -73.13257739652943,-16.449081915697803 -73.13122940091591,-16.451441645915068 -73.12945275334161,-16.450731908150956 -73.1288397313684,-16.450487017361894 -73.1290117886532,-16.450996118241747 -73.1293125148604,-16.45188593888487 -73.12911450842739,-16.45227575272368 -73.12789475883582,-16.452519536447284 -73.12691522985364,-16.452252296606005 -73.12500000034942,-16.451729774309456 -73.12500000034942,-16.451450944005813 -73.12397873383122,-16.451150655877854 -73.12273645442343,-16.452820777856516 -73.12173795694076,-16.45234334486925 -73.11990475639908,-16.453943252279174 -73.11822855500344,-16.454310536302017 -73.11538505517586,-16.454698443578096 -73.11060595530029,-16.454799056131407 -73.10806131367832,-16.453200816964085 -73.10114371770814,-16.455947041622522 -73.09026861190665,-16.465840935810448 -73.08090507940548,-16.472483515501636 -73.07950973538578,-16.475007533870524 -73.07487094413847,-16.476032852733752 -73.07216095946058,-16.47757554077853 -73.06822240374052,-16.482636928851093 -73.06351757077897,-16.48246514754841 -73.06335306139437,-16.483919739803937 -73.05840766428202,-16.48570811723569 -73.05684721462694,-16.488758801976957 -73.05383622686,-16.489242076960096 -73.05254614308961,-16.491456508211087 -73.05305387603516,-16.49650721323721 -73.0531237128888,-16.49720191973273 -73.04826664898644,-16.499647021692567 -73.04601782274591,-16.499630499478215 -73.03496170002217,-16.49954926988272 -73.0341271165729,-16.500900744973322 -73.03273856603187,-16.500687479743306 -73.0323895211593,-16.502622365729408 -73.02685117763949,-16.502146958914878 -73.02095925846277,-16.50485158003616 -73.01789104953212,-16.508247852656183 -73.01686049121832,-16.508725027537835 -73.01112842563595,-16.511379122948043 -73.00930353033343,-16.510729344783343 -73.00730335716378,-16.510017156366487 -73.00380003464352,-16.5070910457151 -72.99926853161719,-16.508399844377166 -72.99531245260721,-16.510992408172996 -72.98983991158241,-16.510762333714666 -72.98748821231084,-16.51506162099676 -72.98700046499914,-16.51595330240289 -72.98457014519576,-16.516560554326034 -72.97568440451136,-16.51669383025589 -72.97566275238444,-16.51666961601559 -72.97490465632455,-16.51582181432522 -72.97561395162217,-16.514264821664113 -72.9723597763824,-16.51402795282766 -72.97192180114996,-16.51406884230302 -72.97159850566607,-16.516401648617006 -72.96971985608599,-16.51751216745238 -72.96897625884716,-16.517951727290068 -72.96887529620545,-16.51782492837097 -72.96726334083024,-16.51580047611101 -72.96531426893819,-16.517981052383533 -72.96344470970516,-16.517717361267117 -72.96162235768537,-16.518929004369866 -72.96022021748871,-16.51656460757036 -72.9562246798248,-16.51511466480966 -72.95340597610459,-16.517503738106896 -72.95146191163758,-16.515879273809233 -72.94610965223842,-16.517701506219353 -72.9429018496403,-16.516036629986388 -72.93718695661252,-16.519234776563465 -72.93495631238363,-16.51930713691469 -72.93352794615754,-16.518199563358976 -72.93005061134642,-16.520292640093047 -72.927863001476,-16.519333362944124 -72.92363655568221,-16.520006418261474 -72.91904783239136,-16.519070148468487 -72.91156172729146,-16.52343750004043 -72.91051185154049,-16.52343750004043 -72.90660655454849,-16.52731406729022 -72.9004603628552,-16.529789447624708 -72.87379181384085,-16.546754240715387 -72.86522185840175,-16.553803443473967 -72.84663152722305,-16.565929532321846 -72.8045258517862,-16.60239565363635 -72.79944289159556,-16.607457987506393 -72.79418540013586,-16.612694143819468 -72.77564954718875,-16.62600004696455 -72.77343750004019,-16.627232075000137 -72.76398777921233,-16.63323175903834 -72.74888813507897,-16.63972425447055 -72.71747851402199,-16.65073633151634 -72.69873091300087,-16.653462798968775 -72.67017602880043,-16.657615542623063 -72.63774025430888,-16.66046464432766 -72.63012059269084,-16.662230069261994 -72.62595224400056,-16.663195848509503 -72.61717768020543,-16.664151451927765 -72.6074752804596,-16.6652081013726 -72.60231883764402,-16.666631585179417 -72.58638322330694,-16.67103076016123 -72.58080620064581,-16.671566725082826 -72.57978904242995,-16.671664476434287 -72.57920593010928,-16.671933837776322 -72.57427525489885,-16.67421150215884 -72.57036514113798,-16.673917258374573 -72.56910622157466,-16.673822521991568 -72.56764514940988,-16.674484271992668 -72.56411671631315,-16.67608237260336 -72.53430533442332,-16.681985855262795 -72.50309545654011,-16.690986680831656 -72.47455120127674,-16.699218749745313 -72.47313845177777,-16.699218749745313 -72.46297717115914,-16.701109528481737 -72.45696210871404,-16.70043945351786 -72.45533204074081,-16.70379984408723 -72.44809222217802,-16.705822825862654 -72.44724214071184,-16.70515441914104 -72.44606554508869,-16.70960783943002 -72.43809282762149,-16.714675068599448 -72.43818294958302,-16.718364834968867 -72.4377858638262,-16.718672275404998 -72.43650245662286,-16.71916985500465 -72.43605840197336,-16.718950152427368 -72.43466055424096,-16.717000842215015 -72.43204486347946,-16.72069764128294 -72.42923295503664,-16.720840334913277 -72.42875254169616,-16.72106170663227 -72.4238071445838,-16.72462785219352 -72.42187499973133,-16.72488844424609 -72.42187499973133,-16.72460925601213 -72.4208489659066,-16.724548817074094 -72.41983914416073,-16.73220574839651 -72.41750955562131,-16.734671353999573 -72.41711246986432,-16.736757755066066 -72.41568517652942,-16.737650275539593 -72.4110293386328,-16.737202167645776 -72.40474832057834,-16.740847825866155 -72.4046579602965,-16.74570667762096 -72.40146912118382,-16.750817397410202 -72.40085554124994,-16.7518007751855 -72.39835391760926,-16.752790260775583 -72.39551317709106,-16.753913879821567 -72.39394962747309,-16.752293944509802 -72.38765025155755,-16.750596046070456 -72.38547921169604,-16.752911925344932 -72.38489842412255,-16.75569820400881 -72.38066411016024,-16.75633001371905 -72.37657511225154,-16.754704952271595 -72.37508523419604,-16.75093913113588 -72.37389171153302,-16.754356145719342 -72.37513184515839,-16.758757948520355 -72.37466001494758,-16.76153028049785 -72.37146043754882,-16.763324022385575 -72.36899042167016,-16.762801051327386 -72.36593103418966,-16.75964272043501 -72.36469435665887,-16.75957036008397 -72.36389982721494,-16.762385368489817 -72.35741543737225,-16.768308162291703 -72.35528934023063,-16.768797040051226 -72.35107541120092,-16.77336764380155 -72.3473186489361,-16.773535609280856 -72.34820210963943,-16.776451348950474 -72.3467717172407,-16.77981114416886 -72.34392035014378,-16.78107285522796 -72.34349393839429,-16.783785104398902 -72.33644723934833,-16.786276817321124 -72.33595037470974,-16.78836500623987 -72.33171665699797,-16.790855050020383 -72.33408606032305,-16.793367147875443 -72.33110511261066,-16.796751141152157 -72.32700145215495,-16.80520367660816 -72.3233903647733,-16.80522942509772 -72.32390987883758,-16.802846074186874 -72.32092714327266,-16.805233359631657 -72.31980514549076,-16.803284406449976 -72.317539215462,-16.80500984213036 -72.31479454033553,-16.80467617476559 -72.31225943602374,-16.807854413949954 -72.31172144448868,-16.81011605241366 -72.31316220786928,-16.813467264502563 -72.31163120291731,-16.816385149954584 -72.30939722040509,-16.816598058153744 -72.3080519434422,-16.818852543410088 -72.30583810844172,-16.819622158935175 -72.30604434007392,-16.821415305471675 -72.30007755773283,-16.826867103633745 -72.29827964299068,-16.827398419501407 -72.29703474026098,-16.82544982424976 -72.2961939568855,-16.826260447061827 -72.2957245107774,-16.82815265661958 -72.29713952566817,-16.829633355294987 -72.29515683621867,-16.832533359526764 -72.29385101790987,-16.840296149147747 -72.29662072656501,-16.842683553303175 -72.29744792028504,-16.849276542578153 -72.29558134050612,-16.851524353066296 -72.29367184597865,-16.857486843842608 -72.28945303003306,-16.859799146513097 -72.29345202469108,-16.858623147140364 -72.29311895357665,-16.862185001136737 -72.29137432546435,-16.86311614479412 -72.29244124876448,-16.865056753166428 -72.291005373199,-16.86646556813129 -72.291617751258,-16.8691414595107 -72.2903667691109,-16.870906949196254 -72.28992974715982,-16.87500000034956 -72.28923726109036,-16.87500000034956 -72.28901827347431,-16.87571740123697 -72.28904599147893,-16.87576784151247 -72.2908493282336,-16.879049419994672 -72.29079031921754,-16.880215525925692 -72.289889454834,-16.881163835842145 -72.28698480110728,-16.882621169231484 -72.28651595124978,-16.882400035832873 -72.28330564493922,-16.879433155315795 -72.28332421760317,-16.878974262827427 -72.28346812725198,-16.875418543930508 -72.28142464183341,-16.8747488259973 -72.27880024923178,-16.87571752084662 -72.27798783766832,-16.87500000034956 -72.27755081661661,-16.87416291228847 -72.27711391427539,-16.87500000034956 -72.27706670796186,-16.875930428146674 -72.27539455891144,-16.877002358871565 -72.27362275148852,-16.87626874410708 -72.27096450300922,-16.88083207593931 -72.26343870183419,-16.886439562036017 -72.25817573072496,-16.88580930275694 -72.25584650011558,-16.888309359589158 -72.25150775867587,-16.88577854594304 -72.24793434119653,-16.886867523317363 -72.24240875276155,-16.891414761781704 -72.24103057410144,-16.895272255310218 -72.23890244988772,-16.895775556396714 -72.23360145094586,-16.90119326125985 -72.23157942335126,-16.90146684671751 -72.22699725611824,-16.897055268285797 -72.22498214251158,-16.900287866991405 -72.2112798694703,-16.90382420991922 -72.20992755890944,-16.906301855646035 -72.205685258068,-16.909464955643074 -72.20669770223685,-16.91083323996199 -72.20506382023888,-16.913916349759575 -72.20545816396287,-16.915274262197187 -72.20303702353951,-16.916263103659233 -72.20077073558079,-16.91547381906129 -72.20103144634399,-16.919593929915735 -72.19745433355047,-16.920797347819104 -72.19447994189537,-16.92397856735677 -72.19841730601377,-16.925793052107565 -72.19737185672562,-16.92735889859418 -72.1965428589657,-16.92860054937566 -72.19597278051918,-16.928434632552083 -72.1909052132047,-16.92695975338974 -72.18759274480914,-16.9276238676471 -72.1850737329662,-16.9256987572917 -72.18684494503788,-16.928481102320916 -72.18704080568833,-16.93230712407447 -72.18497455123429,-16.93358707428385 -72.18593512790352,-16.936152472258613 -72.18628966763373,-16.937099337863998 -72.18509191166464,-16.93705831010618 -72.18237793419416,-16.93696534607372 -72.18092131576589,-16.934208750433257 -72.17716944221556,-16.93678081058576 -72.17638933699806,-16.939057707846715 -72.17417263945555,-16.940799117285223 -72.17248940446223,-16.94093775767125 -72.1680910586552,-16.938623070897705 -72.16482710868382,-16.93939685837819 -72.16382563084795,-16.940680742222327 -72.16643762629519,-16.943944453873385 -72.16557085521049,-16.947732806623563 -72.16144502196994,-16.95239543889832 -72.15883421902373,-16.952211260441132 -72.15581595933881,-16.953572154131393 -72.1547323464203,-16.95731377630962 -72.14967107795763,-16.958681464378017 -72.1478251214318,-16.95696163147393 -72.14560091455019,-16.956653356467157 -72.14910006511565,-16.96172404263021 -72.14418256317447,-16.966778636324833 -72.14161765533012,-16.967301249452888 -72.13942706600596,-16.965157746832418 -72.13665390035703,-16.965250850046544 -72.1361531020836,-16.970000148188234 -72.13285183924069,-16.972024679495192 -72.13021671772714,-16.968809247048924 -72.12748503690455,-16.968936205241505 -72.1273628469176,-16.967425703932946 -72.12333810287095,-16.97067034276185 -72.12024474170124,-16.970290064434792 -72.12392795111373,-16.97487211205808 -72.12129652491438,-16.980887770753796 -72.1185760496447,-16.983049154594667 -72.11605334248742,-16.9832966327331 -72.11611890756123,-16.987591147313495 -72.11339700236951,-16.990424751900548 -72.11073636978725,-16.988913655240836 -72.10962796256018,-16.992998719515157 -72.10676503198027,-16.993657112285774 -72.10512423509516,-16.996912717447756 -72.1099547150377,-16.999865412958258 -72.11026215547383,-17.003894328960058 -72.10947263255568,-17.004626512903044 -72.11341702937221,-17.005493044768144 -72.11220407505763,-17.01146006542946 -72.11378562460672,-17.012687325259577 -72.11306881907055,-17.014656663374197 -72.11318420118954,-17.014797841646924 -72.11456394197205,-17.016486048991865 -72.1144638060594,-17.01671624216074 -72.11264145403956,-17.016340732938275 -72.11331975420296,-17.017462014859987 -72.10876452885947,-17.02065241377774 -72.10774493238236,-17.020802736357112 -72.10735714471593,-17.02031195203486 -72.10751533546406,-17.019428253011384 -72.10933685291329,-17.017132401638904 -72.1091223430214,-17.01656851412534 -72.1086738106475,-17.015389442668507 -72.10420978105628,-17.017270327063855 -72.1025768514404,-17.015490770182808 -72.09929776228171,-17.016725063610707 -72.09748363456174,-17.014333606210784 -72.09691345719011,-17.01411402234413 -72.09178972271707,-17.013540029148857 -72.0909856559631,-17.013615369853284 -72.08674275887103,-17.016381144873847 -72.08455121536593,-17.019654274225218 -72.08138334716344,-17.017291069027465 -72.08109247673622,-17.017358660273842 -72.08040404301198,-17.018739104325988 -72.07620632606097,-17.02024984395503 -72.07466554637747,-17.022420167956255 -72.07420051054487,-17.022584557731108 -72.0703125003215,-17.020926356266173 -72.06712424718586,-17.02222406898541 -72.0651148559657,-17.024527907237044 -72.06469750398622,-17.024544835175917 -72.06050837016488,-17.019261240813535 -72.05911195235436,-17.02057635811225 -72.05239737024226,-17.019406914797088 -72.04797983200322,-17.021423577935607 -72.04703557533134,-17.01883983648912 -72.04171204567407,-17.019888639348977 -72.04081404203419,-17.018069744323185 -72.03888452050398,-17.020046830096945 -72.03607976436945,-17.02041661783258 -72.03635394607736,-17.0215828415746 -72.03411221500636,-17.02207672586016 -72.03375935520978,-17.023709058326233 -72.03206324552215,-17.022960305273784 -72.02828562258316,-17.024182677288593 -72.0250549313399,-17.022925854044814 -72.02299606841353,-17.02499330010059 -72.0232291223258,-17.02789413890318 -72.02074754206524,-17.02788710620493 -72.01929795723464,-17.029157400393515 -72.01627111442014,-17.03414857389744 -72.01022636895152,-17.03492462676998 -71.98488597920408,-17.047701539694188 -71.97994046900885,-17.050195122023084 -71.97877800420133,-17.050781250054527 -71.97841024443682,-17.050781250054527 -71.97088871414257,-17.05531875695496 -71.96569033367712,-17.05845477968792 -71.94501590685823,-17.0709270234632 -71.93073475370574,-17.081800222701958 -71.91241967712631,-17.100988030173383 -71.91018831703707,-17.103594303234402 -71.90981721898913,-17.105840444580735 -71.90706634483567,-17.107504367532343 -71.8977925058037,-17.12036785407176 -71.89600813346811,-17.12284290757391 -71.89205324606013,-17.126323580668625 -71.89043450324942,-17.1295403243263 -71.88729643857943,-17.131229043385545 -71.8757466074197,-17.145109415466962 -71.87089920043749,-17.14843749969073 -71.86281764521786,-17.157459855487858 -71.8515224454041,-17.16513514557029 -71.84788811234623,-17.169546246461962 -71.84258174894828,-17.171697616351835 -71.84031414977773,-17.1753112074461 -71.83978271519979,-17.175570964928028 -71.82877492881968,-17.178496480228176 -71.80494964131253,-17.189241051233353 -71.7921500205068,-17.191691517649275 -71.78605937993606,-17.194561123896477 -71.77902901167909,-17.194783926436983 -71.76953864059533,-17.197767376962716 -71.76089262949094,-17.19786036056709 -71.75808370140143,-17.19947230810041 -71.75400042677785,-17.199027876635 -71.75368845465832,-17.198993920932494 -71.75152289616454,-17.199471755017413 -71.72194981573091,-17.20599710897912 -71.71987545478817,-17.205145001340625 -71.71875000001239,-17.205915212217036 -71.7099822764605,-17.20746788273648 -71.70424342189602,-17.2084841724065 -71.68976175769862,-17.2125444414727 -71.68168696628027,-17.214928727678426 -71.6812614124837,-17.215054383652756 -71.67240774612037,-17.217668652586184 -71.66668844191787,-17.219520330598613 -71.66356507401187,-17.221253183287686 -71.66118288048526,-17.222574830263994 -71.65902176162226,-17.222844646775883 -71.65699696533741,-17.223097443392135 -71.65587296711641,-17.22394762930101 -71.65474104925974,-17.224803805351158 -71.6531820700462,-17.22489021520883 -71.65174722685285,-17.224969744657898 -71.64851632696684,-17.22652456545623 -71.64843749959081,-17.226562499759396 -71.64840803150489,-17.22656249975958 -71.64744377121266,-17.226562499759396 -71.64133465317127,-17.228904008812805 -71.64058494593809,-17.22926116017426 -71.64039586051166,-17.229591197078378 -71.63937675982933,-17.231369972346172 -71.63395404844016,-17.23255121746452 -71.63091254217971,-17.235066413484063 -71.62834572777282,-17.234976649452747 -71.61602830905895,-17.24051344433977 -71.61387663339968,-17.24050231253149 -71.61317110086534,-17.24049866218337 -71.59778094333552,-17.247036576077022 -71.59697952868197,-17.248101376077457 -71.5958548787994,-17.24959564192514 -71.59419147736469,-17.249292886092206 -71.59213077991146,-17.248917818402404 -71.58595633511638,-17.251892327868433 -71.58186542974539,-17.251520156929388 -71.57573235016758,-17.254822850593897 -71.57149493714135,-17.254324078493212 -71.57092285140817,-17.254558443617043 -71.56951963921966,-17.255513310490713 -71.56784045657145,-17.259104252159432 -71.56587171111047,-17.260218407853102 -71.56458723551208,-17.260945319970347 -71.56397462338074,-17.261045636820995 -71.56283497845129,-17.261232256763165 -71.55614447568678,-17.258437156649222 -71.55597114575147,-17.25641226741206 -71.54915821557884,-17.260837555108964 -71.53989160031688,-17.255575418570544 -71.53894686700414,-17.253654241849546 -71.53851056091332,-17.253611206591785 -71.53729295710397,-17.255555510278455 -71.53419804550322,-17.25512397329267 -71.53390181061965,-17.255339503015534 -71.5338798761552,-17.259444355972192 -71.5309387441275,-17.259832024927803 -71.53075945348559,-17.260113954295377 -71.5313222411283,-17.263765931152662 -71.52924478022226,-17.264886736433596 -71.52917551983398,-17.265399456119866 -71.53004574791265,-17.268674135003124 -71.53167211967241,-17.270504355191775 -71.5314707758555,-17.270892977428744 -71.53039681895768,-17.271551370199347 -71.52807187991311,-17.269591808614976 -71.52367782567086,-17.26935732388121 -71.52324116254937,-17.265095353067878 -71.50993895561803,-17.268001675936375 -71.50907385367515,-17.26845085582211 -71.50598096824677,-17.270954250937763 -71.50534224544785,-17.27609634417084 -71.50350844865574,-17.277385830791346 -71.50369060004093,-17.280555128915992 -71.49754393080732,-17.283063650167165 -71.49390530618481,-17.285943150755614 -71.49067807193504,-17.286164641185167 -71.4854003186694,-17.288792967421287 -71.48158681368028,-17.293066143787385 -71.4725706578094,-17.298339724198755 -71.47134554376143,-17.30501914012099 -71.47411930566125,-17.306446910096753 -71.47663664836236,-17.31481373296728 -71.4774166348694,-17.31965816049565 -71.47653400873713,-17.319734931122042 -71.47679591469921,-17.322098147111518 -71.47698187831065,-17.323776125567434 -71.47655224788741,-17.32389032867556 -71.47514774517202,-17.323519795402163 -71.4744709729568,-17.323341250298398 -71.4731333258421,-17.32132577876162 -71.4698989392844,-17.321123600373724 -71.4698487517183,-17.31932652020255 -71.46758854407585,-17.32525944666601 -71.46522593512861,-17.327090740645048 -71.46097004373235,-17.327983618149247 -71.45772242544933,-17.332695961349344 -71.44879794107186,-17.335348844473543 -71.44542515244854,-17.333351015836527 -71.44384086176598,-17.338139772632246 -71.44128513330193,-17.340089559485378 -71.43698155895163,-17.340377449559384 -71.43254625820282,-17.351169705317517 -71.43376195455022,-17.359105944483616 -71.43214345005998,-17.360885143434544 -71.43265163896177,-17.367248654501694 -71.430677056001,-17.367969155352142 -71.4253751037777,-17.364826559897608 -71.42418932877416,-17.365167617891103 -71.42277860634738,-17.36716794934128 -71.42343044306008,-17.37078666657132 -71.42041873943305,-17.372177123675172 -71.41923081864715,-17.377939343525696 -71.41521334651847,-17.377142667399994 -71.41296422481884,-17.381503343304544 -71.41030907630258,-17.38099110115833 -71.40880405905986,-17.382897377012128 -71.40519833523473,-17.383512615814425 -71.40567386165918,-17.387427807147517 -71.40238463893968,-17.385637044713718 -71.40171647053853,-17.385815620394354 -71.39676415943813,-17.389403462099963 -71.39573883967535,-17.39043772202308 -71.39308035377502,-17.397669673316642 -71.39076316328914,-17.39875495447731 -71.39038085968855,-17.401470541931772 -71.38910531975444,-17.40234375036364 -71.3882460598075,-17.40234375036364 -71.38626766192277,-17.408870458704627 -71.38774573817511,-17.414772152612684 -71.38578760651242,-17.41535544389845 -71.38401937479404,-17.421202301644854 -71.38408553611828,-17.421690106512997 -71.38587641726264,-17.42529261076524 -71.38869130605866,-17.42416882513109 -71.38910722721653,-17.424350857805535 -71.38936006981103,-17.42551064510009 -71.38904953031133,-17.427192807202147 -71.38746607330046,-17.427982568440513 -71.38730955079484,-17.432503462164874 -71.38714897594417,-17.432919145002444 -71.38301861281852,-17.439805149587826 -71.38269822664148,-17.442698470058147 -71.38178074368608,-17.45098400141036 -71.38100254503098,-17.453526377640074 -71.38054591965818,-17.453910467294023 -71.37909042808059,-17.455134749468954 -71.37410056578835,-17.467231154394057 -71.37318170057475,-17.475797772449155 -71.36718749970316,-17.482421755959223 -71.36718749970316,-17.482979774496812 -71.36706292651246,-17.482929944860928 -71.36403822858117,-17.488257050222558 -71.36389136299576,-17.488864063825318 -71.36360526077385,-17.492015600339485 -71.36534500107066,-17.495867013551745 -71.36199867769653,-17.50214385965134 -71.36110281983895,-17.50859463193656 -71.36656737308547,-17.51441264123028 -71.36686086683522,-17.514909029228093 -71.36718749970316,-17.517578125330104 -71.36718749970316,-17.51785707434439 -71.36857640727504,-17.520848750968952 -71.36857354653176,-17.52129530933088 -71.36718749970316,-17.523716449754232 -71.36718749970316,-17.523995518378356 -71.36462521518138,-17.52866506554018 -71.36141014066516,-17.538791536999682 -71.3614027500366,-17.53932607154067 -71.362548351425,-17.542249560668523 -71.36410236373291,-17.54382622240213 -71.36628234375485,-17.544137119832072 -71.36402201650262,-17.548957347503475 -71.36360287667108,-17.555310964229548 -71.362854242329,-17.557605624000104 -71.35892784634271,-17.56569552402908 -71.35877692661364,-17.56616914299144 -71.35815155514996,-17.569773554705606 -71.35782814005623,-17.578125000068525 -71.35782015317733,-17.578125000068525 -71.35779130472474,-17.578798771246127 -71.35944664454667,-17.581193208999267 -71.35724771041322,-17.58301031617306 -71.35721004051055,-17.586007475964166 -71.35923504845846,-17.588587403385816 -71.35521733800948,-17.59423494348779 -71.35520136335208,-17.597048759392607 -71.3487143519855,-17.60897851005008 -71.34643495101204,-17.611175656331255 -71.3434150221853,-17.622366547378164 -71.34450125662758,-17.62444186250174 -71.34743261302424,-17.624354243353437 -71.34778952606558,-17.626387476500625 -71.346810102304,-17.627959609248435 -71.3444087505631,-17.628869414691593 -71.34427595127383,-17.633511543322953 -71.34218430536112,-17.637011408849233 -71.3437695502243,-17.638811349763856 -71.34373390649421,-17.641605853627098 -71.34765195857068,-17.643817425034086 -71.3508174417712,-17.651605248183557 -71.35266244411616,-17.652372717926426 -71.35462367574189,-17.65605640397969 -71.35769104920246,-17.658090472597138 -71.36008286453225,-17.663402319161605 -71.36259043250232,-17.666012048317228 -71.36281311543263,-17.6699829103828 -71.36718749970316,-17.672153949345173 -71.3698371650527,-17.67567861097885 -71.37028551126707,-17.67926192279927 -71.37296032885592,-17.68103933299865 -71.37313985781793,-17.681626319598777 -71.37424385566919,-17.687904358199404 -71.37207162420586,-17.69102084633478 -71.37216866015518,-17.693114161389317 -71.38176524656862,-17.701832056204253 -71.3820638655547,-17.707590579841295 -71.38199085049689,-17.707793233071143 -71.38172614584482,-17.70852792252539 -71.37944710280121,-17.709878325624075 -71.37852921155348,-17.707487200973347 -71.3779845236665,-17.706068277628745 -71.3777241708336,-17.705960750188368 -71.37533004244733,-17.707204373183174 -71.37292754676866,-17.708452343500667 -71.36958146081537,-17.70677220847054 -71.36947810982645,-17.706687023787055 -71.36718749970316,-17.704799056331268 -71.36718749970316,-17.704520106417604 -71.3654195072042,-17.703177333167233 -71.3649401667549,-17.702160239503286 -71.36508214452516,-17.696422576540584 -71.36450195320225,-17.694878101543082 -71.36413335796766,-17.69429671771924 -71.36230754895399,-17.693421841044852 -71.36001574992673,-17.6928013564972 -71.3574692008425,-17.692829847019667 -71.35251116735623,-17.694134115796743 -71.348822116847,-17.695371151257476 -71.33123622856868,-17.703306190728043 -71.32329106363142,-17.70689117888459 -71.29869365688631,-17.720627427413618 -71.29298734698827,-17.724355459037113 -71.29326140908637,-17.725696921075908 -71.27483546768224,-17.732902765050397 -71.23633944970561,-17.75390624977348 -71.23617046799245,-17.75390624977348 -71.2356444599236,-17.75390624977348 -71.22029066108479,-17.76318132855529 -71.21198034261835,-17.766884326650214 -71.20444953401835,-17.772099852226248 -71.19796597964586,-17.774870753382416 -71.19429612156853,-17.778205752493335 -71.19423222563631,-17.77859115605679 -71.19971275354052,-17.786328554219324 -71.19942075176579,-17.786902245242374 -71.19909167274236,-17.787548780451658 -71.19891454045967,-17.787314816435938 -71.19298636872563,-17.779484629811606 -71.18531024497165,-17.78279614492608 -71.18129920929064,-17.789494275740168 -71.1781389709366,-17.790312766720675 -71.17819154260542,-17.79475247864383 -71.17496895785072,-17.799803852765493 -71.17663037798926,-17.803317308846502 -71.17091834570485,-17.806824922931725 -71.17023484206396,-17.809480012991983 -71.16961133489485,-17.811902046442142 -71.165787814156,-17.81382232114308 -71.1638560299316,-17.814792514263047 -71.16314144230768,-17.816436304172214 -71.16282522700243,-17.817163705440592 -71.16202765597569,-17.817326294832768 -71.15729093582769,-17.818291902249285 -71.15239954030625,-17.82079064876929 -71.14252245444737,-17.822841763136708 -71.13990843282767,-17.823580146106764 -71.13261187064103,-17.82768535609418 -71.10979151706445,-17.842685222245123 -71.10752534871557,-17.845813274762662 -71.1059452290886,-17.846156477639184 -71.10574126284871,-17.84639763804043 -71.10503137130058,-17.851605176737408 -71.10640454253524,-17.853990674330106 -71.10340392575017,-17.855510830760082 -71.10220205827812,-17.85804653132223 -71.10020434835167,-17.85894095925768 -71.10005033045829,-17.859215378386878 -71.09814774991844,-17.864175557655713 -71.09802627579177,-17.86472916591805 -71.09793826167407,-17.868506118075487 -71.09791111940237,-17.869670867716223 -71.09750974208075,-17.86997771280103 -71.0960447788433,-17.86997771280103 -71.0940529109127,-17.871923446409838 -71.09325165349264,-17.8716670408011 -71.09171271307096,-17.871174573747467 -71.07488095758993,-17.874412417299055 -71.06948018066566,-17.87444722645826 -71.0655704733984,-17.87663185597519 -71.05977964431486,-17.87552857398444 -71.05617535131123,-17.880836844844296 -71.0518300529144,-17.88263750071998 -71.04738235501137,-17.88210988016678 -71.04439520827196,-17.884163141215794 -71.04173183455617,-17.880871057752884 -71.04033255600245,-17.88078582270738 -71.03955006578252,-17.880910635117644 -71.03764164414645,-17.88160145294451 -71.0336508746878,-17.885797142823677 -71.03142940983912,-17.88480544061852 -71.02964854264576,-17.886369228556944 -71.02382063901106,-17.885676503267817 -71.0195065740688,-17.886181831426157 -71.0190161467774,-17.886338829673008 -71.01761925232654,-17.888480424831556 -71.01562500029314,-17.88895094383078 -71.01094710832211,-17.892819166271366 -71.00195562804953,-17.89743793051595 -70.99944913387012,-17.900488138616623 -70.99670100174967,-17.9011490342003 -70.99537575268852,-17.90301275233648 -70.99349510661347,-17.902899741729556 -70.99258840113362,-17.903417349231134 -70.9836642737871,-17.90917623079821 -70.98379325905134,-17.91038131694411 -70.98012244679327,-17.91103303404715 -70.97561860061771,-17.914927244196875 -70.96268331977916,-17.92214345915312 -70.96027040455516,-17.921844363526375 -70.9582277537076,-17.92379331580868 -70.95043992965876,-17.927520513760555 -70.94825410853997,-17.927286147737348 -70.9476214651583,-17.928758621213206 -70.9447264674522,-17.929687500377725 -70.94466745843604,-17.929687500377725 -70.94425725966457,-17.93070232864946 -70.93323493034757,-17.934175610216087 -70.92317974544852,-17.940244913471872 -70.92010557671065,-17.94037532775907 -70.91538000088596,-17.943789601208906 -70.91491174727923,-17.945384860023196 -70.91251683198595,-17.944601654842216 -70.91069793695979,-17.94716060197996 -70.91305196277762,-17.950209021329172 -70.91193020331605,-17.954217553297227 -70.91026234583032,-17.953135847840898 -70.9058979746114,-17.958729266742196 -70.90012490713852,-17.962524056839555 -70.89934313277905,-17.96482145774401 -70.89590084544744,-17.96403217314605 -70.89444160459618,-17.9676932097736 -70.89307486980906,-17.969043016621768 -70.89083754991276,-17.969134331084334 -70.88972544647197,-17.982591748410258 -70.88644385360067,-17.98599135841434 -70.883111357303,-17.99294781678813 -70.88495135312206,-17.994232416492608 -70.88705742326133,-17.99837005153644 -70.8866256479549,-17.999503254871243 -70.8890606163539,-17.999218940501606 -70.88917040828738,-18.001932978424094 -70.89094984555862,-18.00351750832614 -70.88839876658949,-18.008510708901895 -70.88839716759486,-18.009832896670687 -70.88839566662645,-18.01107370838477 -70.88684749334763,-18.010725661900693 -70.8860932591964,-18.010556101782484 -70.88456156086698,-18.01192367653637 -70.8835978509598,-18.012784123588375 -70.8834118639661,-18.01252621061606 -70.88298535329122,-18.01193475708324 -70.88157587072698,-18.013488420612546 -70.88052177386038,-18.014650344537614 -70.88067984589787,-18.017428040071735 -70.88035762330546,-18.01757466823628 -70.87873125064624,-18.016550064333757 -70.87887775920086,-18.015394806924647 -70.8776492457157,-18.015546290528704 -70.87588655921698,-18.015763640479534 -70.87199365218487,-18.018510279725447 -70.86831700782338,-18.021104335496616 -70.86760233008326,-18.020811688908225 -70.86607885335602,-18.020187854385796 -70.86476314070626,-18.022190809158317 -70.86205744759286,-18.022281050729774 -70.85993196738602,-18.02483158111241 -70.8587037326908,-18.026305436846215 -70.8550554511479,-18.02773177600048 -70.85444580433008,-18.027706775746964 -70.84964847609604,-18.027510047250715 -70.84790217884222,-18.029425621195244 -70.84453880791938,-18.0305230620894 -70.84387186439477,-18.033247214686952 -70.84383511539804,-18.033397316932522 -70.84363720576056,-18.033368444369245 -70.84107565901422,-18.03299474710971 -70.83829450648585,-18.03424322644358 -70.82580065697454,-18.035464644277653 -70.81867945179494,-18.038622856459554 -70.81460285193975,-18.041669011315733 -70.81291770948431,-18.04452204665492 -70.81383585973686,-18.048344612313855 -70.81367523092678,-18.048847452048065 -70.81319344072438,-18.05035567267592 -70.81038570423635,-18.051564455035376 -70.8098964676476,-18.051516991515854 -70.80526793047034,-18.051067948327002 -70.78676295304757,-18.06198024739038 -70.78207206767144,-18.065606951499504 -70.777155757332,-18.072199940774468 -70.76766133300384,-18.078670859672243 -70.76008975543749,-18.082310318865908 -70.75418531859731,-18.08924877640972 -70.75386691092908,-18.092896103771892 -70.74773311638995,-18.09580183039006 -70.74535345989392,-18.097479342997104 -70.73560655090131,-18.105468750082608 -70.73537266241806,-18.105468750082608 -70.73158872084252,-18.108707904845858 -70.730425715774,-18.112301468937318 -70.73161172909764,-18.112853050127995 -70.73161244405887,-18.11533772945259 -70.73012435475493,-18.11684656161927 -70.73001373454585,-18.11771691650219 -70.72965216661407,-18.120561718548302 -70.72632210208309,-18.121226099904362 -70.7245936392847,-18.12157094494293 -70.72168290614104,-18.12497711190413 -70.71697592739673,-18.12695622474982 -70.71117651428443,-18.131608247722355 -70.7108320379678,-18.135668426856142 -70.71070742610635,-18.137137174440937 -70.70634636079552,-18.139761019355348 -70.70453131216999,-18.140853047230223 -70.70374403696061,-18.142071494233704 -70.70212590718458,-18.144575834007213 -70.69458152691544,-18.150206431781285 -70.68797934027413,-18.155133843351877 -70.68795154402812,-18.15516014132723 -70.68127107589913,-18.16148054609016 -70.67955315135669,-18.162771225211785 -70.67270195503087,-18.165632605360344 -70.66406249998428,-18.171316862083444 -70.65147793315975,-18.177591562400636 -70.64513993226177,-18.18198835867561 -70.6184061770033,-18.19450461839324 -70.61138772925977,-18.19813215707326 -70.59676432651213,-18.20623266730368 -70.56181705041621,-18.226010441728448 -70.5092632771782,-18.25728392611218 -70.48939931352726,-18.271579026850432 -70.47302126871625,-18.281249999787477 -70.47240805608669,-18.281249999787477 -70.46282482190759,-18.28800416016381 -70.4610426426037,-18.29041612120696 -70.4575661423633,-18.291603207421886 -70.42488588807305,-18.314350281540072 -70.42338907714381,-18.315392136238046 -70.38157784963789,-18.348632812054475 -70.38015671216235,-18.350094634859317 -70.37954998004724,-18.350718736480374 -70.38049999999973,-18.350116666666636 -70.38881027596861,-18.350116666666636 -70.55952232637085,-18.350116666666636 -71.78228611111092,-18.350116666666636 -72.22703852351717,-18.72065924124651 -72.33412413369987,-18.809876919646342 -73.56388444545664,-19.83444371079517 -73.62939623646864,-19.889024432630052 -73.73071666666664,-19.973438888888808 -73.73071666666664,-20.005556075076072 -73.73071666666664,-20.01935694890986 -73.73071666666664,-20.19844722222213 -73.73449883489272,-20.208142087837857 -73.73643219233122,-20.20647422657933 -73.74370200168207,-20.200166963366897 -73.74572199756918,-20.19840443075016 -73.74805111923538,-20.19637217269907 -73.75003829365266,-20.194628313417653 -73.7610684149966,-20.184948750660638 -73.76539282500826,-20.18113203958775 -73.7725826478181,-20.174750210786343 -73.7739915569027,-20.17349252561789 -73.77688055454587,-20.170913615788464 -73.8115320575379,-20.13979935774981 -73.8140354851378,-20.137551481450217 -73.81684943679613,-20.13500983248595 -73.82246717184901,-20.129907375800514 -73.82526772213544,-20.127349487999837 -73.83644694406212,-20.11708138073405 -73.83923258554663,-20.11450835143411 -73.84260110823939,-20.111379548696064 -73.84479009677162,-20.109346338907258 -73.84755970561832,-20.106759463947327 -73.85375976494649,-20.100935293624858 -73.85472808322947,-20.100025681263517 -73.86967420047844,-20.08598569746546 -73.87242842908256,-20.083383622936736 -73.87792442728374,-20.07816225020362 -73.88066395305265,-20.075545076353094 -73.89159640175407,-20.065042043267354 -73.89432077131656,-20.062409932936333 -73.899755362115,-20.057130041142514 -73.90246448206827,-20.05448332608303 -73.90775169803189,-20.04928902961808 -73.91027232991837,-20.046799737381747 -73.9153004870845,-20.041808115746875 -73.91780697426674,-20.039306820719673 -73.92780814094874,-20.029273684139383 -73.93030009137121,-20.026760569457423 -73.93527139984943,-20.02172078725377 -73.9377487358461,-20.0191961772353 -73.95752507584274,-19.998934169583336 -73.95998740081814,-19.996397817697044 -73.96490066260176,-19.991310315724633 -73.96734959315398,-19.988761236331555 -73.9771219270678,-19.97853542608587 -73.97955597843787,-19.975974940536247 -73.98441121360813,-19.970840679162592 -73.98682923847176,-19.968270264737455 -74.02357056684633,-19.928996739430218 -74.02578714774967,-19.926615203588895 -74.03021311953697,-19.921836788612737 -74.03241941808022,-19.919443228906744 -74.04122713807223,-19.909841107596677 -74.04342171779629,-19.90743685125014 -74.04779978978453,-19.902617130567222 -74.04998150099692,-19.900203633717197 -74.06740246037546,-19.88083557116194 -74.06805032342348,-19.880112239731176 -74.06923479205466,-19.878789794513494 -74.07289299750272,-19.874688621585918 -74.07471719391398,-19.87263509979047 -74.08266302478157,-19.863651388141207 -74.08538807064139,-19.860556180956877 -74.09013906745432,-19.855099109544796 -74.0973505889628,-19.846725206800855 -74.10093743923844,-19.842525318978986 -74.1125315457335,-19.82883512082067 -74.1154165126751,-19.825405163435804 -74.12116385495099,-19.81852544295255 -74.12402406995778,-19.81507827693511 -74.14424829205001,-19.79053341655903 -74.14676400591114,-19.787461237198073 -74.15177899422545,-19.781299654984565 -74.15427621980902,-19.778212760248735 -74.16423147303826,-19.76583097602912 -74.16670866659584,-19.762730978417622 -74.1716450650255,-19.756515632097617 -74.1741010968816,-19.753404307777203 -74.2108681547619,-19.70652650179514 -74.21536149465976,-19.700730422474635 -74.22014710201336,-19.694486512471386 -74.22251722396564,-19.69276714089996 -74.2263102519839,-19.690003507553428 -74.23249066908687,-19.685478958359994 -74.23619126253189,-19.682757227030166 -74.24727695756727,-19.674565644450084 -74.25096258687975,-19.671829466057517 -74.25709571771654,-19.667255179805608 -74.260764311352,-19.664506367466885 -74.27322030576295,-19.65512884792652 -74.30285527172592,-19.641433049325613 -74.30697391167269,-19.639513295524267 -74.31520212669892,-19.635646109930377 -74.3193083436349,-19.63370024795678 -74.33571394529909,-19.625861334189793 -74.3398062445469,-19.623889786866258 -74.3479791649423,-19.61992019483145 -74.35205645791169,-19.617923775507634 -74.38464368695853,-19.601835415037925 -74.38870631468805,-19.59981314479866 -74.39682173546086,-19.595741163480753 -74.400871216197,-19.593693105813912 -74.4170483278001,-19.585445912756285 -74.42108317797337,-19.583372528116485 -74.42914046543893,-19.57919956365859 -74.4331596219358,-19.57710169204634 -74.4517826812334,-19.567303277786465 -74.46932677776627,-19.55982285827686 -74.48048561877135,-19.556045242585313 -74.48337391952583,-19.555060592247074 -74.49014538576122,-19.552734535624737 -74.4963763602957,-19.550554610622186 -74.5050537129284,-19.547473218068177 -74.5093858772332,-19.545919265219737 -74.52499135480676,-19.540264958603828 -74.52886835738875,-19.538847485096113 -74.52888615713488,-19.53884097731904 -74.53666872873794,-19.535970192971277 -74.54055343878838,-19.534524524598538 -74.56998095892303,-19.523474577622792 -74.57365136802855,-19.52208464230263 -74.58098772637854,-19.519283578939593 -74.58465068216097,-19.5178735876802 -74.59929284046697,-19.512191067147413 -74.60294616073097,-19.510761668215565 -74.61024610146401,-19.507882509398613 -74.61388787399696,-19.506434679660998 -74.67061388589406,-19.483693067303108 -74.67768258695625,-19.48081440823492 -74.69179342270206,-19.474980251262906 -74.69882979302801,-19.47202711345234 -74.72691763248596,-19.460061028319444 -74.73391838071038,-19.457034022096266 -74.74788770572053,-19.450905372639795 -74.7548505950048,-19.44780624931863 -74.81043655249042,-19.42270048242105 -74.81736106476552,-19.41952727110369 -74.82331159583705,-19.416928393322536 -74.83154364059973,-19.41427935053528 -74.8350817603482,-19.413129346341975 -74.86338803402316,-19.40384631947167 -74.86671527678607,-19.402745972655254 -74.87336763582232,-19.400528073657554 -74.87668992709001,-19.399411457918035 -74.88997408047345,-19.394910482303686 -74.8928667345753,-19.393923481831308 -74.89965362672268,-19.391590019410685 -74.9058708190305,-19.389412942381014 -74.91452545734754,-19.38633686382869 -74.91884629123618,-19.384785613454483 -74.93442451939802,-19.379136317731096 -74.93831252591033,-19.37771360754205 -74.94608152854755,-19.374845401750605 -74.94995946971537,-19.37340104021463 -74.97935064126321,-19.362355567423734 -74.98301652064654,-19.360966199075634 -74.99034383063864,-19.35816628211309 -74.99400227141456,-19.356756869841576 -75.00862639547606,-19.35107669280174 -75.01146313888148,-19.349965880493826 -75.01466854018878,-19.348758856891692 -75.08550620080328,-19.320336964938747 -75.08857250327415,-19.31902959974896 -75.10103467667645,-19.313872940703234 -75.1080643539481,-19.310920237597387 -75.13612551313489,-19.29895590881911 -75.14311962062618,-19.295929345682822 -75.15545329669882,-19.290513945467723 -75.15564973634994,-19.290430190402972 -75.15584262351743,-19.290343002066507 -75.1570757088073,-19.28980158600332 -75.16403200729698,-19.28670290904111 -75.21956546588012,-19.261600784542082 -75.22648345262624,-19.258428036934518 -75.24028932796688,-19.252006901568066 -75.24717157599275,-19.24876111374627 -75.27463587078057,-19.23562702760333 -75.28147912050204,-19.232308953754313 -75.29513003699452,-19.225599600680212 -75.30193214735942,-19.222211077809916 -75.35621748336075,-19.19479544812374 -75.35946547682667,-19.193143984206216 -75.3659594941017,-19.18982102155664 -75.36920095128988,-19.188151841598824 -75.38215834030629,-19.181436861608375 -75.38539119020481,-19.179750819250472 -75.39184912092861,-19.17636159803142 -75.39507157135216,-19.17465980550159 -75.42083769470017,-19.160965425853718 -75.42377638568664,-19.159394400485 -75.42964914919989,-19.156236992805333 -75.43258067594206,-19.154651973556682 -75.44429672698675,-19.148281262273727 -75.44665457861083,-19.14699326649152 -75.45195784520968,-19.144082451557452 -75.45799999698158,-19.14072135327811 -75.46654221040157,-19.135914141548085 -75.47080322320781,-19.133496666761076 -75.48557263075668,-19.12504880780719 -75.48925609987111,-19.122927007940362 -75.49661104302314,-19.11866067086092 -75.5002796684831,-19.116517793091205 -75.52744375197801,-19.10053818332797 -75.53082957744965,-19.098533319734784 -75.5375926671637,-19.094503027040986 -75.54096717077144,-19.092479236311135 -75.5544472628026,-19.08434290883112 -75.55780840797473,-19.082301196704194 -75.56452006470192,-19.07819841659041 -75.56786616403554,-19.076140065886847 -75.59703432773384,-19.058077985632636 -75.59782674097596,-19.057595178350837 -75.59834381664714,-19.05726709832102 -75.61933801559294,-19.044266660235593 -75.62574362596351,-19.040250807179547 -75.63851448589654,-19.032147925240878 -75.64487451573098,-19.028064183562464 -75.6702294945735,-19.011587784921204 -75.67654081740417,-19.00743731783696 -75.68911802613101,-18.999068310774305 -75.69537879747051,-18.994853202429013 -75.73949441833,-18.964794388391894 -75.7566854409929,-18.954404032026815 -75.81607551696433,-18.916845737468478 -75.87462764633219,-18.87813243146863 -75.93231730364624,-18.838280779083803 -75.93917735850579,-18.833332525668965 -75.98454849983696,-18.811591359956154 -76.05224303573476,-18.77733537245372 -76.11911024985608,-18.741659236640857 -76.14576145417072,-18.727136731353113 -76.15398073190852,-18.722396023849754 -76.15532465115098,-18.721638054545622 -76.15955120573847,-18.719234962021545 -76.17424436719878,-18.710813011875018 -76.17790884635588,-18.708697751132462 -76.18522592333548,-18.704444618761286 -76.18887568376002,-18.70230840346747 -76.19195805504694,-18.700491498111617 -76.1934090216165,-18.69965461093952 -76.19551151256266,-18.698396910733408 -76.21594933930183,-18.68634982314802 -76.2193239097324,-18.684347610400692 -76.22606454210225,-18.680322660150892 -76.2294278524316,-18.678301558933654 -76.242863288559,-18.670176076349904 -76.24621331140708,-18.66813709495223 -76.25109129350702,-18.66514934689998 -76.27483549371686,-18.650945677890405 -76.30708041151183,-18.630439131504275 -76.30759197287131,-18.630121735045293 -76.31231775358216,-18.627162488562774 -76.3217506321327,-18.621203102717885 -76.32645296686158,-18.618205948791058 -76.33871260401185,-18.610322255197744 -76.3547874361162,-18.600099270841184 -76.36808796284907,-18.591209455715287 -76.37141497405241,-18.589062380621925 -76.38592840853596,-18.58229533436044 -76.39278443720838,-18.579051480960587 -76.42014426751797,-18.5659251974013 -76.42696152921775,-18.562609088693847 -76.4405606683435,-18.555903677728338 -76.44733701007237,-18.55251713036172 -76.50141721284444,-18.525117577713644 -76.50465866513787,-18.52346416473769 -76.51113959038253,-18.520137250495807 -76.51437451199604,-18.518466067644866 -76.52730576940064,-18.51174297340505 -76.53053210110014,-18.51005487790522 -76.5369770093734,-18.506661494206654 -76.54019296061881,-18.504957594171543 -76.56590715084687,-18.49124617261907 -76.56885175798996,-18.48966680056398 -76.57473629568733,-18.486492541839667 -76.57767368217108,-18.4848990218359 -76.58941307262904,-18.47849399248038 -76.59180161463223,-18.477184715165464 -76.59720648723959,-18.47420754487179 -76.60318289874314,-18.470871043270122 -76.61161373418784,-18.46610973774338 -76.61581927905442,-18.463715481970183 -76.63046605904361,-18.455309452758996 -76.63411898637474,-18.453198210208342 -76.64141302890559,-18.44895319178366 -76.6450513134937,-18.44682107033448 -76.67207015826844,-18.430875415731364 -76.67543790680708,-18.42887483229636 -76.68216492744156,-18.424853165724144 -76.68552145340192,-18.422833717587793 -76.69892982337288,-18.41471490066229 -76.70227310497742,-18.412677597659723 -76.70894913116405,-18.408583698566474 -76.7122774808536,-18.406529817619912 -76.75978622173136,-18.37701858844585 -76.78790664955687,-18.362760730001384 -76.79114658378532,-18.36110684729637 -76.79762447052283,-18.3577789806899 -76.80085787529495,-18.356107315114073 -76.81378306778501,-18.349382265175464 -76.8170078866597,-18.34769367482791 -76.82344977255215,-18.344299287837842 -76.82666421541887,-18.342594879799407 -76.8523663527798,-18.32887935042318 -76.85531242989254,-18.327297965229803 -76.86119989345065,-18.324119642039832 -76.8641387361935,-18.322524071578485 -76.87588392751312,-18.316110764131068 -76.87827988119568,-18.314796352902675 -76.88370924805665,-18.31180317363369 -76.88966996689294,-18.308472607493485 -76.89807418457892,-18.303722379120615 -76.90226647321683,-18.301333725719047 -76.91688403149024,-18.292937790982265 -76.92052968080148,-18.29082909609636 -76.92780921095198,-18.286589222090257 -76.93144026544826,-18.284459696184243 -76.95842465746478,-18.268522238243932 -76.96178811794593,-18.266522688011165 -76.96850658264819,-18.262503103729912 -76.97185884417041,-18.26048470387032 -76.98525020138038,-18.25237011382667 -76.98858924571297,-18.250333875139944 -76.99525682037586,-18.246242119812138 -76.99858095990845,-18.24418931779674 -77.0498195906736,-18.212337793577802 -77.05619626687798,-18.208324707063326 -77.06890953655989,-18.20022736307733 -77.07524093340214,-18.196146390773336 -77.10019673858673,-18.17921872134174 -77.10654039380279,-18.175169301478576 -77.11920400032176,-18.167037127116572 -77.12543123827186,-18.162838526277227 -77.17520964168372,-18.128971305764054 -77.18139142519121,-18.12469258544209 -77.19371167971784,-18.11606573930517 -77.1998451140324,-18.11172111512289 -77.2242879498913,-18.094204950087217 -77.23037001772352,-18.089795734266232 -77.2424859439028,-18.08091120696926 -77.24851487653186,-18.076439536993362 -77.29656175966147,-18.040385894265967 -77.29940909325234,-18.038237062763727 -77.30509838145093,-18.033920265572732 -77.3079363029371,-18.031755340127418 -77.3192731658776,-18.023059932473586 -77.32209982014948,-18.020880104833864 -77.32774260311518,-18.016505144482807 -77.3305564343352,-18.014311799651267 -77.3530401613846,-17.996689699746995 -77.35554973172842,-17.99471306563504 -77.36056213024892,-17.990746164965586 -77.36306275282129,-17.98875763781038 -77.37399650432121,-17.980018213991087 -77.37904384541847,-17.975958021672824 -77.3845375820537,-17.971483978242944 -77.39237566253612,-17.96503289168085 -77.39628114928675,-17.961794131697005 -77.40949049065483,-17.950756409668898 -77.4124261495511,-17.948289216426033 -77.41828457644962,-17.943337543101237 -77.42122281420717,-17.940839821267176 -77.42649814422194,-17.936365853255722 -77.4299913161183,-17.93353431487276 -77.4347605151969,-17.929642356292277 -77.43807150693021,-17.926923110253725 -77.44432785637318,-17.92175202960604 -77.44744707858311,-17.919158275869975 -77.45983829351565,-17.90879167442445 -77.46292631143444,-17.9061925449313 -77.46908774746399,-17.900975395106713 -77.4721586888991,-17.898359480461536 -77.4962261743976,-17.877732264871284 -77.49922380674067,-17.875147645627322 -77.50520645223034,-17.869958942510735 -77.50818902207192,-17.867356969885364 -77.52009327463003,-17.85691027203309 -77.52305898076128,-17.854292282694615 -77.52897593105911,-17.849038409088394 -77.53192334490382,-17.846405949463886 -77.57639979365123,-17.806437562992315 -77.58192596109825,-17.801415104218464 -77.59292591515006,-17.79130686588988 -77.59839520259283,-17.78622519379556 -77.62016360079176,-17.765773542618348 -77.62557324633553,-17.760634342024815 -77.63633578182291,-17.750296518500477 -77.64168430157025,-17.745102127642866 -77.68425194317857,-17.70329253317837 -77.68953838312461,-17.698041363017268 -77.70005607524337,-17.687477978133387 -77.70528302468384,-17.68217005707382 -77.72607658216603,-17.66081813119453 -77.73124138206285,-17.655455260015486 -77.74151161007825,-17.644672552443765 -77.74661286989024,-17.639257128753314 -77.78719143551888,-17.595688856967186 -77.78957159460472,-17.593119211315724 -77.79432341408733,-17.58796220952327 -77.79669167673677,-17.5853785176201 -77.8061442271009,-17.575011556866073 -77.80849900983415,-17.572415303092228 -77.8131957172424,-17.5672097289754 -77.81553573090204,-17.564602534571037 -77.83421689984874,-17.54367633704956 -77.83625431451841,-17.54138326790708 -77.8403207447563,-17.536785445046235 -77.84234794194757,-17.53448274028443 -77.85115356615745,-17.524431060821613 -77.85482925219858,-17.520211266873133 -77.8595689449493,-17.51470416290455 -77.86638494258503,-17.506697197047714 -77.86977586136314,-17.502681918331078 -77.88097588547237,-17.48931292247761 -77.88376311572964,-17.48596364199905 -77.8893163955156,-17.479246093674263 -77.89208033733004,-17.47588038615899 -77.91191290153873,-17.451565642306335 -77.91438005460651,-17.448522328678123 -77.91929850074399,-17.442418711182796 -77.92174778375579,-17.439360892587132 -77.93151249672101,-17.427095888015245 -77.9339424111642,-17.424025182481756 -77.93878486280067,-17.417868632583875 -77.94119426541675,-17.41478680234185 -77.97757144513758,-17.36796169624077 -77.98259133017271,-17.36141547076717 -78.00914483507214,-17.341431325176018 -78.02998759289036,-17.325014616198374 -78.03348846632542,-17.32229218121968 -78.03629912107402,-17.32009471887514 -78.05875747600862,-17.30243942754268 -78.0612780784347,-17.300448056207642 -78.06631243242143,-17.296451497596223 -78.0688239769434,-17.294448056205653 -78.07982083816361,-17.285630360449957 -78.08501421009166,-17.281438751455042 -78.08524096710929,-17.28125345464231 -78.09022569705985,-17.277257843233286 -78.1025464498868,-17.267115788038225 -78.113526726771,-17.257990176810836 -78.11897732925999,-17.253440706987035 -78.18783404500732,-17.195697399509896 -78.21475610475781,-17.172629060676172 -78.2681360093228,-17.125901675547567 -78.32047168448992,-17.078108059343435 -78.34431543137902,-17.055394659143047 -78.35115466550099,-17.048953717204043 -78.3538233257909,-17.04642646328182 -78.35914916283292,-17.041355327365295 -78.36180416447877,-17.038813509380503 -78.36962693530285,-17.031283083015083 -78.37174068494946,-17.029269538672807 -78.37242947353775,-17.028585125444664 -78.37504160650556,-17.026056793511344 -78.38031056338045,-17.020929050883595 -78.38293760708169,-17.01835846416641 -78.38525982427657,-17.016073802619886 -78.38794017117016,-17.013422095773166 -78.39328569697705,-17.008104067108974 -78.39594999613621,-17.005438627287404 -78.40657882562095,-16.99474525038069 -78.40922678214139,-16.992066181911042 -78.41110383065623,-16.990156437671857 -78.42192112806268,-16.979407854487903 -78.47099163627965,-16.928545214388492 -78.51893141053762,-16.87670421695117 -78.56572017440058,-16.823907906709977 -78.5821270556302,-16.80510817188261 -78.61249461593232,-16.768756517534328 -78.65917034685683,-16.71122647324661 -78.68188016635284,-16.681919799503433 -78.6831764792093,-16.680281825693513 -78.68825377885668,-16.67378264470298 -78.6983300239119,-16.66071859596107 -78.69951879030904,-16.659157425824176 -78.70450700786182,-16.652720207580302 -78.71072741442919,-16.64431060029598 -78.72314494002876,-16.627790193163733 -78.72805523360265,-16.621171880539308 -78.73779373969353,-16.60787428456065 -78.74261800899552,-16.601200440741735 -78.74269722350184,-16.60108938375039 -78.74848372516928,-16.59326638921698 -78.76737936968945,-16.56648555902457 -78.7808846875424,-16.5475514011804 -78.7856216711433,-16.540820603716398 -78.79501469479695,-16.52729635592371 -78.799666886567,-16.520508406882726 -78.81810953762479,-16.493234781271 -78.82267447458486,-16.486392133440688 -78.83171938581296,-16.472649815326477 -78.83619594893341,-16.465755377565955 -78.85337222707338,-16.438932354879512 -78.86406073283857,-16.426534676586655 -78.86863396728685,-16.421205929586463 -78.87120534838726,-16.41819089882577 -78.87618314786732,-16.41231911873348 -78.87866268828094,-16.40937714438384 -78.88804491729252,-16.39817949012098 -78.89038183211346,-16.395374756379013 -78.89504108657039,-16.38975160497779 -78.89736168814528,-16.386935291885635 -78.91356473661693,-16.367159368569915 -78.91558209735769,-16.364684879817517 -78.9196067873635,-16.35972402050227 -78.9216124724116,-16.357239670438645 -78.92961473742426,-16.347278625504686 -78.93160811298034,-16.344785032085298 -78.93558363081777,-16.339787408927137 -78.93756427145362,-16.337285272540697 -78.95237210844772,-16.31848147373742 -78.95659678022955,-16.31307917083319 -78.95947359456278,-16.3093742239774 -78.96742708032673,-16.299662222624036 -78.98832295659906,-16.27360684953962 -79.02961794079272,-16.221030341978036 -79.06981202961424,-16.167670885714315 -79.10889013531636,-16.113549804377357 -79.14683767482973,-16.058688673149078 -79.183640527546,-16.00310937388305 -79.21928508464944,-15.946834020225566 -79.2537582087921,-15.889885014769817 -79.26511075594681,-15.870837647258583 -79.29222499628094,-15.822820208309139 -79.3342134214403,-15.745435678259724 -79.37411166470676,-15.6669290229773 -79.37971118310568,-15.655135754237065 -79.5002224546615,-15.43361776721892 -79.51498995938982,-15.405807857640099 -79.54394129039525,-15.349990463909648 -79.57180057623938,-15.293655518432871 -79.59855886883005,-15.236823010779375 -79.62420764371342,-15.179513057696283 -79.6487387724049,-15.121745957742093 -79.6721445518721,-15.063542121043966 -79.69441767878286,-15.004922125339036 -79.70133141479161,-14.986384919297308 -79.71723041602138,-14.94089171125438 -79.74036439306875,-14.87140731413298 -79.7619226391246,-14.80144694058113 -79.78189637122205,-14.731044247226194 -79.80027760015963,-14.660233013331279 -79.8097993769228,-14.619842397939607 -79.85550486994376,-14.585093158192777 -79.91358033349306,-14.538888111781603 -79.93687152420426,-14.520013057808654 -79.97783009409704,-14.485108326937407 -80.04789179396786,-14.423428106276987 -80.11638583729467,-14.359647549495449 -80.1832505614806,-14.293800344213054 -80.25276360724635,-14.221093823081475 -80.32631455997733,-14.13936149359273 -80.35699060633411,-14.104289004346029 -80.38582576792848,-14.069435570566341 -80.43203898106927,-14.011995093445094 -80.47693713838134,-13.953576959068712 -80.52049946359332,-13.894209648891518 -80.5627059098997,-13.833922035886332 -80.60353710208784,-13.772743458696496 -80.64297440724636,-13.710703615613298 -80.68099987979272,-13.647832641608773 -80.694992703411,-13.624252252323231 -80.71759632737485,-13.584160998995586 -80.75274725896767,-13.519719557240819 -80.78643694589917,-13.454539480404065 -80.81865037315373,-13.388652309648421 -80.82041830286212,-13.384822017949503 -80.84937329537502,-13.322089847699147 -80.8713110082088,-13.271631499516133 -80.87859219155848,-13.25488424389171 -80.90629431592268,-13.187067875845173 -80.93246765613873,-13.118673436928717 -80.94179138623863,-13.093699700287985 -80.95464431182239,-13.057066131225739 -80.97310943347668,-13.00237071833314 -80.9906058365861,-12.947370942064254 -81.0071289645899,-12.892083241139261 -81.02267456509179,-12.836524102045601 -81.03723867449594,-12.780710106680658 -81.05081763311676,-12.72465787432914 -81.06340807141021,-12.668384110167395 -81.06941035712322,-12.640412804052247 -81.14166254298868,-12.288360387231066 -81.17513386241288,-12.125269696530111 -81.18095108501552,-12.095497121897168 -81.19211607254113,-12.035413593473564 -81.19577299916602,-12.015018463554782 -81.20302728705047,-11.969212981922297 -81.21344010408487,-11.896883643526067 -81.22224592654976,-11.824347473722383 -81.22944185842886,-11.751639058386175 -81.23502577177345,-11.678792979255576 -81.23899629360503,-11.605843913949911 -81.24043997564817,-11.561111022248525 -81.25080271151776,-11.539779058171135 -81.28094853893575,-11.474104062845072 -81.30964278022057,-11.407802117643882 -81.33687310172311,-11.340904258442336 -81.34220625888824,-11.326934495884487 -81.34374582040428,-11.323040859894235 -81.34502132711174,-11.319789905767621 -81.34755579604968,-11.31327970644719 -81.3488137292789,-11.31002311925404 -81.35881787543963,-11.283917630938362 -81.35993933693334,-11.280970013476164 -81.36216949587867,-11.27506604264029 -81.36327721422771,-11.272112268036892 -81.36810989310942,-11.259124866630842 -81.37042152681059,-11.25284956618907 -81.37273032537348,-11.246460789652389 -81.37598262608952,-11.237313835216554 -81.37759157976353,-11.232735608287967 -81.38305398579709,-11.217008035824918 -81.3844064776261,-11.213073925820481 -81.38708735995593,-11.205195342577355 -81.38841472241677,-11.201253911064626 -81.39808561401176,-11.172234238381535 -81.3992827038679,-11.168606970931037 -81.40165716216427,-11.161341798952265 -81.40283355665136,-11.157706856802506 -81.40508234945247,-11.150689047721713 -81.41010380374192,-11.135569768128164 -81.43161238561942,-11.065669783548358 -81.43820301249062,-11.042432809218681 -81.44037948665809,-11.03515115460145 -81.44227026951077,-11.031052939243878 -81.44380912026728,-11.027688610708395 -81.44686814760351,-11.020951148667407 -81.4483878084381,-11.017579162239286 -81.45443024287448,-11.004070780696509 -81.45510796923537,-11.002544222015985 -81.45802149986662,-10.996213416656474 -81.4775210222607,-10.951247331177825 -81.50104837135828,-10.91354735561886 -81.50450703610693,-10.908000017139173 -81.5113730030962,-10.896866193270625 -81.51477748845187,-10.89128424593197 -81.52829077377478,-10.868880052072726 -81.53133670702138,-10.863778437635517 -81.537384349369,-10.853545648044033 -81.53976492698422,-10.849484846594706 -81.54371709540837,-10.842594255258263 -81.55032169277962,-10.830918086404083 -81.55359353450862,-10.82506511402319 -81.5654088760653,-10.80367526707353 -81.56833675267208,-10.798316544678372 -81.57414441255168,-10.787570012942581 -81.57414576802793,-10.787567476802394 -81.58553449336796,-10.768626644602847 -81.60995551307522,-10.727331340221667 -81.61850028787575,-10.712711078192825 -81.63984887403194,-10.674605825705399 -81.6747979332537,-10.610244297373882 -81.70830746063868,-10.545141213694407 -81.73205452663026,-10.496385044754618 -81.76142192040263,-10.454159032269715 -81.7655709809232,-10.448121925583237 -81.77380642901352,-10.435996582011995 -81.77788944086177,-10.42991328051096 -81.79409341038263,-10.405480390965081 -81.79810846253037,-10.399353166338031 -81.80607260061564,-10.387052278260569 -81.81001845834578,-10.38088364557521 -81.84132811023133,-10.3313317957832 -81.84320424498813,-10.328344589941665 -81.84694477338343,-10.322353678216743 -81.84880653470728,-10.319354158606089 -81.85622746914339,-10.307326807225024 -81.85807366253943,-10.30431671365001 -81.86175095141476,-10.298285290396024 -81.86358055104782,-10.2952664244944 -81.87816701297928,-10.271052341757368 -81.87984268734147,-10.268254990888025 -81.88318219169125,-10.262648941629791 -81.88484457997322,-10.259842653991 -81.89146998110121,-10.248595266779276 -81.89283680920815,-10.24626404944135 -81.89594970783227,-10.240928209710844 -81.89921950651228,-10.235247199155438 -81.90379131830025,-10.22721154857193 -81.9060626466462,-10.223186873591004 -81.91399927814584,-10.209008413416896 -81.91597151684692,-10.205459631626155 -81.91989524761664,-10.198348355854435 -81.9218452154418,-10.194788637392392 -81.93633602050559,-10.168140856375047 -81.93813593279387,-10.164808112536278 -81.94171860057384,-10.158128958765147 -81.94349988938725,-10.154785271533342 -81.95059030762371,-10.141383550948063 -81.95235191277763,-10.138030766746851 -81.95585686046616,-10.131313553322073 -81.95759789984078,-10.127953575174274 -81.97946503686777,-10.08545092133501 -81.98290547560097,-10.081679136080211 -82.01030195169102,-10.051855204561235 -82.04371588652327,-10.03800837050126 -82.11108102818787,-10.008348610002969 -82.17776594471403,-9.977228264746728 -82.24373833291043,-9.944662555267612 -82.30896632028751,-9.91066737776579 -82.37341838225552,-9.875259344345139 -82.40257796284814,-9.85885711787806 -82.43388047514208,-9.840385433953216 -82.49040576408237,-9.806194884504777 -82.54623373531237,-9.770904294619996 -82.60134270316894,-9.734527567990838 -82.61012187689116,-9.728480561015061 -82.61377069323945,-9.726048142644515 -82.61652511984445,-9.724201997718879 -82.62202768879135,-9.720494204863286 -82.62477358354025,-9.718634066148581 -82.63574418012823,-9.71116256185529 -82.63848130747033,-9.709288494124067 -82.64394762788504,-9.705525927795875 -82.64667587041427,-9.70363807965299 -82.6503123742439,-9.701107404681366 -82.65406615616163,-9.69848351774094 -82.6603127225489,-9.694095963058516 -82.66405338510523,-9.691455798578502 -82.6752607263426,-9.68350719154975 -82.67898885012332,-9.68085025412536 -82.68519402796332,-9.67640663830828 -82.68891018101206,-9.673732621506431 -82.69786508406199,-9.66725620624102 -82.70381983423911,-9.662917386449479 -82.71371857884063,-9.655649135739921 -82.71963974491851,-9.651267959862551 -82.73736093135156,-9.638054532707628 -82.74325437254467,-9.6336263417831 -82.75305198726383,-9.626208237575838 -82.75891300009039,-9.621736727240958 -82.77797924773444,-9.607081572221375 -82.78506952523725,-9.601796769415515 -82.79547807917041,-9.593879955957917 -82.83665962854775,-9.561915881458688 -82.84185800312213,-9.557839350755643 -82.85221940324465,-9.549631242972936 -82.85737823321239,-9.54550296851599 -82.87790972292768,-9.528905630672867 -82.88233858764033,-9.525293908087605 -82.89116777285457,-9.518030833105087 -82.89577436693534,-9.514205659273003 -82.89913239780168,-9.511384922281195 -82.9040304484806,-9.507251478670696 -82.90870722651204,-9.503290709790718 -82.91168248320423,-9.500755575087396 -82.91748562954558,-9.495781574358233 -82.92037925452104,-9.493287034310555 -82.93178457906734,-9.483397648229314 -82.93462733132219,-9.480918624761742 -82.94030022133015,-9.475943380517862 -82.94312804844316,-9.473449194098862 -82.95416056251986,-9.463662325448794 -82.96570984427615,-9.45341703568387 -82.96852253250148,-9.45090756653859 -82.9741366434418,-9.445870219256534 -82.97693577142232,-9.443344392569784 -82.9881091978935,-9.433204455548648 -82.99089316443442,-9.430663604981547 -82.99644811253566,-9.425565008828713 -82.99921550208555,-9.423010582038174 -83.04087462574904,-9.384334123557679 -83.04604475280274,-9.379482305547029 -83.05633841970382,-9.369719294388133 -83.0614577422131,-9.364812074534115 -83.08183886122654,-9.345066210062342 -83.08690512212607,-9.340105321331421 -83.09698703317582,-9.330127855173785 -83.10199858522657,-9.325115363805779 -83.14189910010253,-9.28477719967077 -83.14685596281996,-9.279711943191629 -83.15672062705079,-9.26952408005549 -83.16162438996392,-9.264405616807053 -83.18113843069125,-9.243818947668046 -83.18598692797036,-9.238649101230706 -83.19563100975492,-9.228255902712888 -83.2004226793396,-9.223036801538186 -83.23849939163733,-9.181114626730249 -83.24080528422647,-9.178562337241786 -83.2454089472869,-9.173440298298843 -83.24770350680771,-9.170874099178803 -83.25686240493386,-9.160577461515771 -83.25914420352322,-9.157998809454199 -83.26369562011368,-9.152828475683833 -83.26596338455079,-9.150238907138458 -83.28406951267854,-9.129454461185063 -83.286193958419,-9.127003629082552 -83.29043328774296,-9.122088930751318 -83.29254636721691,-9.119627148899795 -83.3009790719938,-9.109754268534019 -83.30280806350413,-9.107603681025765 -83.30708189686769,-9.102554615860512 -83.31108325447349,-9.097771654383223 -83.31667068839141,-9.091027590588695 -83.3194525939648,-9.087647313393475 -83.32946984254482,-9.075393506756896 -83.33196370340133,-9.072324264149088 -83.33693443701219,-9.066169519450582 -83.33940935458386,-9.063086447795186 -83.35815287578797,-9.039593560734218 -83.3604850620168,-9.036653333603653 -83.36513529708512,-9.03075672391158 -83.36745144395951,-9.027802744203797 -83.37668727234816,-9.0159547914824 -83.37898600830928,-9.01298869303163 -83.38356791622414,-9.007042117670181 -83.38584804746273,-9.004065614740796 -83.42133698546473,-8.957461173963864 -83.42573770521395,-8.951615199886604 -83.43447918439341,-8.939869393791199 -83.43881636146867,-8.933974341890448 -83.45604237400141,-8.910288903645508 -83.46031403370054,-8.904346974508158 -83.46879390002061,-8.892413795813198 -83.47299866654615,-8.886427428212897 -83.50639073425333,-8.83832267025214 -83.51052852814476,-8.832290719274681 -83.51874188713458,-8.820175621596903 -83.52281408500079,-8.81409740639242 -83.5389757924467,-8.789684759056229 -83.54298053688368,-8.783562564697917 -83.55092451016313,-8.771271665286704 -83.5548605182625,-8.765107987276139 -83.58609374267462,-8.715595677341383 -83.58797823713215,-8.71259021754409 -83.59173536057918,-8.70656264968467 -83.59360535983782,-8.703544730679397 -83.60105903358607,-8.691443472907991 -83.60291335523306,-8.688414838112237 -83.60660678852713,-8.682346172383191 -83.60844439757534,-8.679308620718942 -83.62309461573386,-8.654944410466783 -83.62480345598422,-8.65208621023261 -83.62820876644699,-8.646358063103179 -83.62990378162328,-8.643490554130693 -83.63665866977942,-8.63199745918179 -83.63810752616885,-8.62952006527479 -83.64147375589945,-8.623732908468043 -83.64566381314606,-8.616404147561369 -83.65206756382901,-8.605034955372162 -83.6552407425227,-8.599336274359658 -83.66693289997284,-8.57809399467233 -83.66983023182203,-8.57277286372694 -83.67557784232974,-8.562101815917828 -83.67842584656148,-8.55675615372634 -83.70020301534547,-8.515425866103001 -83.70542528536998,-8.505305357405874 -83.7156986151405,-8.48497169142476 -83.72074973923912,-8.474758172525867 -83.72509016254622,-8.465789688457406 -83.728347081891,-8.459450145290901 -83.73123146797201,-8.453769060402593 -83.73694217377857,-8.442386813845857 -83.73976952297235,-8.436683723892045 -83.75096904413437,-8.413818602676443 -83.75374013441598,-8.40809190549092 -83.75663223647283,-8.402041653341144 -83.7581033107497,-8.399024885333304 -83.77772243306748,-8.357337052709596 -83.78304466447489,-8.345608186212544 -83.78334383317156,-8.344966610547331 -83.78653232215257,-8.33812866018583 -83.78996871389955,-8.330638682224958 -83.79674889306975,-8.315616262241875 -83.80009157869742,-8.308086322244392 -83.8006115309997,-8.306895207300911 -83.81580244661453,-8.273418229775444 -83.83734034494219,-8.222232452887411 -83.83775510018904,-8.221270397635422 -83.84650316769321,-8.200742259541315 -83.84866794660587,-8.19560278497326 -83.85295554887858,-8.185303245312383 -83.85507742997635,-8.18014543366695 -83.86020403110811,-8.167534103551375 -83.86150671405551,-8.1643053442169 -83.86409587003766,-8.157839400078657 -83.8653816472858,-8.15460395389914 -83.87049282071143,-8.141643844356977 -83.87176145515784,-8.138402223232475 -83.87428245043117,-8.131910685520296 -83.87553378748282,-8.128663419533169 -83.88548423576097,-8.102638251330362 -83.88663627231566,-8.099602852837194 -83.88892687377466,-8.09352297840573 -83.8900644548973,-8.090481100370042 -83.89458753032233,-8.078295926613634 -83.89554489253965,-8.075700257872 -83.89775349773171,-8.069670224470954 -83.89990782361946,-8.06368070402938 -83.90290239057421,-8.055226276323467 -83.9043850923506,-8.050995092766428 -83.90962879283748,-8.035868205084853 -83.91092768258329,-8.0320845069933 -83.9135034267756,-8.024507381254011 -83.91477927705128,-8.020716926803075 -83.92431101516527,-7.992114175316388 -83.92549114873773,-7.988539063245824 -83.92783247843354,-7.981378383788538 -83.92899271394796,-7.977795736840804 -83.93359550273985,-7.963444659746827 -83.93473515776068,-7.9598564766425 -83.93699480141564,-7.952671823557935 -83.93811330613391,-7.94908012838404 -83.94210685232747,-7.936126325616527 -83.9461840272678,-7.923331518497392 -83.95086594500032,-7.907714594937275 -83.9553399943556,-7.893202191647077 -83.95745350428959,-7.886210284323738 -83.96160607555464,-7.872196272629267 -83.96364342447,-7.865179879881126 -83.9662866452606,-7.855886992764681 -83.97065792931568,-7.840835844098436 -83.98355498608313,-7.794942410252702 -83.98469839751942,-7.793102816300433 -83.98724663370237,-7.788969583806036 -84.00750688525153,-7.7558361642819875 -84.00992272228888,-7.751853911117877 -84.01472921000507,-7.743868206693918 -84.01711783754882,-7.73986809915813 -84.02662115103038,-7.723826125339215 -84.02877724559391,-7.720159876691071 -84.03306725888118,-7.712811595773985 -84.03477417755977,-7.709870653157168 -84.03615228812453,-7.707470817961806 -84.03852442066142,-7.703317343781308 -84.042343463903,-7.696591189987544 -84.04456482131869,-7.692657619251307 -84.05039871313969,-7.682272593871474 -84.05231964904158,-7.678837107103163 -84.05551078896599,-7.673103469783484 -84.05743486986086,-7.6696301909912705 -84.06835957484347,-7.649809809634476 -84.07302410748068,-7.641276263128418 -84.08000194866429,-7.628399158812584 -84.08460795511067,-7.619824464319564 -84.09935666490912,-7.592131029811924 -84.10151472455522,-7.588055196348208 -84.10507878759253,-7.581286208687871 -84.10720733152644,-7.577221012741063 -84.11356858969768,-7.565003711591913 -84.11567847414048,-7.560928668720152 -84.11918028224184,-7.5541270891874035 -84.12127066627838,-7.5500439455369275 -84.13272304792369,-7.526645717652016 -84.13425998269472,-7.523150906156175 -84.14349955687132,-7.504847486573539 -84.14496468971612,-7.5018759183191435 -84.14801163451321,-7.495705098463773 -84.14970106021619,-7.492276984355897 -84.15258756013228,-7.486048526547805 -84.15532713376041,-7.480523403655539 -84.15954934447586,-7.471812536534941 -84.16122234720493,-7.468305645888805 -84.16718367063555,-7.457158154831802 -84.16911466505749,-7.4530385536723145 -84.1748802980108,-7.440398053723598 -84.1788670492125,-7.431410583918421 -84.18249963677772,-7.423221517331186 -84.18363715612924,-7.4206466534252655 -84.18647388021404,-7.414337446183552 -84.1972405263501,-7.3918434967282 -84.2051648858467,-7.374674810234211 -84.20886708544015,-7.366346225241159 -84.21070346632084,-7.362176778201004 -84.21799563812661,-7.345465497486401 -84.21980344502492,-7.341283656123338 -84.22339143977754,-7.3329055069628595 -84.22517017181795,-7.328712621368837 -84.23929650391776,-7.29509333369171 -84.24104640329676,-7.290888425833884 -84.24451935539031,-7.282462234832238 -84.24624098365516,-7.278244386963223 -84.2530732848094,-7.261340966252433 -84.25476602876435,-7.257111505748824 -84.2581235255901,-7.248638874682939 -84.25978691679884,-7.244399164657921 -84.27338096315756,-7.2093928935782685 -84.27572740080717,-7.203292175523259 -84.27960746670306,-7.1931049196920895 -84.28191491382975,-7.186986650944007 -84.288745696994,-7.168694585778681 -84.29080353336073,-7.163133385841334 -84.29413486145413,-7.154049706862452 -84.29558197901954,-7.150076587576351 -84.29723848402878,-7.145466668301324 -84.29970441468004,-7.138523961690737 -84.30092751425204,-7.135050057695423 -84.30522621513893,-7.122732291380842 -84.30629281361851,-7.119651821770688 -84.30841154045686,-7.1134840536279 -84.30946284406849,-7.11039916825986 -84.31729694590774,-7.087225534529864 -84.3182685557652,-7.084329570718083 -84.3201995749287,-7.07853008894682 -84.3211581927174,-7.075628936672672 -84.32496810080215,-7.064009440662602 -84.32591318183842,-7.061104685357691 -84.32779056499794,-7.055289315099188 -84.32872163326584,-7.052382558154449 -84.34306027399242,-7.007260168562851 -84.34394858174909,-7.004442982802175 -84.34571465875294,-6.998798578679057 -84.34659121642153,-6.995975197323858 -84.35007522535008,-6.984664868566384 -84.35093950141882,-6.9818368748513535 -84.35265599992474,-6.976175561030416 -84.3535075253821,-6.973344552473861 -84.36027644101276,-6.950657962368865 -84.36111552184781,-6.947822755770474 -84.36278204140038,-6.9421455787222754 -84.36360879679216,-6.9393059240047705 -84.36689239762626,-6.9279339824436335 -84.36770660851022,-6.925090553588689 -84.36932288245521,-6.919398581295994 -84.3701243735909,-6.9165520605138795 -84.37525451151407,-6.898176147909524 -84.37643999394044,-6.893874366006031 -84.37878290625844,-6.885260499655956 -84.379939677055,-6.880950838307186 -84.38451093252883,-6.863690147905231 -84.38563874618649,-6.859373421331981 -84.38786615621197,-6.8507302027177275 -84.388964852062,-6.846407239577289 -84.39764537910523,-6.811767672739805 -84.39871510414301,-6.807437580233113 -84.40082680732004,-6.798765651560714 -84.4018679164434,-6.794427352130882 -84.4059765280808,-6.777051406970216 -84.40699111320106,-6.772695546386345 -84.40899168583661,-6.763974782624558 -84.40998136410084,-6.759593209392847 -84.4159414825074,-6.732783437446997 -84.41753030620393,-6.725563649398794 -84.42742821185749,-6.680116145366668 -84.42824685572884,-6.676303303733846 -84.42985829353302,-6.66869002155147 -84.43065273467275,-6.664882075629066 -84.4337832547908,-6.649655395262357 -84.43455442437332,-6.64584846165809 -84.4360750740928,-6.63822811346661 -84.43682394042528,-6.634417807842965 -84.44272585057041,-6.6039200976752 -84.44336800673884,-6.60055556219271 -84.44463587910957,-6.593819099918406 -84.44526102650389,-6.590450163978318 -84.4477284941722,-6.576960461425372 -84.44837318363196,-6.5733809983969 -84.44974542901312,-6.565636640393393 -84.45036728978212,-6.562051623054316 -84.45123928381057,-6.556933786613186 -84.45324129207995,-6.545041904358882 -84.45382487161152,-6.541516569797196 -84.45496063863266,-6.534540079390126 -84.4555191692871,-6.531051285387733 -84.45771724059526,-6.517085275405634 -84.45825726066207,-6.513594168243699 -84.45931917063393,-6.50660725314566 -84.45984063425288,-6.5031142850176735 -84.4639158674841,-6.4753144157593425 -84.46441566626538,-6.471841513844936 -84.46539760311722,-6.464889355666202 -84.46587933575313,-6.461412935938284 -84.46777081929983,-6.447494920296961 -84.46823423634359,-6.444016719188937 -84.46914309669899,-6.437056042237842 -84.46958799954663,-6.433577803030886 -84.47564882996534,-6.3851863644387095 -84.47609113326499,-6.381575253439863 -84.47695691923468,-6.374344096374472 -84.47737987766163,-6.370728325018007 -84.47903358622949,-6.356250431797008 -84.47943696563757,-6.35263174977986 -84.48022427576302,-6.345390275331511 -84.48060789080606,-6.341770438771235 -84.48360100320886,-6.312775493832888 -84.48396500622042,-6.309152960074499 -84.48467371981837,-6.301902021224265 -84.48501813613277,-6.298276574398486 -84.48635710677576,-6.283763464971628 -84.48668187924687,-6.2801355366384115 -84.48731188267834,-6.2728759916617065 -84.48761696967509,-6.269246016098194 -84.48839939693798,-6.2596234360801475 -84.48868643708704,-6.255969724893205 -84.48924064410636,-6.24865947618693 -84.48950768812313,-6.2450045875003894 -84.4905362661948,-6.230377146585866 -84.49078329015211,-6.226721516686638 -84.49125749300339,-6.219406969072637 -84.49148448411,-6.215751036459807 -84.4932218968192,-6.186475806865076 -84.49348358846248,-6.1817890822696455 -84.49397437884193,-6.172409929246783 -84.49420330220468,-6.167720767450774 -84.49505374967498,-6.148952506517745 -84.49514103822773,-6.146864654546519 -84.49525756345525,-6.1447567915823385 -84.49730904874292,-6.093365102165151 -84.49774317744595,-6.075711801823175 -84.49834318611022,-6.060689512799243 -84.49859513402521,-6.053383367194286 -84.49901946110995,-6.0387676376232235 -84.49903949140517,-6.037918289919233 -84.52670012771381,-5.71110566875349 -84.59365329780854,-5.401316272574107 -84.60098275858445,-5.365511713573611 -84.60787501533164,-5.329870899281133 -84.60822877075313,-5.328089995225085 -84.6089108395218,-5.324608131538469 -84.61429833024317,-5.296714495572132 -84.61494792713626,-5.293303785334956 -84.61623018509374,-5.286475238685412 -84.61686231076021,-5.2830602268588365 -84.61935170111167,-5.269414226458778 -84.61994412259023,-5.2661202571540855 -84.62041006356517,-5.263489975667156 -84.62081114183354,-5.261301896344278 -84.62094398612689,-5.260475931602869 -84.62122807877799,-5.258872201343081 -84.62178421387722,-5.255670655574761 -84.6232465138853,-5.247122465182613 -84.623874334948,-5.243389094523948 -84.6250762556063,-5.236116494095498 -84.62566707966451,-5.232479519822277 -84.62797518710613,-5.218020701605795 -84.62854206366569,-5.214406329277068 -84.62965642116717,-5.207172566982834 -84.63020345322593,-5.20355612797627 -84.63450022897933,-5.17461678189774 -84.63502695937945,-5.171001446222192 -84.63606130989552,-5.163764010014873 -84.6365685027341,-5.160144862546133 -84.63855891956828,-5.145655163849781 -84.63904630937324,-5.14203405045869 -84.64000164599736,-5.134787240472022 -84.64046901757615,-5.131166013914026 -84.64694163068839,-5.079917324445162 -84.64738705323069,-5.076312067069765 -84.64825924173346,-5.069092209368208 -84.6486854544527,-5.065482076775609 -84.65035245565448,-5.051026315786842 -84.6507592107782,-5.047413154565419 -84.65155338039938,-5.040182704552208 -84.65194047631488,-5.036568367338248 -84.65496195374573,-5.007616973640552 -84.65532955990935,-5.003999822033251 -84.65604558807127,-4.9967596320232275 -84.65639371276825,-4.99313954763835 -84.65774639823155,-4.978662180131224 -84.65774773663452,-4.978647855624402 -84.65807633247644,-4.975025172114513 -84.65871408732343,-4.967776097344554 -84.65902311661483,-4.9641511502852325 -84.65957994708154,-4.957403763331172 -84.65987184471444,-4.953744843459106 -84.6604357272877,-4.946424536530486 -84.6607076033387,-4.94276460424534 -84.66175547253687,-4.928117313356182 -84.66200731329153,-4.924456708070437 -84.66249114380292,-4.917132176009034 -84.6627229417791,-4.9134712385610015 -84.66449879347164,-4.884156218902405 -84.66471057409348,-4.880494824074461 -84.66511438105994,-4.873166938115006 -84.66530623737796,-4.86950343742491 -84.66603407136623,-4.854839677371672 -84.66620590632706,-4.851175935834675 -84.66652967902905,-4.84384556882128 -84.66668143148215,-4.840183454471656 -84.66868195752778,-4.788504862242647 -84.66879454842856,-4.785412486096462 -84.66900574124725,-4.779220215466253 -84.6691041823897,-4.776124677729797 -84.66946974466214,-4.7637314094214105 -84.66955395617379,-4.760634532459065 -84.66970815679832,-4.754438734836199 -84.66977808698556,-4.7513423431128246 -84.67028105776808,-4.726544096806279 -84.67033675107228,-4.723446646240021 -84.67043392578137,-4.717248146520561 -84.67047536377385,-4.7141496268368 -84.67061264980467,-4.701748614151796 -84.67064020157497,-4.698590248889403 -84.67068048801866,-4.6922717358398245 -84.67069334837862,-4.689029033170428 -84.67070686505556,-4.679796596927531 -84.67070255759833,-4.672369149000886 -84.6706904563712,-4.668847256266105 -84.6706520727437,-4.662507917631004 -84.67062531378821,-4.659328892024604 -84.67049616235317,-4.647347397626817 -84.67045710551423,-4.64434528504961 -84.67036557277063,-4.638339635369917 -84.67031313446361,-4.635338369689322 -84.6698910774818,-4.613915419246467 -84.66983306967126,-4.6112407268670665 -84.66970635271352,-4.605888681830848 -84.66963769247212,-4.60321351386041 -84.66934162737178,-4.592507692936323 -84.66926237436539,-4.58983407907597 -84.66909319729703,-4.5844857334424916 -84.66900343494498,-4.5818157033643985 -84.6669231666614,-4.523377110498615 -84.6665739511393,-4.515024738718097 -84.66577144194278,-4.498317064283029 -84.66531842937425,-4.489968005926087 -84.66329829321128,-4.45656996446354 -84.6627416979843,-4.448227496443863 -84.66152462458288,-4.431545629311842 -84.66086467336325,-4.423213033601442 -84.65516914540768,-4.356551435672031 -84.65440599575336,-4.348227712609315 -84.65277556138042,-4.3315813992427366 -84.65190891589171,-4.3232656026415555 -84.64823443779073,-4.2900098715505806 -84.6472646683547,-4.281705265158422 -84.6452215689755,-4.265104311753774 -84.64414902546974,-4.256814164720737 -84.63628905154869,-4.198883263340434 -84.63579966201428,-4.1953463010664365 -84.63480103350071,-4.188267168649986 -84.63429247006687,-4.184729900241763 -84.63345848697068,-4.17903637792611 -84.63221904788395,-4.170574846593084 -84.63169159142197,-4.1670393424669925 -84.63061763621968,-4.1599692821713035 -84.63007158107564,-4.156437610842403 -84.62974032829675,-4.15433210735182 -84.6235005279249,-4.105274110257838 -84.62214568464591,-4.093331025799472 -84.62128293826322,-4.086076997798514 -84.6194783545404,-4.071574858116946 -84.61853727621491,-4.064332660676001 -84.6106904309409,-4.006399942935744 -84.61020139078249,-4.002859653948519 -84.60920343202804,-3.995773869152373 -84.60869518800106,-3.992233276140169 -84.60662298316527,-3.9780649241465795 -84.60609581526765,-3.974526097977858 -84.6050224065572,-3.9674493936988284 -84.60447660912169,-3.963914403160146 -84.60003084188105,-3.935617418638003 -84.59948932055076,-3.932226901102297 -84.5983883876304,-3.9254448483452222 -84.59782943292501,-3.9220561590855283 -84.59555788798443,-3.908499882898596 -84.59502929161661,-3.9053899310475373 -84.5937331098435,-3.8978854148828646 -84.59267645552052,-3.8919742047268358 -84.5911763404441,-3.8838025307231447 -84.59041388871088,-3.879720060783626 -84.58752275386601,-3.864499635352061 -84.58678943245485,-3.8606985883637037 -84.58530056765613,-3.853098739764647 -84.58454562240502,-3.849302961258104 -84.57864330506499,-3.8200647757525985 -84.57789619687108,-3.816415726272595 -84.57638100513438,-3.809117877951124 -84.57561353467474,-3.8054720588343827 -84.57250177047698,-3.7908897424893695 -84.57171438981567,-3.7872492079749946 -84.57011909263127,-3.779970605208348 -84.56931226028573,-3.776337406404764 -84.55689384276849,-3.7211329022197503 -84.55648351215686,-3.719308829391153 -84.55484280201861,-3.712194945445404 -84.55148262160125,-3.69797779859735 -84.54976450260153,-3.690880341978655 -84.54273524335133,-3.6625151584716633 -84.54113688813212,-3.6562116481764093 -84.53846169920351,-3.6449901500332658 -84.5368044871856,-3.638038715170424 -84.52494727181363,-3.591271237826845 -84.52194314359863,-3.580094003908073 -84.51992631857397,-3.5725901547176164 -84.51538807876193,-3.5557050668933243 -84.50772986014482,-3.5248328727388127 -84.50740780392695,-3.5234349629530186 -84.50699545847343,-3.5216561534086424 -84.50616572596735,-3.518098701593729 -84.5057486797576,-3.516321510828959 -84.50238998980612,-3.5020952801729663 -84.50196814751186,-3.500319233345948 -84.50111919469501,-3.4967663662746418 -84.50069242861264,-3.4949909966371138 -84.4989748368192,-3.487888025212129 -84.49854327015575,-3.4861138273912076 -84.49767509882668,-3.4825656547810837 -84.4972388502926,-3.4807931279004265 -84.49537531292026,-3.4732651980303046 -84.49333333296678,-3.464722222252661 -84.49182215446879,-3.459006022509868 -84.47416902747855,-3.3922222063896044 -84.47414333296732,-3.3921249996650715 -84.47360750486783,-3.3921249997844427 -83.46732901642005,-3.3921249997844427 -83.01271406440384,-3.3921249997844427 -82.76300855869721,-3.3921249997844427 -81.76744207416763,-3.3921249997844427 -81.26109277186035,-3.3921249997844427 -81.15348055566915,-3.3921249997844427 -80.67517156298098,-3.3921249997844427 -80.67187967333146,-3.392124999766594 -80.67049494568505,-3.3921249998266347 -80.67004760761074,-3.3921249998260947 -80.66988580428631,-3.392124999825924 -80.6695241257377,-3.392124999825384 -80.66780602601912,-3.3921249998228973 -80.66773464224883,-3.3921249998263647 -80.6662485842077,-3.392124999825839 -80.6632742579504,-3.3921249998240626 -80.65963368260984,-3.392124999821746 -80.64536881388295,-3.3921249998084306 -80.64165090606127,-3.3921249998084306 -80.63996347163308,-3.3921249998226415 -80.6308434788283,-3.392124999821746 -80.61902231665908,-3.3921249998206804 -80.61137821341464,-3.3921249998084306 -80.59490422884696,-3.392124999825924 -80.58900316536366,-3.3921249998254837 -80.5696247061239,-3.3921249998237073 -80.56254343007882,-3.392124999825569 -80.53095243141752,-3.3921249998084306 -80.51581094491905,-3.3921249998228973 -80.5145736252723,-3.3921249998227267 -80.50903411097738,-3.392124999822286 -80.50298076234898,-3.392124999824773 -80.47950975906139,-3.3921249998224567 -80.47888158113395,-3.392124999825839 -80.47528383609429,-3.3921249998277005 -80.4355392177105,-3.392124999857103 -80.43326635654881,-3.392124999854346 -80.43176838240481,-3.3921249998559375 -80.43163989176739,-3.3921249998559375 -80.42871541500006,-3.392124999856293 -80.42857371799909,-3.3921249995955236 -80.42739860570512,-3.392124999572431 -80.31391014993329,-3.3921249995689777</coordinates>
                            </LinearRing>
                        </outerBoundaryIs>
                        <innerBoundaryIs>
                            <LinearRing>
                                <tessellate>1</tessellate>
                                <coordinates>-80.40902245042562,-3.490497946822785 -80.40915107686064,-3.4910329580044532 -80.40851211574153,-3.4922927616016324 -80.40630805457292,-3.4926748277810304 -80.40588772313978,-3.4926711324667536 -80.40006220360769,-3.4890377517907893 -80.39948427677783,-3.4889024496882826 -80.39511191868004,-3.490461349811312 -80.39216351473434,-3.4888906478850146 -80.38775825493943,-3.4872189763745496 -80.38626670864159,-3.4850831036023067 -80.3892035482051,-3.486600041358784 -80.39524805535333,-3.4869157078935586 -80.40843760960789,-3.490085959299577 -80.40902245042562,-3.490497946822785</coordinates>
                            </LinearRing>
                        </innerBoundaryIs>
                        <innerBoundaryIs>
                            <LinearRing>
                                <tessellate>1</tessellate>
                                <coordinates>-80.38472294770577,-3.492543578023657 -80.39293086486745,-3.4933376308269004 -80.39678966960747,-3.494887351569929 -80.39683055908301,-3.4959095713695802 -80.39095032209963,-3.4979648585912315 -80.38567817250956,-3.496189117533575 -80.3851319548757,-3.493904352104096 -80.38360917602253,-3.4953376052462204 -80.3816086053528,-3.493539213863471 -80.38149130318101,-3.4932185408029284 -80.38226866726504,-3.492139935309652 -80.3831558223832,-3.491783023167855 -80.38472294770577,-3.492543578023657</coordinates>
                            </LinearRing>
                        </innerBoundaryIs>
                        <innerBoundaryIs>
                            <LinearRing>
                                <tessellate>1</tessellate>
                                <coordinates>-81.20602190488665,-5.21454286606037 -81.20464754115079,-5.214809059990117 -81.20427870759596,-5.214683413908304 -81.20360541305905,-5.213617563499582 -81.20280444626803,-5.2142744067384825 -81.20082438014077,-5.211911559470778 -81.20211565461338,-5.209444403436379 -81.20479524130707,-5.208222269741867 -81.20666515846995,-5.204002380005733 -81.20804512498222,-5.201508522200484 -81.20863080037094,-5.20122373119024 -81.20966362947274,-5.201468348585379 -81.21093750026523,-5.203124999618979 -81.21213102382725,-5.204094052398602 -81.21346152313043,-5.204118891673332 -81.21478736394542,-5.20414364371392 -81.21337306129408,-5.205101883303385 -81.21093750026523,-5.206752061658236 -81.21093750026523,-5.207031249892182 -81.20982074732933,-5.2079516646375765 -81.20957982524845,-5.208539127878296 -81.20913124071379,-5.212471962111252 -81.20683586598224,-5.213076353291015 -81.20602190488665,-5.21454286606037</coordinates>
                            </LinearRing>
                        </innerBoundaryIs>
                        <innerBoundaryIs>
                            <LinearRing>
                                <tessellate>1</tessellate>
                                <coordinates>-80.85169136506428,-6.380419254145096 -80.85593593129789,-6.386985063209892 -80.85846245247984,-6.389057755910642 -80.85866153270337,-6.389443516504869 -80.8581310514067,-6.39135515681501 -80.85937499995612,-6.392020106542375 -80.85937499995612,-6.393136143618108 -80.85912930966958,-6.393953323387123 -80.85937499995612,-6.394252061982755 -80.86074972162194,-6.396092176512482 -80.85937499995612,-6.397600412429085 -80.85847330100177,-6.399049878548922 -80.85855483983363,-6.399590014967103 -80.85937499995612,-6.4015065430925375 -80.85937499995612,-6.402064561630141 -80.86163973838285,-6.406955957151652 -80.8646774288199,-6.406709075263564 -80.86800241487919,-6.4033339025374545 -80.87075781801855,-6.404101133060749 -80.87085342404609,-6.404407739825345 -80.86931204811225,-6.407091378863981 -80.86590266247765,-6.408128380820031 -80.8659267427247,-6.411173820715135 -80.86572575593846,-6.411450743556955 -80.86141705545245,-6.414492845168539 -80.86164927479399,-6.415669918332014 -80.86553466349363,-6.418438076555901 -80.8636219502925,-6.421225309400427 -80.86478817493406,-6.423218250221865 -80.86446344862892,-6.426494121606154 -80.8674335478197,-6.424504876098993 -80.8668272491779,-6.428269505632969 -80.8690303561657,-6.427735447732758 -80.87355196485112,-6.432389259456741 -80.87704551264002,-6.43269574661133 -80.88194763617435,-6.436012029931192 -80.86941671390989,-6.437036633833273 -80.8683943745005,-6.43863844870539 -80.86862754802257,-6.441460013168978 -80.87106943130883,-6.4422140119669535 -80.87131595616614,-6.444339513757441 -80.86679244001871,-6.447233676892452 -80.86484634847994,-6.447229147007548 -80.86315250418454,-6.449324369524007 -80.86123871809193,-6.448939800531264 -80.86024165143078,-6.447497010078905 -80.85937499995612,-6.4486607310078625 -80.85843944512402,-6.449340343282145 -80.85903322700165,-6.45400917548308 -80.85803222670575,-6.456091046664483 -80.85815167465984,-6.4564608335005715 -80.85937499995612,-6.456473231554085 -80.8611688614535,-6.456349611645194 -80.86192607892517,-6.459092259699915 -80.86429727100199,-6.459890246137903 -80.86334502655131,-6.462402940243308 -80.86520004284733,-6.465904474012021 -80.86340606174002,-6.470550060536553 -80.86456394157241,-6.472616433701219 -80.86146104309239,-6.474691272184373 -80.86067676502057,-6.476696371840106 -80.86037516568109,-6.476801752598718 -80.85937499995612,-6.476562499659565 -80.85937499995612,-6.47628343103527 -80.85746896242244,-6.475019454584029 -80.85811483842872,-6.4723950628818585 -80.85739505253943,-6.472134470829204 -80.85663640514571,-6.472228646035148 -80.85540366214906,-6.474200129931731 -80.85277760040572,-6.473065972416535 -80.85038363929334,-6.475801944803848 -80.84681057974404,-6.475796342027394 -80.8470803502776,-6.472506880987737 -80.84522461902074,-6.469131946581754 -80.84395885471699,-6.468686938651345 -80.84030723579002,-6.47141575783094 -80.83955121081948,-6.4745925661939765 -80.83769214127904,-6.4745781419677115 -80.83603870891903,-6.4730229380581505 -80.83709537994747,-6.470174431704336 -80.83983755136151,-6.4687196020280595 -80.83925437968566,-6.465632438985779 -80.8418209548729,-6.465493440669732 -80.84329915073496,-6.463297843920159 -80.83961975534723,-6.457039475291495 -80.84115445651275,-6.456062078602045 -80.84394371552966,-6.456664204389497 -80.84488213020595,-6.45479238066379 -80.84473276180722,-6.452488541512778 -80.84328365361742,-6.452707529129 -80.84037232422315,-6.449685811550978 -80.84672284098608,-6.443434357809295 -80.84423625509868,-6.441987157081499 -80.84485733499764,-6.439790606151462 -80.8423472642146,-6.440346360196386 -80.8403155805994,-6.438066005941451 -80.84172844880857,-6.435180664256222 -80.84397983590054,-6.433437228644976 -80.84237432481504,-6.43261373023951 -80.84135377415708,-6.42973637543318 -80.84684073940832,-6.42685997480784 -80.84871995466193,-6.42232370357587 -80.85010254359719,-6.421350121810704 -80.85076057933696,-6.4177558418585505 -80.85308635205314,-6.418082356015944 -80.85639154943027,-6.414481759225808 -80.85708487007045,-6.41153562067224 -80.8562017681968,-6.410694837296788 -80.8582353592742,-6.408536673028962 -80.8579037189811,-6.407607078903553 -80.85354924210361,-6.407004355966208 -80.85564625247235,-6.401074051925846 -80.85293400330141,-6.399358868516757 -80.85176372541542,-6.394662022434389 -80.84842395809878,-6.390773058030007 -80.8445496562415,-6.383415341044909 -80.84452772177667,-6.383073329770141 -80.84771513944176,-6.37975084742348 -80.84798765200833,-6.379632115329812 -80.85169136506428,-6.380419254145096</coordinates>
                            </LinearRing>
                        </innerBoundaryIs>
                        <innerBoundaryIs>
                            <LinearRing>
                                <tessellate>1</tessellate>
                                <coordinates>-80.86426973376078,-6.38162040665641 -80.86459684416886,-6.381404757323708 -80.86510956295575,-6.383858322803292 -80.86273813255863,-6.385318756155598 -80.8623453374669,-6.384087562690809 -80.86426973376078,-6.38162040665641</coordinates>
                            </LinearRing>
                        </innerBoundaryIs>
                        <innerBoundaryIs>
                            <LinearRing>
                                <tessellate>1</tessellate>
                                <coordinates>-80.72260105619353,-6.917807936786815 -80.7205132243057,-6.923161626108097 -80.72184324247144,-6.92469632637426 -80.72439074483674,-6.924199343025293 -80.72452807401118,-6.925650357777741 -80.72195911382164,-6.9262789488144705 -80.72576785060545,-6.931276559665491 -80.72581946809362,-6.931688070547935 -80.72353506059434,-6.93396532573901 -80.72301971938413,-6.936628579844893 -80.7243870495223,-6.936746954907974 -80.72792410831073,-6.932786226403152 -80.73277425732596,-6.931210517950902 -80.73397684065824,-6.9324095246798265 -80.73359966319362,-6.933956980929636 -80.73547875883739,-6.934511065832751 -80.73548856774283,-6.936010424541237 -80.73549532884596,-6.937043905651606 -80.73416307320497,-6.938690089418429 -80.73209667212342,-6.941243410455073 -80.72915792509795,-6.939529656968034 -80.7271273134744,-6.940334201262331 -80.72735774496368,-6.941846728743556 -80.73106791874903,-6.944947361831169 -80.73139357585245,-6.945219516467333 -80.7304905656867,-6.949161410470538 -80.7302409408664,-6.949373244879226 -80.72881484003253,-6.949199914944018 -80.72833538431848,-6.948722196994382 -80.7274335623087,-6.947823643746119 -80.72485661524033,-6.94877243030335 -80.72441378636694,-6.9518940778493175 -80.7242983583821,-6.9527077673493665 -80.72199475755173,-6.954307913978795 -80.72146292864576,-6.954280800662218 -80.71975934511738,-6.954193950090513 -80.71992237871459,-6.9555268343956556 -80.71997940562471,-6.955993056434139 -80.718956947505,-6.956923603841005 -80.71864631869727,-6.956558941564097 -80.71762537980715,-6.955360412153269 -80.7182574269385,-6.951408624708165 -80.71636033046451,-6.951288223472616 -80.71527743340664,-6.94849562617209 -80.71706616876824,-6.945071935921149 -80.71993935072007,-6.943277358563137 -80.72036075594394,-6.939904451229438 -80.72024607619522,-6.939559340890824 -80.71854424502067,-6.9402558802047025 -80.7182277439149,-6.937055229914918 -80.71606957874778,-6.936625242461005 -80.71579766243201,-6.93446910346637 -80.71364331218874,-6.935204744403336 -80.71188473739042,-6.934287548331625 -80.71306490871837,-6.9317512515189605 -80.71538364873624,-6.930088758489319 -80.71760737897716,-6.925306558650789 -80.7175662520807,-6.924537539375777 -80.71811854823227,-6.91979014869618 -80.71948814376248,-6.915024160936099 -80.72024977240869,-6.914858460849203 -80.72155535239733,-6.915299535145394 -80.72193896810845,-6.915636658604853 -80.72260105619353,-6.917807936786815</coordinates>
                            </LinearRing>
                        </innerBoundaryIs>
                        <innerBoundaryIs>
                            <LinearRing>
                                <tessellate>1</tessellate>
                                <coordinates>-80.71120131019185,-6.935176252981492 -80.7105102540446,-6.938273548685146 -80.70808887440177,-6.940017461836092 -80.70736265206432,-6.93822514987059 -80.70746815243302,-6.937607050324814 -80.70877575859424,-6.934971212951112 -80.71097850765162,-6.934123158556943 -80.71120131019185,-6.935176252981492</coordinates>
                            </LinearRing>
                        </innerBoundaryIs>
                        <innerBoundaryIs>
                            <LinearRing>
                                <tessellate>1</tessellate>
                                <coordinates>-80.70665860161296,-6.942915558605947 -80.7055231328859,-6.943934559732 -80.70434355690946,-6.9438699479397314 -80.70414435887477,-6.942937851000991 -80.70443010316654,-6.942565440842273 -80.70687842379988,-6.9408049585818645 -80.70716440641189,-6.942096352664464 -80.70665860161296,-6.942915558605947</coordinates>
                            </LinearRing>
                        </innerBoundaryIs>
                        <innerBoundaryIs>
                            <LinearRing>
                                <tessellate>1</tessellate>
                                <coordinates>-80.73400032555423,-6.92806184307949 -80.73642396969018,-6.926118970214148 -80.73724865879831,-6.926383852932489 -80.73736906093322,-6.926669001872952 -80.73682427412058,-6.9291138646131145 -80.73629987224098,-6.930101751894156 -80.73493516452606,-6.9305373430239 -80.7342903614109,-6.93010306400511 -80.73377931086625,-6.928421139324158 -80.73400032555423,-6.92806184307949</coordinates>
                            </LinearRing>
                        </innerBoundaryIs>
                        <innerBoundaryIs>
                            <LinearRing>
                                <tessellate>1</tessellate>
                                <coordinates>-80.73908936957855,-6.926443576909449 -80.73846244768345,-6.9260629415512796 -80.73753750305303,-6.9242435689853465 -80.73808121697431,-6.923094510603121 -80.7393499616312,-6.922649144742053 -80.74105203112606,-6.923344850384481 -80.74133634909307,-6.9241839772085 -80.74154722662291,-6.924806356627883 -80.74071621887799,-6.926254748957334 -80.74028971809565,-6.926304253038609 -80.73908936957855,-6.926443576909449</coordinates>
                            </LinearRing>
                        </innerBoundaryIs>
                        <innerBoundaryIs>
                            <LinearRing>
                                <tessellate>1</tessellate>
                                <coordinates>-79.50072193187142,-7.8158557415491146 -79.49939894640391,-7.81630015412874 -79.49885225302882,-7.816074967485633 -79.49878791642885,-7.815890923027567 -79.49847495595418,-7.8149956461320045 -79.49996246159782,-7.812997768931794 -79.49998354890118,-7.812969446582443 -79.50025331943482,-7.812812328725855 -79.50110125511844,-7.813386321021767 -79.50082552477784,-7.815400243026659 -79.50072193187142,-7.8158557415491146</coordinates>
                            </LinearRing>
                        </innerBoundaryIs>
                        <innerBoundaryIs>
                            <LinearRing>
                                <tessellate>1</tessellate>
                                <coordinates>-78.96505343916445,-8.530377268596055 -78.96656084051006,-8.53181803197657 -78.96911788018562,-8.531614422767078 -78.96916520610898,-8.531918406209414 -78.96807014931778,-8.533590555259835 -78.96683645214029,-8.533636808291988 -78.9666984080047,-8.535834670433431 -78.96560180168143,-8.535529256170221 -78.96394705811002,-8.538357376691366 -78.96454930260785,-8.53900670969189 -78.96286022651785,-8.539826273563676 -78.9619543556089,-8.539607643877687 -78.96152925507073,-8.5390045639095 -78.96397447574122,-8.534406065887211 -78.96408295646287,-8.533789872904265 -78.96364760365378,-8.53154277827656 -78.96364784197408,-8.53122413138857 -78.96470677839494,-8.530458927037841 -78.96505343916445,-8.530377268596055</coordinates>
                            </LinearRing>
                        </innerBoundaryIs>
                        <innerBoundaryIs>
                            <LinearRing>
                                <tessellate>1</tessellate>
                                <coordinates>-78.9722594018495,-8.567077279292903 -78.96877801379395,-8.56840276757346 -78.96862765614105,-8.568364604842444 -78.96856713266683,-8.568349242623484 -78.9682904481453,-8.566300153528985 -78.9677081110402,-8.564510941526692 -78.96784114864982,-8.564172148925437 -78.97050408079832,-8.562885642658046 -78.9705771210368,-8.562850355958972 -78.97101414208859,-8.562749505085279 -78.97186875343988,-8.563755154876276 -78.9722594018495,-8.567077279292903</coordinates>
                            </LinearRing>
                        </innerBoundaryIs>
                        <innerBoundaryIs>
                            <LinearRing>
                                <tessellate>1</tessellate>
                                <coordinates>-78.79227781277035,-8.768055319497265 -78.79116463643851,-8.769364952730143 -78.79098794932736,-8.769361482258674 -78.79015111937838,-8.769345045337516 -78.78888475882445,-8.76894187926429 -78.78868603743044,-8.768718838403487 -78.78883576375938,-8.767918944503563 -78.78904604953519,-8.767480373020618 -78.79216134516963,-8.762672543402985 -78.79241335409279,-8.762377858051664 -78.79439604264309,-8.76140284546473 -78.79493198552242,-8.762114789265894 -78.79508793336106,-8.762321948998547 -78.79496741251575,-8.76266384156294 -78.79430774843362,-8.763261748777964 -78.79264354726166,-8.764770150022414 -78.79242670093117,-8.766717949373643 -78.79227781277035,-8.768055319497265</coordinates>
                            </LinearRing>
                        </innerBoundaryIs>
                        <innerBoundaryIs>
                            <LinearRing>
                                <tessellate>1</tessellate>
                                <coordinates>-78.69748734006367,-8.94152160458924 -78.69574320298608,-8.943017840800536 -78.69606554518859,-8.941437959494124 -78.69652736144832,-8.941060424099092 -78.6975171651847,-8.941198356718559 -78.69781565646707,-8.9412399530611 -78.69748734006367,-8.94152160458924</coordinates>
                            </LinearRing>
                        </innerBoundaryIs>
                        <innerBoundaryIs>
                            <LinearRing>
                                <tessellate>1</tessellate>
                                <coordinates>-78.65139627491783,-9.007697105736625 -78.64866352120418,-9.008511543472721 -78.64940130702436,-9.006747603319141 -78.65139627491783,-9.007697105736625</coordinates>
                            </LinearRing>
                        </innerBoundaryIs>
                        <innerBoundaryIs>
                            <LinearRing>
                                <tessellate>1</tessellate>
                                <coordinates>-78.68063414115241,-9.033068537382988 -78.67973184594763,-9.034016251948472 -78.67793786484032,-9.033442735393876 -78.67627882970385,-9.035265922883838 -78.67780590102126,-9.038897037268114 -78.67767512790448,-9.039479732303803 -78.6765362021838,-9.041685104683637 -78.66861474517418,-9.043234825426737 -78.6691825393423,-9.040299057855037 -78.66938674480213,-9.039947628879773 -78.67217171225451,-9.037328839054695 -78.6731349230381,-9.033337354635094 -78.67440295183445,-9.031137466320914 -78.67310822036771,-9.027768612231526 -78.67665064361188,-9.023297906073537 -78.67708277684827,-9.02244830124802 -78.67563474154983,-9.020425677403082 -78.67561030427186,-9.017955303594363 -78.67746615423943,-9.017275452999698 -78.68033564087688,-9.017984509077635 -78.68080055709993,-9.01823532549976 -78.68124711546176,-9.019107937681113 -78.68001460988594,-9.022391915554309 -78.67989754693389,-9.026088237981824 -78.68074333683529,-9.032784700553478 -78.68063414115241,-9.033068537382988</coordinates>
                            </LinearRing>
                        </innerBoundaryIs>
                        <innerBoundaryIs>
                            <LinearRing>
                                <tessellate>1</tessellate>
                                <coordinates>-78.62141275379525,-9.11262047285625 -78.61826646302646,-9.114056706351846 -78.61795067778121,-9.113998413196214 -78.61682033519014,-9.112785458881632 -78.61730384849358,-9.110362529706904 -78.61318004142558,-9.109154820238658 -78.61272704571618,-9.107110142319144 -78.61532056369282,-9.104088663960695 -78.61735785008452,-9.098029017625052 -78.61900305724507,-9.096405863639703 -78.61746871490894,-9.095298648014207 -78.6189221146636,-9.09166884394179 -78.6180983779376,-9.089828729412318 -78.61616444613196,-9.088812351608624 -78.62305664974414,-9.083215952354294 -78.6233483556419,-9.083123445390697 -78.62394130204916,-9.084076166481694 -78.6227115394058,-9.086290955662903 -78.62271297022721,-9.08726501496848 -78.62398636347947,-9.093047142211788 -78.62328422049004,-9.096188306844809 -78.62472414929965,-9.100661755035802 -78.62703335290647,-9.103318453083844 -78.62238275985635,-9.109005450940742 -78.62141275379525,-9.11262047285625</coordinates>
                            </LinearRing>
                        </innerBoundaryIs>
                        <innerBoundaryIs>
                            <LinearRing>
                                <tessellate>1</tessellate>
                                <coordinates>-78.62310957934332,-9.140624999843752 -78.62130665807558,-9.143735051531408 -78.61943566802142,-9.140624999843752 -78.61954057213933,-9.140624999843752 -78.61932694897936,-9.140042304808503 -78.6189454790503,-9.13876724241426 -78.62064194666834,-9.1374069449745 -78.62294805031195,-9.140020370343862 -78.62310957934332,-9.140624999843752</coordinates>
                            </LinearRing>
                        </innerBoundaryIs>
                        <innerBoundaryIs>
                            <LinearRing>
                                <tessellate>1</tessellate>
                                <coordinates>-78.6198605302389,-9.152872323598729 -78.61654353105888,-9.15497183767998 -78.61382305578911,-9.15474021458914 -78.61118412025075,-9.156864047238003 -78.60934114497772,-9.15609383546213 -78.60877704612352,-9.158094644452262 -78.6085330249789,-9.158221840965055 -78.60781717272408,-9.157893657666207 -78.60761320558464,-9.157507777461618 -78.60794734959018,-9.154415249963805 -78.60860145079619,-9.15152645128451 -78.61703705831323,-9.147250056244914 -78.61754107436087,-9.147113919571524 -78.61901175998457,-9.14732134370503 -78.62139368097337,-9.150091647711136 -78.62115144768083,-9.15152645128451 -78.6198605302389,-9.152872323598729</coordinates>
                            </LinearRing>
                        </innerBoundaryIs>
                        <innerBoundaryIs>
                            <LinearRing>
                                <tessellate>1</tessellate>
                                <coordinates>-78.46451866640311,-9.343351006443825 -78.46489894383086,-9.346393465985457 -78.46907436838711,-9.345324278192848 -78.47189474124903,-9.348748803014871 -78.47176325317128,-9.349585056505148 -78.46953201269187,-9.351905346054892 -78.46858942516161,-9.351049900132708 -78.46445810785514,-9.352046250933768 -78.46310102908899,-9.351167440624707 -78.46272933479054,-9.348288654997319 -78.45867085447605,-9.347678304010415 -78.45996820926516,-9.346951722843713 -78.45962917834376,-9.346410155604033 -78.46069073718763,-9.343330621510972 -78.46532917050453,-9.339876055735218 -78.46625387681462,-9.341006040396351 -78.46451866640311,-9.343351006443825</coordinates>
                            </LinearRing>
                        </innerBoundaryIs>
                        <innerBoundaryIs>
                            <LinearRing>
                                <tessellate>1</tessellate>
                                <coordinates>-78.44558501273792,-9.386271476647266 -78.44365823234128,-9.38658761982282 -78.4402616026905,-9.384407639800727 -78.43943655475297,-9.382896423530909 -78.4387844797198,-9.382116317414045 -78.43870282217728,-9.378776908027874 -78.43878257315697,-9.378479242323081 -78.44031023982535,-9.375642061132126 -78.44131183637194,-9.374696851178612 -78.44563937225882,-9.37694001217183 -78.44675195234049,-9.383555650872509 -78.44558501273792,-9.386271476647266</coordinates>
                            </LinearRing>
                        </innerBoundaryIs>
                        <innerBoundaryIs>
                            <LinearRing>
                                <tessellate>1</tessellate>
                                <coordinates>-78.38708686826413,-9.545055151174111 -78.38546764881275,-9.546270370880748 -78.38505446878841,-9.545910954127237 -78.38446044948978,-9.545038223235238 -78.38464212423435,-9.544768214381477 -78.38719332191405,-9.543325662249416 -78.38708686826413,-9.545055151174111</coordinates>
                            </LinearRing>
                        </innerBoundaryIs>
                        <innerBoundaryIs>
                            <LinearRing>
                                <tessellate>1</tessellate>
                                <coordinates>-78.37478554381744,-9.603789944150378 -78.37493932249123,-9.603953480468377 -78.37476089519873,-9.603896510215591 -78.37142980094433,-9.60283291350818 -78.37144005321565,-9.606235146834265 -78.37030565738007,-9.606442451358035 -78.37004077466173,-9.606275200839619 -78.36996614891837,-9.601969957347606 -78.37017464594288,-9.600294709233324 -78.37100684618866,-9.600126147503516 -78.37175130857571,-9.600563168555212 -78.37478554381744,-9.603789944150378</coordinates>
                            </LinearRing>
                        </innerBoundaryIs>
                        <innerBoundaryIs>
                            <LinearRing>
                                <tessellate>1</tessellate>
                                <coordinates>-78.37167465665976,-9.613410353604777 -78.3709939714943,-9.613834857892144 -78.37077093153295,-9.61369144930093 -78.36991524729046,-9.611520647759463 -78.37041127645895,-9.608283162138108 -78.37077713055993,-9.608217000813866 -78.37168395475044,-9.608917951302445 -78.37179541582563,-9.609570741296594 -78.37167465665976,-9.613410353604777</coordinates>
                            </LinearRing>
                        </innerBoundaryIs>
                        <innerBoundaryIs>
                            <LinearRing>
                                <tessellate>1</tessellate>
                                <coordinates>-78.30617475496061,-9.700545906768141 -78.30510520923778,-9.700653552919064 -78.30454575987875,-9.699273944336838 -78.30486953290244,-9.699116348940109 -78.30777883522478,-9.69833254840843 -78.30885922946968,-9.69937002700506 -78.30617475496061,-9.700545906768141</coordinates>
                            </LinearRing>
                        </innerBoundaryIs>
                        <innerBoundaryIs>
                            <LinearRing>
                                <tessellate>1</tessellate>
                                <coordinates>-78.30036914372059,-9.722377658102346 -78.2992640729783,-9.722764253267556 -78.29873454586226,-9.722192168433835 -78.29861545583822,-9.720619559045431 -78.29920375365009,-9.719620108281234 -78.29988825284022,-9.71947658097946 -78.30103015891444,-9.720531821186583 -78.30036914372059,-9.722377658102346</coordinates>
                            </LinearRing>
                        </innerBoundaryIs>
                        <innerBoundaryIs>
                            <LinearRing>
                                <tessellate>1</tessellate>
                                <coordinates>-78.25477445127962,-9.871484875626493 -78.25274717793965,-9.87235105046058 -78.25214564840263,-9.872103452711954 -78.25204634706083,-9.871750235884704 -78.25273072754058,-9.869167804750433 -78.25478637179327,-9.869576215669738 -78.25477445127962,-9.871484875626493</coordinates>
                            </LinearRing>
                        </innerBoundaryIs>
                        <innerBoundaryIs>
                            <LinearRing>
                                <tessellate>1</tessellate>
                                <coordinates>-78.24193894842358,-9.88158226031301 -78.24136555237817,-9.882418036263232 -78.24036717450528,-9.882247328751191 -78.2398635145891,-9.881801843280371 -78.24190974204058,-9.87888634193105 -78.2425526376939,-9.880151152953275 -78.24193894842358,-9.88158226031301</coordinates>
                            </LinearRing>
                        </innerBoundaryIs>
                        <innerBoundaryIs>
                            <LinearRing>
                                <tessellate>1</tessellate>
                                <coordinates>-78.2422654625808,-9.895119666939095 -78.24289524521919,-9.896476149454557 -78.24454224113128,-9.895670056527663 -78.24408423889614,-9.900126933810895 -78.2407400604053,-9.897803425587384 -78.24122583910088,-9.896161913741196 -78.2422654625808,-9.895119666939095</coordinates>
                            </LinearRing>
                        </innerBoundaryIs>
                        <innerBoundaryIs>
                            <LinearRing>
                                <tessellate>1</tessellate>
                                <coordinates>-77.67439277890352,-11.019769780750664 -77.67158985109049,-11.023365378209647 -77.67101514383359,-11.021544814041775 -77.6721409556404,-11.018450140761118 -77.67428094640826,-11.019493201449961 -77.67451822713429,-11.019608855164122 -77.67439277890352,-11.019769780750664</coordinates>
                            </LinearRing>
                        </innerBoundaryIs>
                        <innerBoundaryIs>
                            <LinearRing>
                                <tessellate>1</tessellate>
                                <coordinates>-77.74805331231008,-11.385166049373595 -77.74803233112698,-11.385844349536924 -77.74758470077313,-11.385842919614973 -77.74252915379705,-11.383461356556381 -77.74674665943058,-11.381748080609398 -77.74787127963555,-11.381649255908442 -77.74818480038809,-11.381825804517248 -77.74774503730347,-11.383632540709186 -77.7465816734053,-11.384062051522235 -77.74805331231008,-11.385166049373595</coordinates>
                            </LinearRing>
                        </innerBoundaryIs>
                        <innerBoundaryIs>
                            <LinearRing>
                                <tessellate>1</tessellate>
                                <coordinates>-77.2650729416626,-11.77419221429922 -77.26645672309917,-11.775578141517897 -77.2683806418529,-11.775558233225823 -77.26853895221052,-11.777283549296271 -77.2684152126917,-11.777797102654063 -77.26768255210777,-11.77734374991401 -77.26768255210777,-11.77720415624681 -77.26705574982259,-11.777092456851292 -77.26682794075649,-11.77734374991401 -77.26676535603605,-11.77734374991401 -77.2665209769612,-11.778703927744019 -77.26615452750917,-11.778703927744019 -77.26591014843433,-11.77734374991401 -77.26597321069482,-11.77734374991401 -77.26597321069482,-11.77720415624681 -77.2655458447648,-11.776785731376236 -77.26540327074403,-11.776925206333146 -77.26540327074403,-11.77734374991401 -77.26483345040307,-11.77734374991401 -77.26420974718172,-11.774518370526224 -77.26231563106109,-11.7723692651293 -77.26367580889118,-11.772413968629749 -77.26444447023579,-11.771430850453285 -77.2650729416626,-11.77419221429922</coordinates>
                            </LinearRing>
                        </innerBoundaryIs>
                        <innerBoundaryIs>
                            <LinearRing>
                                <tessellate>1</tessellate>
                                <coordinates>-77.21374654786456,-11.792414903524971 -77.21325457104135,-11.792768836212488 -77.21177935643186,-11.792535424370286 -77.2119096520085,-11.79192781451691 -77.2121843103572,-11.789736747652526 -77.21265411349617,-11.789557814941034 -77.21354734893075,-11.790230750648632 -77.21388804899411,-11.792052626927017 -77.21374654786456,-11.792414903524971</coordinates>
                            </LinearRing>
                        </innerBoundaryIs>
                        <innerBoundaryIs>
                            <LinearRing>
                                <tessellate>1</tessellate>
                                <coordinates>-77.25077962877646,-12.065132856196342 -77.24954986613318,-12.069872379606437 -77.2492371799517,-12.069265723034519 -77.24746334545677,-12.071668743917328 -77.24614405620292,-12.07154214365488 -77.24610030688345,-12.071825743063371 -77.24832653993764,-12.07804512967904 -77.24575984514058,-12.078934550189345 -77.24573254621976,-12.081046342714288 -77.24357855300744,-12.080862880117706 -77.23908150210929,-12.087331414013434 -77.23745465280973,-12.087765812642047 -77.23909676090653,-12.090649962725607 -77.23761343980823,-12.092014550830882 -77.23822414872527,-12.093280673064513 -77.23748064051887,-12.093858956925217 -77.23662281049391,-12.093102216993614 -77.23548960715937,-12.090416431273297 -77.2342773678061,-12.090200543620213 -77.23149406949534,-12.090586900465041 -77.22861051566258,-12.092097640093996 -77.22829127342308,-12.092286825076783 -77.22819197208153,-12.093885422174324 -77.22641074695804,-12.093627452544936 -77.22249674812599,-12.096011042675357 -77.21443247787636,-12.105634450469381 -77.2119543555088,-12.106282115227387 -77.2029596565626,-12.112914800577315 -77.20165431489451,-12.113001942185818 -77.20141553859594,-12.111148238000737 -77.20104324804714,-12.109947800450485 -77.19785141920744,-12.108842372677174 -77.19685494879673,-12.110035777528992 -77.19163787368853,-12.107821107058342 -77.19123184687183,-12.109008550304296 -77.18972170349366,-12.108676552980526 -77.18813204745584,-12.105360507980961 -77.18813884273305,-12.10501980791777 -77.1888580323722,-12.103351831721412 -77.18905305845166,-12.103058457581497 -77.19308602769769,-12.10063791250947 -77.19647550593959,-12.096367239856264 -77.19676554179597,-12.096142530753028 -77.19889152022733,-12.096148252239871 -77.20004975798975,-12.092085123329653 -77.20384872004223,-12.089826225999403 -77.20885145702886,-12.083570003152957 -77.20915305636805,-12.079406857940128 -77.21108686946329,-12.079353571309994 -77.21161055548248,-12.078179359789445 -77.21365821375528,-12.078030705452605 -77.21446883656745,-12.076266765299025 -77.21780395528793,-12.075420260436545 -77.21973872166447,-12.073304176346554 -77.22047352803071,-12.070045709541901 -77.22531187524265,-12.06920278038379 -77.23018586618434,-12.06550812709834 -77.23525130750158,-12.06523811824458 -77.23530602495276,-12.064865351055019 -77.23823964584261,-12.063881635728833 -77.24035775700474,-12.05990314471434 -77.24099862558586,-12.059542655968812 -77.24513423445705,-12.05890512477147 -77.2491946222338,-12.061242580580554 -77.25077962877646,-12.065132856196342</coordinates>
                            </LinearRing>
                        </innerBoundaryIs>
                        <innerBoundaryIs>
                            <LinearRing>
                                <tessellate>1</tessellate>
                                <coordinates>-77.18370735600945,-12.112078428376662 -77.18470871423546,-12.113917350405359 -77.18374550345189,-12.115129947688743 -77.18423783820546,-12.119310140450636 -77.18399846565649,-12.119785547265181 -77.18342244628863,-12.119719743870974 -77.18220865740324,-12.118097544066089 -77.17954623696909,-12.120520353631335 -77.17924952544493,-12.12049162388901 -77.17889356568531,-12.119961738843031 -77.17670011561768,-12.119602441699172 -77.17663776831819,-12.118442654404888 -77.17713093764232,-12.117769957017757 -77.18005061184596,-12.11476910101318 -77.18162465115651,-12.111164331368798 -77.18190562724246,-12.110985755687977 -77.18370735600945,-12.112078428376662</coordinates>
                            </LinearRing>
                        </innerBoundaryIs>
                        <innerBoundaryIs>
                            <LinearRing>
                                <tessellate>1</tessellate>
                                <coordinates>-77.20845174794943,-12.114404559023072 -77.2091305256528,-12.114346146257517 -77.2099623679687,-12.115111112287948 -77.2098493573618,-12.117008328371654 -77.20856237445372,-12.117127656715923 -77.20759844780972,-12.116507768418785 -77.2075706722485,-12.115438461015984 -77.20845174794943,-12.114404559023072</coordinates>
                            </LinearRing>
                        </innerBoundaryIs>
                        <innerBoundaryIs>
                            <LinearRing>
                                <tessellate>1</tessellate>
                                <coordinates>-77.2323838470366,-12.128390550183568 -77.23511624371938,-12.128906250223125 -77.23303055761377,-12.128906250223125 -77.23218572099401,-12.129666566758544 -77.23217451544133,-12.128906250223125 -77.2323838470366,-12.128390550183568</coordinates>
                            </LinearRing>
                        </innerBoundaryIs>
                        <innerBoundaryIs>
                            <LinearRing>
                                <tessellate>1</tessellate>
                                <coordinates>-76.90491044496076,-12.305786132424089 -76.90247285323932,-12.306335449121562 -76.9022185798234,-12.306192040530064 -76.90194070370023,-12.304687499928093 -76.90201401733282,-12.304687499928093 -76.90198445301994,-12.303145527743666 -76.90541386565701,-12.299123167799962 -76.90571057808035,-12.299245953138225 -76.90563094581123,-12.302151679755937 -76.90707647829657,-12.302869439472843 -76.90565335781602,-12.304687499928093 -76.90491044496076,-12.305786132424089</coordinates>
                            </LinearRing>
                        </innerBoundaryIs>
                        <innerBoundaryIs>
                            <LinearRing>
                                <tessellate>1</tessellate>
                                <coordinates>-76.89822745333393,-12.311277032208991 -76.89775037737786,-12.313604116136858 -76.89742124079729,-12.313460827155112 -76.89636957629452,-12.31169784028289 -76.89658033871137,-12.3106694223559 -76.89690804447042,-12.310431361018402 -76.89822745333393,-12.311277032208991</coordinates>
                            </LinearRing>
                        </innerBoundaryIs>
                        <innerBoundaryIs>
                            <LinearRing>
                                <tessellate>1</tessellate>
                                <coordinates>-76.6173067096365,-12.785689115659991 -76.61932313445482,-12.78919124567922 -76.62138724312643,-12.788070320788634 -76.62801873687488,-12.791885852849774 -76.62810200510327,-12.791964269235521 -76.62827241404028,-12.792124747858523 -76.62622904733246,-12.796700716065018 -76.62591242751614,-12.79707336454402 -76.62495629150533,-12.797582095129144 -76.62395715749665,-12.798113703884127 -76.61856853940623,-12.796456456600097 -76.61970055113912,-12.79423344132006 -76.61956465278638,-12.793822646298068 -76.61771404766495,-12.792575955715733 -76.61650395409401,-12.794073343110256 -76.61600780531569,-12.793996810804074 -76.61512815953654,-12.792821646002167 -76.61712026578743,-12.789265036851774 -76.6158808471231,-12.787239313043884 -76.61594867668987,-12.786961317310954 -76.6173067096365,-12.785689115659991</coordinates>
                            </LinearRing>
                        </innerBoundaryIs>
                        <innerBoundaryIs>
                            <LinearRing>
                                <tessellate>1</tessellate>
                                <coordinates>-76.19757580777707,-13.62017095052893 -76.20465707766175,-13.642196655051592 -76.20469474756425,-13.646302222969226 -76.20693814777712,-13.654151678457225 -76.20661234858079,-13.653916716183403 -76.20332121839925,-13.645623921906349 -76.19973504583538,-13.63159954588231 -76.19742441140721,-13.62562644490447 -76.19670403016653,-13.621138572487055 -76.19757580777707,-13.62017095052893</coordinates>
                            </LinearRing>
                        </innerBoundaryIs>
                        <innerBoundaryIs>
                            <LinearRing>
                                <tessellate>1</tessellate>
                                <coordinates>-76.40199053253684,-13.64836120640453 -76.40371465700565,-13.648246407945251 -76.40495014203529,-13.648568510927944 -76.40470290221691,-13.653379678829083 -76.40287554277171,-13.655745148519784 -76.40222597145117,-13.655748009263078 -76.40077435954885,-13.655272007097395 -76.40050804600935,-13.65496873861639 -76.39978086949134,-13.65278291659817 -76.39678180223814,-13.651654362758634 -76.40199053253684,-13.64836120640453</coordinates>
                            </LinearRing>
                        </innerBoundaryIs>
                        <innerBoundaryIs>
                            <LinearRing>
                                <tessellate>1</tessellate>
                                <coordinates>-76.39737176919155,-13.640198826414576 -76.3979593511429,-13.639727115813685 -76.4011223315301,-13.64153265950469 -76.40330254987234,-13.640078068148341 -76.4034596677293,-13.641582847070794 -76.404800414807,-13.642304659132733 -76.40464270069981,-13.645477652571572 -76.39484095554553,-13.647238850692432 -76.392902732175,-13.645214557705586 -76.39241874223089,-13.642347455170821 -76.39249467828665,-13.641914606074266 -76.39414703865455,-13.64053642741409 -76.39454412441145,-13.640233516863319 -76.39737176919155,-13.640198826414576</coordinates>
                            </LinearRing>
                        </innerBoundaryIs>
                        <innerBoundaryIs>
                            <LinearRing>
                                <tessellate>1</tessellate>
                                <coordinates>-76.389077663703,-13.632750749147732 -76.38878941569868,-13.629818916110054 -76.38642096475542,-13.6300692558914 -76.38665592702904,-13.62902414834565 -76.38793051278253,-13.627790212848055 -76.39364373666885,-13.624276518446564 -76.39447593691474,-13.624697447029575 -76.39496374088378,-13.623360156945495 -76.39634346997502,-13.623276948972006 -76.39624381070297,-13.624622464255282 -76.39830160163726,-13.623963833164197 -76.39941275089751,-13.624654054740887 -76.39962410956477,-13.624320506985697 -76.40085106362537,-13.622708292353678 -76.4010667804074,-13.622424841333242 -76.40179395692525,-13.62373840820078 -76.40149831289668,-13.624096454387796 -76.40043735479975,-13.62538135086848 -76.40120923481805,-13.626969814405356 -76.39743125394892,-13.628087758942925 -76.39657163607188,-13.631877660325785 -76.3962999580765,-13.63194084129681 -76.39527285136055,-13.628000379014296 -76.39595377484659,-13.632675767272886 -76.39555191998494,-13.63346815093442 -76.3951560258296,-13.63357734661713 -76.389077663703,-13.632750749147732</coordinates>
                            </LinearRing>
                        </innerBoundaryIs>
                        <innerBoundaryIs>
                            <LinearRing>
                                <tessellate>1</tessellate>
                                <coordinates>-76.415486573946,-13.664218068009362 -76.4120273586754,-13.665097236248371 -76.41374087294258,-13.663092851553884 -76.41403293587092,-13.662844657554842 -76.4155372381527,-13.66390371358554 -76.415486573946,-13.664218068009362</coordinates>
                            </LinearRing>
                        </innerBoundaryIs>
                        <innerBoundaryIs>
                            <LinearRing>
                                <tessellate>1</tessellate>
                                <coordinates>-76.40047550224222,-13.733301759068837 -76.39874947031149,-13.73463082305392 -76.39810204477334,-13.734534144135367 -76.39625227422283,-13.734207153337366 -76.39484775082266,-13.733402848262827 -76.39528095695033,-13.732484221369603 -76.39395606492013,-13.730891942908784 -76.39518046400678,-13.72928965049688 -76.39841163189095,-13.729933738651155 -76.40048933021814,-13.731211543078146 -76.40047550224222,-13.733301759068837</coordinates>
                            </LinearRing>
                        </innerBoundaryIs>
                        <innerBoundaryIs>
                            <LinearRing>
                                <tessellate>1</tessellate>
                                <coordinates>-76.39250648008965,-13.73434781989586 -76.3955990075878,-13.734655976192244 -76.39507615524016,-13.737004757163746 -76.39717710014267,-13.736835956214264 -76.39760780345694,-13.739245057413498 -76.40070784119365,-13.739847063591029 -76.40123724959912,-13.742419362063927 -76.39904224910009,-13.742364644612636 -76.39800333968202,-13.74184644265911 -76.39514303242476,-13.740048051276375 -76.3947130440715,-13.738846540835098 -76.39347600951004,-13.736992001179829 -76.39248454562491,-13.736354351272283 -76.39233458007658,-13.735986947639532 -76.39250648008965,-13.73434781989586</coordinates>
                            </LinearRing>
                        </innerBoundaryIs>
                        <innerBoundaryIs>
                            <LinearRing>
                                <tessellate>1</tessellate>
                                <coordinates>-76.31417715585076,-13.737165928264915 -76.31421041457872,-13.738309144651183 -76.31301355363246,-13.73816001457294 -76.31191945102145,-13.737323046121688 -76.31134784192895,-13.736168145743164 -76.31154584926108,-13.735328078228136 -76.31186974009628,-13.735150218407753 -76.31347453622047,-13.735960721609914 -76.31417715585076,-13.737165928264915</coordinates>
                            </LinearRing>
                        </innerBoundaryIs>
                        <innerBoundaryIs>
                            <LinearRing>
                                <tessellate>1</tessellate>
                                <coordinates>-76.45406281954325,-13.815951466886602 -76.45311355634544,-13.816017150670888 -76.45290565467195,-13.815826774086247 -76.45435571704232,-13.814386249026214 -76.45528721773073,-13.815130352583651 -76.45522654047213,-13.815456151779983 -76.45406281954325,-13.815951466886602</coordinates>
                            </LinearRing>
                        </innerBoundaryIs>
                        <innerBoundaryIs>
                            <LinearRing>
                                <tessellate>1</tessellate>
                                <coordinates>-76.45551598097757,-13.820730805082476 -76.45474863084434,-13.821063518266683 -76.4526294467912,-13.818781256549642 -76.45234465578105,-13.818382143720896 -76.45273935833455,-13.816998243574062 -76.4552830457755,-13.81971466559925 -76.45551598097757,-13.820730805082476</coordinates>
                            </LinearRing>
                        </innerBoundaryIs>
                        <innerBoundaryIs>
                            <LinearRing>
                                <tessellate>1</tessellate>
                                <coordinates>-76.46384465730483,-13.853109955560015 -76.46445393540046,-13.855907559386381 -76.46223771539792,-13.852378129547063 -76.46035587772138,-13.852823615017627 -76.45892024047657,-13.851373076006666 -76.4569727181161,-13.850671648877409 -76.45580947382803,-13.850646972379849 -76.44907045353838,-13.853176951455069 -76.44598376713691,-13.852761626547704 -76.44571280500159,-13.853025316764928 -76.44468641324707,-13.855850219511936 -76.44548070437088,-13.858143210140952 -76.44565534551748,-13.858377576164258 -76.4486404660845,-13.85835313798681 -76.44851875273798,-13.86072075346 -76.448282122222,-13.86072862162861 -76.44438993914412,-13.858313679332866 -76.44265782869545,-13.859329104754309 -76.43847024440606,-13.857550620764542 -76.4340207577514,-13.847929120432525 -76.43460690978071,-13.841378330945133 -76.43437576333062,-13.838001847007618 -76.4332939382644,-13.836723565939877 -76.43483197681417,-13.835094332537466 -76.43908166918337,-13.835357427403181 -76.44096231435913,-13.834114551745145 -76.44145405286213,-13.826435208418118 -76.44294810287232,-13.823623060755565 -76.4434161190583,-13.823286533546707 -76.44922721346495,-13.823472141925777 -76.45375013336161,-13.82110083113841 -76.45707416524016,-13.823088169183649 -76.4601777795807,-13.829083561656972 -76.46054744680686,-13.835309624839141 -76.4645320181377,-13.840537428859221 -76.4674632261468,-13.849891085904744 -76.46759307386083,-13.850305437745675 -76.4673933344344,-13.850454879888687 -76.46384465730483,-13.853109955560015</coordinates>
                            </LinearRing>
                        </innerBoundaryIs>
                        <innerBoundaryIs>
                            <LinearRing>
                                <tessellate>1</tessellate>
                                <coordinates>-76.30017805077605,-13.999569534806199 -76.29725647000967,-14.000546574464721 -76.29692745213993,-14.000346422249564 -76.29667544321694,-13.998008131869838 -76.29881095895843,-13.997747779036672 -76.29882121122947,-13.994760751907123 -76.30021250290432,-13.995689153531501 -76.30044245685372,-13.9992188216913 -76.30017805077605,-13.999569534806199</coordinates>
                            </LinearRing>
                        </innerBoundaryIs>
                        <innerBoundaryIs>
                            <LinearRing>
                                <tessellate>1</tessellate>
                                <coordinates>-76.29070532349161,-13.997969507786436 -76.28957605379173,-13.99825465672707 -76.28906250043391,-13.998046755953055 -76.28906250043391,-13.996930837587882 -76.28947436834704,-13.996279955055911 -76.28981745251326,-13.996070146819704 -76.2910689113009,-13.996309518469417 -76.29131531744758,-13.996745347919457 -76.29101955920507,-13.997664213132708 -76.29070532349161,-13.997969507786436</coordinates>
                            </LinearRing>
                        </innerBoundaryIs>
                        <innerBoundaryIs>
                            <LinearRing>
                                <tessellate>1</tessellate>
                                <coordinates>-76.27268552761464,-14.052760362600694 -76.26677572721786,-14.054620147102028 -76.26560056241559,-14.053945541353613 -76.26596665393765,-14.051481843212471 -76.26642465617283,-14.050873279178376 -76.26722276222046,-14.050561428467077 -76.27286851447008,-14.05098044868879 -76.27268552761464,-14.052760362600694</coordinates>
                            </LinearRing>
                        </innerBoundaryIs>
                        <innerBoundaryIs>
                            <LinearRing>
                                <tessellate>1</tessellate>
                                <coordinates>-76.20101911583913,-14.29121158584583 -76.1915527584527,-14.294657945307819 -76.18669903283387,-14.2943778037925 -76.1838691235609,-14.295825839091094 -76.1824758057135,-14.298356413517553 -76.18122804134077,-14.298764824437114 -76.1806395052086,-14.298701763075826 -76.1791880129162,-14.296142816837374 -76.17799425103343,-14.299362539949144 -76.17840898058955,-14.304158449053205 -76.17731535461968,-14.30442082895803 -76.17685675613427,-14.304263949421738 -76.17425334471574,-14.300019144867491 -76.17414736770661,-14.299555539856215 -76.1764143706263,-14.296692967206724 -76.1739523407276,-14.2921285624832 -76.17395985096599,-14.29157435886954 -76.17468655084323,-14.289455652356366 -76.17581152897841,-14.28798723212509 -76.18033695258805,-14.286221027478462 -76.18550646345213,-14.282726049767405 -76.18619930745172,-14.28113460497795 -76.18543815634558,-14.27497196198648 -76.1872413159337,-14.27160823313342 -76.19180917765112,-14.26770675196498 -76.20007455339771,-14.263773560701182 -76.19958865599148,-14.262309312424861 -76.1985844370219,-14.263320803312354 -76.19649791724487,-14.262765646417407 -76.19701325935421,-14.260313749180085 -76.20161616765174,-14.261366844504266 -76.2022739650713,-14.261261820776326 -76.21151745336749,-14.258958101235422 -76.21520841133892,-14.258928536922298 -76.21744227424142,-14.259750604506692 -76.2177517417492,-14.260107159617647 -76.21932196613545,-14.264102101031142 -76.21917126044514,-14.27170165380808 -76.21912825126748,-14.273870467847559 -76.21632885958886,-14.275772571746657 -76.21033132043385,-14.284504056217031 -76.2054135517676,-14.287212905529628 -76.20401775861251,-14.287981748958543 -76.20259703122753,-14.289775775031842 -76.20163857965642,-14.290986061057737 -76.20101911583913,-14.29121158584583</coordinates>
                            </LinearRing>
                        </innerBoundaryIs>
                        <innerBoundaryIs>
                            <LinearRing>
                                <tessellate>1</tessellate>
                                <coordinates>-76.17011117978697,-14.308698177278998 -76.16851615929318,-14.309311270298807 -76.16798102850123,-14.309113145155493 -76.16786634965206,-14.308774113334565 -76.16874504125047,-14.306815028390872 -76.16905021629427,-14.306673049721525 -76.16981983181955,-14.306759357658237 -76.17037725410671,-14.308220863002447 -76.17011117978697,-14.308698177278998</coordinates>
                            </LinearRing>
                        </innerBoundaryIs>
                        <innerBoundaryIs>
                            <LinearRing>
                                <tessellate>1</tessellate>
                                <coordinates>-76.16704690449089,-14.320049404856178 -76.16621971167018,-14.320213317990266 -76.16568112388461,-14.32001853023101 -76.16418433184106,-14.317505359484656 -76.16332304482245,-14.317360163040988 -76.16306507609227,-14.317599654300437 -76.16539323291124,-14.320373177879858 -76.16543364484662,-14.322133541429722 -76.16530930997624,-14.322596550190568 -76.1617136001023,-14.325783371605226 -76.16003167632061,-14.324628948766929 -76.15859007836903,-14.323036431985727 -76.15668642493833,-14.323354720943499 -76.15652644633809,-14.323015928342414 -76.15756297075407,-14.320128679195093 -76.15793800333577,-14.319329738576542 -76.16069614850812,-14.317251443998956 -76.16148173779169,-14.316511869427146 -76.16328811605334,-14.311566352705043 -76.16535234433496,-14.310898900163991 -76.16610264781875,-14.31079661846914 -76.16637492206485,-14.311066150682137 -76.16722333438906,-14.313560724347894 -76.17047905916087,-14.314864158553974 -76.17095637343752,-14.315633058218978 -76.1707245111271,-14.316426753991294 -76.16704690449089,-14.320049404856178</coordinates>
                            </LinearRing>
                        </innerBoundaryIs>
                        <innerBoundaryIs>
                            <LinearRing>
                                <tessellate>1</tessellate>
                                <coordinates>-75.92417719638814,-14.661330042089688 -75.92286455635406,-14.661984801157544 -75.92216130270157,-14.659882581915383 -75.92203092618587,-14.659492849915026 -75.9240907432928,-14.65784585490212 -75.9255954214911,-14.659994078963337 -75.92566513243958,-14.660093605135614 -75.92592167844234,-14.660459875622621 -75.92417719638814,-14.661330042089688</coordinates>
                            </LinearRing>
                        </innerBoundaryIs>
                        <innerBoundaryIs>
                            <LinearRing>
                                <tessellate>1</tessellate>
                                <coordinates>-73.2629176380384,-16.410272359881304 -73.2617731095412,-16.411291122687146 -73.26141476657799,-16.410846948427917 -73.26195180393239,-16.409562826263397 -73.26271676996282,-16.409000039520237 -73.2632149458129,-16.409546256254743 -73.2629176380384,-16.410272359881304</coordinates>
                            </LinearRing>
                        </innerBoundaryIs>
                        <innerBoundaryIs>
                            <LinearRing>
                                <tessellate>1</tessellate>
                                <coordinates>-73.23509930848599,-16.418277424163506 -73.23486101602288,-16.418978929533836 -73.23439429576001,-16.418479260809036 -73.23339867610787,-16.41741335374323 -73.23576390747809,-16.416320920274202 -73.23509930848599,-16.418277424163506</coordinates>
                            </LinearRing>
                        </innerBoundaryIs>
                        <innerBoundaryIs>
                            <LinearRing>
                                <tessellate>1</tessellate>
                                <coordinates>-71.38783454892507,-17.71299576794027 -71.38716244688891,-17.713012456659385 -71.38458955306521,-17.711876154260906 -71.38477480441335,-17.70941734303588 -71.3865860704903,-17.709221362775594 -71.38893210852967,-17.710953116193153 -71.38944733102937,-17.711661338599825 -71.38783454892507,-17.71299576794027</coordinates>
                            </LinearRing>
                        </innerBoundaryIs>
                        <innerBoundaryIs>
                            <LinearRing>
                                <tessellate>1</tessellate>
                                <coordinates>-76.25342607475324,-13.822605728771308 -76.25280022664879,-13.822667956460975 -76.25235867481263,-13.821958661163194 -76.25224721463687,-13.81986463114768 -76.25265944048056,-13.819322348047834 -76.2532335523862,-13.819043636454651 -76.25416922592868,-13.820298910166471 -76.2540097239692,-13.821902870820807 -76.25342607475324,-13.822605728771308</coordinates>
                            </LinearRing>
                        </innerBoundaryIs>
                        <innerBoundaryIs>
                            <LinearRing>
                                <tessellate>1</tessellate>
                                <coordinates>-80.86089706384809,-5.817914604875128 -80.86031985287877,-5.817921042222139 -80.86187934835286,-5.809718966157405 -80.86460125444395,-5.8144233224783335 -80.86089706384809,-5.817914604875128</coordinates>
                            </LinearRing>
                        </innerBoundaryIs>
                        <innerBoundaryIs>
                            <LinearRing>
                                <tessellate>1</tessellate>
                                <coordinates>-80.85937499995612,-5.828683018706329 -80.85765445209103,-5.828969717178666 -80.85720813294876,-5.828832745934463 -80.85748410250903,-5.827751875048946 -80.85937499995612,-5.824776649722494 -80.85937499995612,-5.824218749895351 -80.86154055575167,-5.820291876368913 -80.86233842347912,-5.819825410614001 -80.86256146433993,-5.820140719218742 -80.85979902760289,-5.828428149039624 -80.85937499995612,-5.828683018706329</coordinates>
                            </LinearRing>
                        </innerBoundaryIs>
                        <innerBoundaryIs>
                            <LinearRing>
                                <tessellate>1</tessellate>
                                <coordinates>-80.41525244724247,-3.5076831583509147 -80.41516375520305,-3.5080944300138697 -80.4141224625815,-3.507956147558076 -80.41259527165428,-3.5068670514731934 -80.41232442822971,-3.5064766404845074 -80.41257596051207,-3.505703449254625 -80.41322076362724,-3.5053032635347705 -80.41525244724247,-3.5076831583509147</coordinates>
                            </LinearRing>
                        </innerBoundaryIs>
                        <innerBoundaryIs>
                            <LinearRing>
                                <tessellate>1</tessellate>
                                <coordinates>-80.30550324877586,-3.405107617122681 -80.30502855782157,-3.4061627386193436 -80.30355703852646,-3.4061150547658627 -80.30305814771529,-3.4059884545035004 -80.30256187932724,-3.4044258590660093 -80.30520665686154,-3.4046635624732744 -80.30550324877586,-3.405107617122681</coordinates>
                            </LinearRing>
                        </innerBoundaryIs>
                        <innerBoundaryIs>
                            <LinearRing>
                                <tessellate>1</tessellate>
                                <coordinates>-80.26262152226539,-3.4131295679751616 -80.27571952373697,-3.4167897700317127 -80.28631281888144,-3.414110660878265 -80.28793895232073,-3.416120052098691 -80.28806626754414,-3.416858553779221 -80.28772604502083,-3.4189784527932403 -80.28753995910182,-3.419522047104749 -80.28574025650758,-3.4215582606051385 -80.28220736967418,-3.4238624576860985 -80.28173065164813,-3.4240800144809924 -80.27801775921216,-3.4248795513500596 -80.26866972472797,-3.422482251954264 -80.26407480241014,-3.4230195285282576 -80.25449025612036,-3.426757812423048 -80.24810493019831,-3.424189448484185 -80.2444547411933,-3.425165653571881 -80.24186980724576,-3.424814701237409 -80.24160230120518,-3.424436449982025 -80.24142253392276,-3.423821568210741 -80.24444913841691,-3.4209345582830935 -80.2466889620259,-3.418277978945426 -80.25728917115813,-3.413851023006174 -80.26152706172442,-3.4131095409724423 -80.26262152226539,-3.4131295679751616</coordinates>
                            </LinearRing>
                        </innerBoundaryIs>
                        <innerBoundaryIs>
                            <LinearRing>
                                <tessellate>1</tessellate>
                                <coordinates>-80.27774333918367,-3.4265284538249716 -80.27684116358873,-3.427333951400641 -80.27548921095817,-3.427277564807639 -80.27026331440038,-3.425157547082989 -80.2762503620645,-3.425849556511764 -80.27774333918367,-3.4265284538249716</coordinates>
                            </LinearRing>
                        </innerBoundaryIs>
                    </Polygon>
                </MultiGeometry>
            </Placemark>
        </Folder>
    </Document>
</kml>
