lat,lon,fishing_hours
-12.1,-77.2,25602.996
-9.2,-78.6,18207.1005
-12.0,-77.2,13281.2787
-1.0,-80.8,13123.4836
-10.7,-81.8,1778.9934
-3.5,-85.2,1604.7659
-3.5,-85.3,1512.6184
-3.4,-85.3,1417.6019000000001
-10.6,-81.8,1417.3442
-3.5,-85.1,1336.83
-3.4,-85.2,1215.9304
-10.5,-81.9,1209.661
-3.3,-85.1,1196.98
-3.5,-85.4,1146.8781
-3.3,-85.2,1128.2448
-10.8,-81.8,1109.7625
-3.6,-85.3,1087.7297
-10.6,-81.9,1079.4933
-4.7,-85.5,1077.2504
-3.4,-85.1,1047.7519
-5.2,-85.2,1024.6463
-10.3,-82.0,976.0804
-1.0,-80.7,964.7588
-3.4,-85.4,958.7591
-5.3,-85.2,952.9823
-5.2,-85.3,911.4983
-2.7,-80.2,893.6394
-3.3,-81.0,858.2187
-10.2,-82.1,833.5120000000001
-3.6,-85.2,828.4876
-10.7,-81.9,816.4893
-10.8,-81.7,797.3611
-12.8,-81.7,782.7423
-3.6,-85.4,777.4098
-3.3,-85.3,774.5852
-4.9,-85.4,771.9491
-4.9,-85.5,769.6062000000001
-3.6,-85.1,768.4944
-4.8,-85.5,753.0694
-3.4,-84.8,749.8573
-9.1,-78.7,737.7168
-4.0,-85.9,733.8021
-19.3,-75.9,732.1688
-13.3,-76.9,728.7216
-3.1,-84.6,727.2512
-12.5,-77.0,725.0307
-5.1,-85.3,721.3369
-3.3,-85.4,715.2403
-13.2,-77.0,707.9878
-19.7,-76.0,705.5070000000001
-3.9,-85.9,703.8747
-19.8,-76.0,703.1853
-19.9,-76.0,701.4247
-5.0,-85.4,700.6607
-3.1,-84.7,684.4536
-5.1,-85.2,677.4188
-13.0,-77.0,670.5146
-19.8,-75.9,664.437
-3.1,-84.8,659.3504
-10.4,-82.0,657.628
-4.8,-85.4,655.2672
-19.5,-76.0,655.1537
-19.3,-76.0,653.8768
-19.2,-75.9,642.0764
-3.9,-86.0,641.2808
-19.6,-76.0,641.224
-13.2,-76.9,637.5544
-3.0,-84.7,636.2529
-3.1,-85.8,635.5825
-3.1,-85.9,632.3385
-2.6,-85.3,629.3794
-3.2,-84.7,625.1967
-3.0,-85.7,622.9791
-3.0,-85.6,613.0402
-3.7,-85.3,610.2453
-5.3,-85.3,607.8867
-4.0,-85.8,603.9757
-19.9,-75.7,602.2931
-19.6,-75.9,602.2547
-19.4,-75.9,600.7362
-19.7,-76.1,600.2696
-3.5,-84.7,600.1581
-4.7,-85.4,597.84
-3.5,-85.5,592.4696
-3.1,-85.7,587.5463
-11.3,-77.9,584.3023
-11.2,-77.8,583.7449
-12.6,-81.7,581.7849
-10.9,-81.8,581.3081
-10.4,-81.9,581.0979
-4.8,-85.6,577.8131999999999
-2.9,-85.5,576.1403
-19.4,-76.0,575.3488
-3.1,-84.9,572.2375
-3.4,-81.0,567.9618
-3.6,-85.5,567.914
-5.0,-85.5,567.3927
-19.7,-75.9,566.6370000000001
-3.5,-84.8,564.1517
-16.8,-79.5,563.3927
-3.2,-84.6,562.5903
-13.2,-76.8,557.9041
-3.0,-85.8,553.8974000000001
-2.5,-84.8,551.9753
-3.2,-85.1,550.0668
-3.2,-80.9,547.7175
-14.8,-82.1,545.6481
-2.9,-85.1,541.8005
-5.0,-85.6,539.463
-16.8,-79.4,538.6595
-2.3,-84.5,537.3947000000001
-6.1,-85.4,535.1181
-19.5,-75.9,534.9145
-3.4,-84.9,534.1741
-3.2,-81.0,533.3364
-10.2,-82.0,531.6625
-16.9,-79.5,529.6552
-16.9,-79.6,529.3115
-2.4,-84.8,528.8433
-5.1,-85.4,528.815
-19.1,-77.6,528.4394
-17.0,-79.5,527.2103
-3.4,-85.5,525.7613
-2.4,-84.5,525.7097
-13.3,-76.8,525.6887
-8.3,-79.4,524.7805
-20.0,-75.9,524.4224
-3.0,-84.8,522.1455
-16.0,-80.0,519.7509
-6.8,-80.9,517.8111
-16.8,-79.6,514.1978
-19.8,-76.1,513.5235
-11.2,-77.9,513.2977
-2.6,-85.4,512.866
-2.7,-85.1,511.8009
-3.5,-84.9,510.4394
-17.1,-79.4,510.3423
-12.0,-77.4,508.7883
-9.5,-78.8,508.622
-8.8,-79.0,505.993
-3.5,-85.0,505.3773
-17.0,-79.4,503.5979
-8.6,-79.2,502.8423
-2.6,-84.7,501.9795
-8.5,-79.4,501.2717
-12.0,-77.5,500.4998
-2.9,-85.4,500.3439
-13.1,-76.9,499.6055
-3.4,-84.7,499.5912
-2.9,-84.8,498.8995
-11.0,-77.9,498.1306
-2.8,-85.0,497.6972
-2.6,-85.0,496.4107
-13.5,-76.3,495.4884
-5.5,-84.7,494.5035
-10.5,-82.0,494.1787
-19.2,-76.0,493.9024
-2.5,-84.5,492.827
-6.1,-85.5,491.8307
-4.0,-86.0,491.7471
-9.3,-78.8,490.9039
-19.9,-75.4,490.8895
-4.1,-85.9,489.1084
-11.9,-77.5,485.1734
-2.8,-85.1,485.0057
-10.8,-81.9,484.4359
-19.9,-75.9,482.1875
-5.3,-85.1,480.9548
-2.8,-85.5,480.5954
-3.0,-85.9,479.8285
-16.9,-79.4,479.2314
-4.9,-85.3,478.3954
-19.8,-76.2,473.5596
-3.1,-86.0,473.02479999999997
-2.5,-84.7,473.0186
-11.4,-77.9,472.8099
-2.7,-84.7,471.811
-3.1,-85.1,471.5775
-2.9,-85.6,470.7734
-8.6,-79.5,469.1303
-2.6,-85.2,468.6521
-19.9,-75.8,467.0386
-8.5,-79.6,466.7399
-10.8,-78.1,465.7657
-3.1,-85.6,465.7076
-11.1,-77.9,463.4927
-2.9,-85.2,462.6074
-20.0,-76.0,462.0938
-2.9,-85.3,460.6857
-17.2,-79.1,458.6134
-3.2,-85.2,458.5727
-6.0,-85.5,458.5188
-2.9,-81.0,458.1211
-2.5,-85.0,456.1108
-4.7,-85.6,455.7148
-3.3,-84.8,450.962
-3.9,-85.8,450.92900000000003
-13.1,-77.0,449.9012
-2.8,-81.0,448.4084
-2.2,-84.5,447.7129
-3.1,-85.0,446.8818
-9.3,-78.9,446.7584
-20.0,-75.7,443.0885
-2.7,-85.2,442.12489999999997
-10.9,-81.7,440.9836
-20.0,-75.8,440.9687
-9.6,-78.7,440.76
-19.8,-75.8,438.5962
-3.7,-85.4,438.1033
-6.6,-80.9,437.3941
-16.7,-79.5,437.2473
-13.4,-76.9,436.8543
-19.7,-75.8,436.8266
-8.5,-79.7,436.0788
-10.7,-78.1,434.5778
-15.0,-82.1,434.1869
-11.2,-78.1,433.7168
-11.0,-81.8,432.4816
-2.8,-85.2,431.5292
-2.4,-84.7,431.4152
-13.6,-76.8,431.3528
-2.7,-85.4,431.2758
-17.0,-79.3,430.485
-20.0,-76.1,430.2506
-5.1,-85.5,429.8465
-10.7,-81.7,429.5173
-12.4,-81.8,428.2161
-13.3,-76.7,428.1699
-2.7,-84.6,425.4406
-3.2,-86.0,425.05899999999997
-2.8,-85.4,424.9143
-13.3,-77.0,424.3515
-3.0,-84.6,424.3448
-17.1,-79.5,424.1954
-17.1,-79.3,423.9615
-9.4,-79.0,423.1601
-14.9,-82.1,421.4421
-4.9,-85.6,420.0658
-12.3,-81.9,419.6592
-2.7,-85.3,416.6266
-8.6,-79.6,415.3706
-3.0,-85.0,414.23109999999997
-3.7,-85.5,413.8306
-8.7,-79.2,412.9405
-19.1,-76.0,411.9445
-13.2,-83.8,411.5135
-5.2,-85.4,411.2899
-19.9,-76.1,411.0606
-5.4,-86.0,410.2906
-2.9,-85.0,409.7034
-2.6,-85.1,409.2078
-3.7,-85.2,408.8523
-3.3,-85.9,408.6122
-5.4,-85.2,407.9253
-19.1,-75.9,406.6598
-3.2,-84.8,405.8117
-3.5,-84.6,405.8013
-8.8,-79.2,405.1703
-5.0,-85.2,405.0993
-6.2,-85.1,404.9191
-16.7,-79.6,404.8159
-19.5,-76.1,404.6281
-2.4,-84.9,404.3235
-8.6,-79.3,403.5554
-8.4,-79.4,402.7919
-2.1,-84.5,402.7717
-16.1,-80.0,402.312
-5.1,-85.1,402.1184
-2.5,-84.6,400.6165
-13.3,-84.0,399.8039
-19.1,-78.0,399.2026
-13.1,-77.1,399.094
-12.0,-77.3,398.91270000000003
-10.9,-81.9,398.5454
-5.1,-81.2,398.1022
-10.2,-78.4,397.9033
-5.1,-85.6,397.5049
-13.3,-83.9,397.3073
-3.2,-85.9,397.1888
-14.8,-82.0,396.366
-3.6,-84.7,396.05400000000003
-8.8,-79.5,394.653
-19.6,-76.1,394.6277
-12.7,-81.7,394.0341
-17.3,-79.0,393.7845
-3.0,-84.9,392.6936
-3.0,-85.1,391.8456
-17.0,-79.6,391.6074
-19.9,-75.5,390.3662
-5.2,-85.1,390.2854
-13.4,-76.7,390.2242
-17.3,-79.5,390.0642
-11.3,-77.8,389.1422
-3.4,-85.6,388.30219999999997
-8.5,-79.1,387.0511
-5.4,-85.1,386.479
-13.3,-83.8,384.7498
-8.7,-79.3,384.3652
-12.5,-81.8,384.3619
-10.0,-78.6,384.2221
-5.3,-85.4,384.1055
-11.3,-78.0,383.2382
-4.1,-85.8,382.979
-5.5,-84.8,381.1911
-12.5,-81.7,381.0878
-17.1,-79.6,380.9789
-19.9,-75.6,380.1877
-13.5,-76.7,376.6725
-13.6,-80.9,376.461
-13.4,-76.6,374.5788
-8.9,-79.1,374.0054
-10.6,-82.0,373.6692
-19.2,-77.9,373.1562
-17.2,-79.2,372.8773
-16.1,-79.9,372.84839999999997
-13.5,-80.9,372.8005
-5.5,-85.9,372.1438
-4.6,-85.5,372.0441
-8.7,-79.1,372.0045
-17.1,-79.1,371.49739999999997
-3.2,-85.8,370.01800000000003
-20.0,-75.4,369.6913
-3.8,-85.5,368.6965
-9.2,-78.9,368.212
-8.9,-79.5,368.0307
-8.9,-79.8,367.1021
-19.3,-75.8,366.7462
-6.0,-85.4,366.639
-3.0,-85.5,365.91360000000003
-17.2,-79.5,365.7087
-11.6,-77.7,365.6808
-8.6,-79.7,364.7839
-14.9,-82.0,364.1786
-12.9,-81.7,363.2471
-12.4,-77.0,361.7078
-17.2,-79.3,361.2232
-4.9,-86.0,360.742
-4.6,-85.6,360.0856
-8.9,-79.3,359.9977
-19.2,-78.0,359.681
-20.0,-75.6,358.7076
-8.8,-79.3,358.6776
-3.3,-84.7,358.486
-5.6,-85.9,357.54
-9.7,-79.4,357.4106
-8.8,-79.4,357.0866
-8.9,-79.2,356.0662
-3.3,-84.9,355.9941
-10.1,-78.4,355.7158
-2.9,-85.7,354.0809
-4.9,-85.2,353.2762
-11.0,-81.7,352.6905
-5.5,-86.0,352.5669
-16.2,-79.9,352.0901
-19.2,-75.8,350.6142
-16.7,-79.4,350.3405
-19.1,-78.1,349.4523
-13.4,-81.0,349.4422
-10.7,-78.2,349.3549
-2.9,-84.6,349.1966
-17.1,-79.2,348.6196
-9.2,-79.0,348.4518
-16.7,-79.7,348.1605
-8.5,-79.3,347.7751
-2.8,-84.6,347.4258
-3.0,-85.2,347.2613
-5.0,-85.1,347.2545
-3.2,-85.3,346.9855
-6.7,-85.6,346.3031
-8.5,-79.5,346.0311
-10.1,-82.1,346.0096
-2.9,-84.7,345.60790000000003
-2.3,-84.8,344.9839
-17.4,-79.5,344.7645
-19.2,-77.6,344.0507
-14.8,-81.9,341.9896
-2.5,-85.1,341.8814
-2.6,-84.6,341.48879999999997
-2.7,-85.5,341.0516
-3.3,-80.9,341.049
-3.8,-85.2,341.0134
-3.6,-85.6,340.739
-12.1,-77.4,339.3697
-2.8,-84.9,338.98810000000003
-8.7,-79.4,338.9404
-12.7,-76.9,338.7707
-6.2,-85.2,337.97769999999997
-3.0,-86.0,337.3636
-3.3,-86.0,337.1572
-11.2,-78.0,337.0869
-9.7,-79.6,337.0658
-5.4,-85.8,335.3323
-19.2,-77.5,334.8641
-19.9,-75.3,334.7513
-17.6,-78.9,334.2824
-7.4,-80.1,332.9808
-2.4,-84.6,332.5541
-8.8,-79.1,332.4102
-10.8,-78.0,332.0317
-3.3,-85.5,331.7234
-18.2,-79.0,331.6642
-13.6,-76.7,331.6294
-11.0,-81.9,331.5303
-17.2,-79.4,331.2422
-6.7,-80.9,330.827
-19.4,-75.8,329.7699
-19.8,-75.7,329.6872
-9.0,-78.9,328.8116
-5.0,-85.3,328.30649999999997
-11.0,-78.0,327.911
-8.5,-79.2,327.3723
-17.2,-79.6,327.2482
-3.4,-85.0,326.5619
-17.5,-78.9,326.3525
-11.7,-77.6,325.3525
-9.1,-79.0,325.1581
-14.8,-82.2,325.0304
-17.3,-79.3,323.0374
-3.2,-85.7,321.5775
-2.8,-85.3,321.2518
-16.8,-79.8,320.4918
-16.6,-79.6,320.2855
-11.1,-81.8,320.0899
-12.3,-81.8,319.6332
-3.6,-84.8,319.2969
-6.7,-85.8,319.2762
-16.8,-79.7,318.3344
-19.0,-78.0,318.0177
-3.9,-85.3,317.9501
-11.7,-78.0,317.7809
-2.3,-84.7,317.70459999999997
-5.7,-85.8,316.3754
-2.2,-84.6,315.8853
-7.5,-80.0,315.573
-11.8,-77.8,315.4789
-8.8,-79.7,315.4596
-17.4,-79.7,315.3913
-5.6,-84.7,314.9033
-5.3,-85.8,314.6657
-8.2,-79.6,314.256
-11.9,-77.4,314.12760000000003
-19.1,-77.5,313.52729999999997
-9.5,-78.6,313.1909
-4.6,-85.9,312.3492
-16.2,-79.8,311.849
-20.0,-76.2,311.2329
-4.5,-85.7,310.995
-13.2,-83.9,310.8715
-17.4,-79.2,310.8029
-19.5,-75.8,310.7798
-2.4,-85.0,310.3607
-17.4,-79.6,310.0563
-3.2,-84.9,309.6439
-3.2,-85.4,309.3494
-2.3,-84.6,309.1416
-3.6,-85.0,308.706
-3.8,-85.4,307.9804
-16.8,-79.9,307.6859
-17.4,-79.0,307.1629
-9.6,-79.6,306.5941
-8.7,-79.0,306.4087
-6.8,-85.7,306.2519
-16.0,-79.9,305.2865
-4.8,-86.0,305.177
-18.4,-70.7,304.8862
-2.7,-85.0,304.7883
-4.0,-85.7,304.5715
-5.8,-85.7,302.9504
-2.5,-84.9,302.5218
-11.1,-81.7,302.5061
-6.7,-85.7,302.3558
-2.9,-85.8,302.2429
-19.6,-75.8,302.031
-12.3,-77.2,301.5972
-6.2,-85.5,300.8447
-17.0,-79.7,300.8019
-13.5,-81.0,300.8001
-16.9,-79.7,300.0985
-11.8,-77.5,299.6916
-13.2,-83.7,299.5772
-15.9,-80.0,298.0766
-9.4,-78.7,297.9647
-4.9,-85.9,297.9071
-5.4,-85.9,297.8314
-2.7,-84.8,297.2765
-2.8,-84.8,297.23969999999997
-11.1,-81.9,297.18
-5.6,-85.8,296.7393
-17.3,-79.8,296.7284
-5.2,-85.5,296.1061
-10.9,-77.9,296.0979
-2.5,-85.3,296.0764
-19.3,-75.7,295.4152
-16.1,-80.1,295.4014
-4.5,-85.9,295.16589999999997
-19.7,-76.2,294.0065
-9.5,-78.7,293.8439
-3.3,-85.8,293.5098
-9.3,-79.0,293.2307
-18.4,-70.6,293.1607
-12.6,-81.8,292.3156
-13.5,-76.2,292.2131
-17.3,-79.9,291.91
-10.3,-82.1,291.5897
-6.8,-85.8,291.5416
-3.9,-85.2,291.5406
-8.0,-79.7,290.4279
-20.0,-75.5,289.9769
-2.6,-84.8,289.4776
-2.5,-85.2,288.9558
-15.0,-82.0,288.8963
-17.3,-79.2,288.779
-9.2,-78.8,287.7637
-14.8,-80.6,287.6474
-5.0,-85.0,286.1389
-8.9,-79.0,286.1265
-10.4,-78.4,285.7405
-12.9,-81.2,285.3224
-19.8,-75.6,285.109
-3.1,-81.0,284.576
-17.4,-79.3,284.3166
-17.4,-78.9,284.2001
-17.3,-79.4,283.9356
-5.3,-85.7,283.8148
-13.6,-81.0,283.5447
-4.8,-85.3,283.4854
-3.1,-85.5,283.38439999999997
-6.5,-85.6,283.129
-7.4,-80.2,283.1109
-2.9,-86.0,283.1049
-8.3,-79.3,282.7143
-16.6,-79.5,282.3793
-3.1,-85.3,280.4279
-3.6,-84.9,280.0729
-5.2,-85.6,279.9375
-4.9,-85.1,279.1465
-20.0,-74.9,279.0212
-17.3,-79.7,278.6719
-19.1,-77.9,278.5374
-10.7,-82.0,278.3313
-6.1,-84.8,278.0044
-4.6,-85.7,277.9705
-9.0,-79.2,277.9402
-4.2,-85.9,277.7041
-2.6,-85.5,277.6816
-19.1,-77.7,277.5339
-8.5,-79.8,277.4458
-13.2,-84.0,276.6893
-6.8,-85.6,276.4835
-12.9,-77.1,276.3798
-7.9,-79.7,275.61220000000003
-8.6,-79.1,275.4591
-11.5,-77.7,274.648
-9.8,-79.3,274.1391
-13.0,-76.9,273.9341
-8.2,-79.5,272.3913
-16.8,-72.8,272.367
-17.5,-79.5,272.2961
-19.4,-75.7,272.1849
-11.7,-77.5,271.7926
-6.9,-80.8,271.6347
-16.4,-83.9,270.5534
-17.2,-79.7,270.4492
-3.1,-85.2,269.6807
-19.0,-77.9,269.4388
-16.9,-80.1,269.3032
-9.5,-79.8,269.0915
-5.4,-85.7,268.9429
-3.1,-85.4,268.6644
-3.3,-85.6,268.4393
-9.0,-79.1,268.3264
-16.0,-80.1,268.259
-17.7,-78.9,267.3007
-18.3,-70.9,267.2722
-9.9,-79.2,266.9481
-9.7,-79.3,266.5545
-13.5,-76.9,266.4883
-9.0,-79.0,266.4278
-19.8,-75.5,266.0652
-8.3,-79.5,265.761
-3.5,-85.6,265.6404
-9.3,-79.5,265.3497
-12.4,-77.1,265.2058
-3.0,-85.3,264.9735
-15.9,-79.9,264.8989
-16.6,-79.7,264.6203
-19.3,-77.8,264.5438
-8.0,-79.8,264.5208
-15.8,-80.0,264.17470000000003
-12.8,-81.6,264.0411
-17.6,-79.0,263.762
-7.4,-80.3,263.3644
-13.5,-76.8,263.1988
-5.5,-84.9,262.6108
-4.0,-85.2,262.3594
-13.3,-81.0,262.2338
-19.1,-75.8,262.005
-17.0,-79.8,261.2335
-10.5,-81.8,261.229
-11.2,-81.7,261.0612
-5.7,-85.4,260.6827
-3.4,-85.9,260.4681
-9.1,-79.7,259.9864
-3.3,-85.7,259.9776
-5.4,-85.6,259.6585
-17.3,-79.6,259.2471
-14.7,-81.9,259.2167
-2.8,-85.6,259.1712
-4.1,-85.7,259.062
-9.3,-79.2,258.7858
-19.9,-76.2,258.7246
-7.5,-80.1,258.5481
-16.2,-80.3,258.414
-2.8,-84.7,258.0309
-17.4,-79.4,257.2029
-16.9,-79.8,256.7507
-2.4,-85.7,256.5163
-6.5,-85.5,256.1022
-5.7,-85.7,255.8225
-4.1,-86.0,255.0338
-16.9,-79.3,253.5975
-5.1,-85.0,253.4372
-19.2,-75.7,253.2327
-3.9,-85.4,252.9004
-4.6,-85.4,252.7298
-11.8,-77.9,252.504
-15.3,-75.3,252.423
-12.6,-77.0,252.3212
-9.6,-78.8,252.088
-3.7,-85.1,252.0068
-13.7,-76.7,251.5489
-17.6,-79.1,250.2859
-3.2,-85.5,249.6675
-17.5,-79.0,249.6045
-17.4,-79.8,249.5832
-16.9,-79.9,249.2495
-10.4,-78.3,247.1959
-17.2,-79.9,246.9551
-11.4,-78.0,246.9108
-3.8,-85.8,246.89770000000001
-13.4,-85.1,246.8413
-5.7,-85.3,246.8064
-7.4,-80.0,246.5368
-19.2,-77.8,246.4788
-9.7,-79.1,246.2266
-17.3,-79.1,246.1562
-3.8,-85.3,246.1488
-12.7,-77.6,245.99190000000002
-16.2,-80.0,245.8783
-11.3,-78.1,245.7235
-17.5,-80.4,245.309
-5.4,-85.3,245.2414
-6.1,-85.3,245.0805
-13.7,-80.8,244.9845
-5.1,-85.7,244.89679999999998
-20.0,-75.3,244.8406
-13.2,-76.7,244.441
-2.5,-85.7,244.3939
-17.5,-79.4,243.9189
-15.0,-85.4,243.46099999999998
-6.6,-84.6,243.4435
-8.9,-78.9,243.1906
-12.7,-81.8,243.1053
-14.2,-80.5,243.0721
-4.2,-86.0,242.3697
-5.5,-85.8,242.1533
-9.4,-78.8,242.0307
-17.6,-78.8,241.7513
-8.4,-79.1,241.629
-12.4,-81.9,241.4986
-16.2,-80.4,241.299
-18.6,-78.3,241.176
-11.1,-78.0,241.017
-4.5,-85.8,240.9288
-8.4,-79.3,240.9118
-16.9,-80.0,240.8682
-11.6,-78.0,240.7588
-19.4,-76.1,240.5421
-15.7,-80.0,240.3249
-14.4,-83.9,239.8336
-13.6,-81.1,239.406
-16.5,-79.6,239.365
-4.1,-85.3,239.3508
-19.9,-76.3,239.1046
-2.2,-84.7,238.9675
-8.3,-79.2,238.948
-5.2,-85.7,238.6423
-5.6,-85.7,238.4107
-8.9,-79.7,238.2644
-9.4,-79.5,237.4408
-8.6,-79.8,237.3579
-4.0,-85.6,237.1843
-3.4,-86.0,236.934
-5.5,-85.0,235.6538
-3.9,-85.7,235.6303
-16.1,-80.3,235.4518
-6.2,-84.8,235.24970000000002
-19.3,-77.9,234.709
-12.1,-77.3,234.4831
-11.1,-77.8,234.4812
-9.9,-78.8,234.4653
-4.6,-86.0,234.1721
-19.8,-76.3,233.9722
-17.1,-79.8,233.6113
-8.9,-79.4,233.3395
-13.5,-76.5,233.2423
-5.3,-85.6,233.2325
-16.1,-80.2,232.7159
-6.4,-85.6,232.4821
-3.8,-85.1,231.7414
-18.4,-78.5,231.6002
-9.2,-79.8,231.3458
-17.1,-79.7,231.3109
-12.8,-81.2,230.9051
-18.2,-78.9,230.7315
-9.7,-79.8,230.3252
-6.7,-84.7,230.2354
-3.2,-85.6,230.1284
-3.4,-85.8,229.8218
-19.0,-78.1,229.7733
-5.3,-85.5,229.2612
-3.6,-85.7,228.86440000000002
-13.9,-76.6,228.7716
-11.2,-82.7,228.4587
-7.7,-79.5,228.4071
-10.1,-82.2,227.9073
-19.1,-77.8,227.3649
-19.2,-77.4,227.3636
-12.8,-81.8,227.3057
-16.8,-80.1,227.1569
-19.5,-76.2,226.8159
-20.0,-74.6,226.2266
-10.6,-78.1,226.0294
-11.6,-77.8,225.3735
-11.8,-77.7,225.2452
-9.7,-78.6,225.05440000000002
-3.2,-85.0,225.0453
-5.6,-85.4,224.6762
-12.9,-81.8,224.40970000000002
-2.7,-84.9,223.9773
-3.9,-85.6,223.6568
-19.7,-76.4,223.5592
-13.3,-76.6,223.2028
-13.7,-80.9,223.174
-16.8,-80.0,222.5919
-17.5,-79.2,222.2778
-7.5,-79.9,222.1466
-17.4,-79.1,222.0276
-3.8,-85.9,221.7728
-10.3,-78.3,221.0785
-6.0,-85.6,220.9792
-9.7,-79.5,220.2695
-13.4,-76.8,220.085
-13.4,-84.0,220.0472
-8.7,-79.6,219.8872
-11.1,-81.6,219.8543
-9.1,-78.9,219.7208
-7.3,-80.0,219.1917
-20.0,-76.3,219.1019
-19.4,-75.6,218.414
-11.9,-77.9,217.7428
-17.5,-79.3,217.7046
-2.4,-85.6,217.699
-6.6,-81.1,217.6355
-14.7,-80.7,217.5074
-7.3,-80.3,217.4072
-12.9,-76.8,217.3887
-8.3,-79.6,217.2484
-16.0,-80.2,217.104
-5.3,-84.8,216.7545
-16.9,-80.2,216.6235
-6.6,-85.6,216.3449
-11.0,-81.6,216.2463
-19.5,-76.8,215.9485
-13.2,-77.1,215.6008
-17.2,-79.0,215.4994
-11.3,-81.6,215.4751
-13.9,-76.7,215.3505
-4.6,-85.8,215.3422
-9.7,-78.7,215.3395
-4.3,-85.7,215.0091
-5.0,-85.7,214.9464
-16.3,-80.4,214.9438
-4.4,-85.6,214.6621
-2.9,-84.9,214.3954
-3.5,-85.7,214.37699999999998
-18.7,-78.2,214.1495
-2.8,-85.7,214.1292
-6.9,-80.9,213.8414
-11.2,-81.8,213.5915
-20.0,-74.8,213.398
-14.9,-81.9,213.1467
-4.7,-86.0,213.0573
-5.3,-86.0,212.9575
-20.0,-76.5,212.714
-14.2,-80.7,212.6833
-13.0,-81.1,212.6564
-4.5,-86.0,212.2347
-18.0,-78.3,211.9644
-8.6,-79.4,211.9253
-14.5,-83.9,211.791
-18.3,-78.6,211.616
-16.3,-79.8,211.582
-14.8,-81.7,211.1644
-20.0,-75.0,211.0288
-19.2,-77.7,210.9871
-5.4,-84.9,210.8558
-5.1,-85.9,210.8353
-17.2,-81.4,210.745
-19.3,-75.6,210.7214
-14.7,-80.6,210.5742
-5.4,-85.5,210.5352
-9.6,-79.5,210.4202
-7.5,-80.2,210.3964
-16.5,-83.9,210.3121
-9.0,-79.7,209.98839999999998
-2.9,-85.9,209.7562
-12.6,-85.6,209.64679999999998
-14.1,-85.9,209.62369999999999
-8.4,-79.7,209.0046
-2.6,-84.5,208.91910000000001
-4.5,-85.6,208.8213
-2.4,-85.1,208.7365
-10.5,-78.4,208.5739
-15.0,-85.5,208.5727
-5.9,-85.6,208.3229
-17.7,-71.4,208.2909
-2.8,-86.0,207.7517
-15.1,-84.3,207.4775
-11.6,-78.1,207.3421
-6.2,-85.4,207.103
-5.6,-86.0,207.0667
-12.0,-85.7,207.0572
-13.2,-81.1,206.9621
-11.3,-81.7,206.952
-3.8,-85.7,206.6533
-20.0,-74.4,206.5301
-17.5,-79.1,206.4453
-5.3,-85.9,206.2561
-17.2,-79.8,206.2437
-3.3,-85.0,205.94219999999999
-20.0,-76.4,205.5365
-11.2,-81.6,205.4807
-5.6,-85.5,204.9783
-11.5,-78.0,204.9734
-2.3,-85.4,204.5984
-12.9,-76.9,204.5648
-18.9,-78.0,204.4687
-3.0,-85.4,204.2883
-9.4,-79.6,204.0349
-13.4,-81.1,203.498
-14.0,-76.7,203.1696
-17.2,-80.0,202.7952
-5.8,-85.0,202.5208
-12.9,-81.1,202.4111
-9.1,-79.4,202.339
-18.9,-77.9,202.0648
-14.0,-80.6,202.0632
-15.1,-84.2,201.7778
-10.6,-78.2,201.423
-5.2,-85.8,201.4166
-19.8,-76.4,201.2305
-3.8,-86.0,201.1864
-17.1,-80.1,201.1489
-18.1,-78.3,201.0323
-2.4,-85.2,200.9952
-12.3,-82.0,200.802
-5.4,-85.4,200.8001
-16.4,-79.7,200.68779999999998
-5.0,-85.9,200.6832
-2.3,-85.0,200.6139
-2.3,-85.1,200.3452
-5.0,-86.0,200.2721
-13.9,-84.7,199.9793
-5.1,-86.0,199.6242
-9.9,-79.3,199.5909
-9.0,-79.4,199.5854
-4.8,-85.9,199.4013
-10.4,-78.6,199.2465
-15.7,-80.1,199.1809
-2.5,-85.4,199.0637
-19.7,-76.5,198.9394
-5.7,-85.6,198.7478
-18.1,-79.1,198.6968
-19.5,-75.7,198.3984
-5.5,-85.1,198.3822
-8.2,-79.4,197.9668
-17.0,-79.2,197.8178
-11.4,-81.6,197.6369
-10.6,-82.1,197.6087
-13.3,-83.7,197.5038
-17.5,-78.8,197.4806
-16.5,-79.7,196.6924
-14.1,-80.6,196.4006
-7.3,-80.1,196.3418
-11.5,-77.8,196.1055
-4.2,-85.8,194.5902
-16.7,-80.1,194.5472
-12.5,-81.9,194.4817
-19.7,-75.7,194.4145
-10.0,-78.4,194.2798
-6.1,-85.2,194.0685
-7.1,-80.8,193.5663
-17.6,-78.7,193.3079
-5.4,-84.8,193.2327
-10.9,-78.0,193.1687
-9.8,-79.1,193.1387
-18.3,-70.7,192.2152
-15.3,-80.4,192.207
-12.4,-77.7,191.6008
-2.2,-85.1,191.5439
-6.0,-85.3,191.3493
-16.8,-79.3,191.3128
-10.4,-78.7,191.2026
-9.6,-79.9,190.4599
-16.3,-79.9,190.3294
-19.6,-76.2,190.3204
-9.1,-79.3,190.2695
-4.4,-85.7,189.8392
-2.2,-85.6,189.8362
-16.7,-79.8,189.2736
-17.3,-80.0,189.0717
-16.3,-79.7,189.04829999999998
-14.2,-80.4,189.0349
-19.6,-75.7,188.8465
-9.4,-78.9,188.7392
-17.4,-80.1,188.68110000000001
-17.3,-80.1,188.3333
-19.4,-76.2,188.2504
-12.6,-85.5,188.2106
-2.7,-84.5,188.2096
-11.6,-77.6,188.155
-5.8,-85.6,187.9971
-17.0,-72.2,187.6279
-10.5,-78.3,187.2218
-16.9,-72.8,186.736
-6.1,-85.1,186.7066
-5.9,-84.9,186.50560000000002
-18.1,-78.8,186.1337
-3.5,-85.9,186.0498
-17.6,-80.5,185.804
-2.2,-85.7,185.7982
-14.7,-81.1,185.7065
-19.4,-77.0,185.6535
-9.0,-79.5,185.6465
-8.8,-79.8,185.5371
-12.4,-82.0,185.11
-12.4,-81.7,184.9811
-3.5,-85.8,184.9764
-3.5,-86.0,184.9748
-16.8,-72.9,184.9573
-2.3,-85.7,184.5086
-2.7,-85.6,184.3694
-17.4,-80.2,184.3342
-9.6,-79.7,184.2324
-14.0,-80.7,184.0691
-11.2,-78.2,184.0612
-5.6,-84.8,183.8546
-18.4,-78.6,183.5548
-17.6,-79.4,183.4407
-19.5,-76.9,183.3115
-12.1,-77.8,183.1663
-6.7,-85.5,182.8701
-9.9,-78.6,182.785
-12.3,-82.1,182.7253
-16.8,-81.5,182.5122
-18.9,-78.6,182.50469999999999
-9.2,-79.2,182.1039
-18.2,-78.8,182.052
-2.3,-85.2,181.8881
-16.1,-80.4,181.8358
-14.1,-80.7,181.7123
-3.4,-80.5,181.6589
-3.9,-85.5,181.5395
-10.0,-78.8,181.2835
-3.3,-84.6,181.0925
-11.2,-81.9,181.0862
-3.4,-85.7,181.0138
-10.2,-78.5,180.9968
-9.2,-79.1,180.972
-6.6,-85.5,180.9259
-17.7,-78.8,180.8494
-8.0,-79.6,180.7511
-5.6,-84.9,180.5652
-18.3,-78.7,180.56
-12.9,-81.3,180.4895
-10.8,-82.0,180.4854
-18.3,-78.9,180.4775
-9.7,-79.7,180.477
-13.7,-81.5,180.3879
-16.8,-80.4,180.37109999999998
-12.4,-77.2,180.254
-5.8,-84.9,180.2336
-5.2,-85.9,180.2122
-13.0,-77.1,179.7966
-19.3,-76.1,179.698
-17.4,-80.4,179.6432
-19.9,-76.8,179.4274
-14.4,-81.0,179.3344
-3.9,-85.1,179.2991
-7.4,-79.9,178.8384
-14.4,-84.1,178.6513
-6.6,-81.0,178.5201
-14.2,-85.0,178.5088
-5.7,-84.8,178.4742
-20.0,-75.1,178.2117
-16.7,-79.9,177.9453
-10.5,-78.2,177.9181
-7.6,-79.9,177.5942
-18.0,-71.7,177.4511
-3.7,-85.6,177.2761
-6.2,-84.9,177.1441
-6.6,-80.8,177.0583
-6.1,-85.6,176.6712
-12.0,-77.6,176.5231
-12.8,-81.3,176.49609999999998
-14.7,-81.8,175.7745
-15.0,-79.9,175.6943
-5.6,-85.0,175.6855
-19.3,-77.7,175.606
-14.1,-80.5,174.8754
-10.9,-78.4,174.7388
-2.6,-85.6,174.7096
-19.0,-77.8,174.6536
-6.1,-84.9,174.3293
-10.1,-78.5,174.3165
-5.0,-84.9,174.149
-4.2,-85.3,174.1102
-8.8,-78.9,173.9706
-9.2,-79.5,173.8998
-5.7,-85.0,173.84890000000001
-13.3,-81.1,173.742
-6.3,-85.1,173.4419
-16.3,-80.3,173.1043
-16.8,-80.2,173.0712
-14.0,-76.6,172.8653
-11.3,-82.7,172.8567
-5.9,-85.5,172.3988
-13.5,-76.6,172.3702
-19.6,-76.8,172.3398
-15.9,-80.1,171.9188
-17.6,-71.6,171.7343
-14.2,-80.6,171.6576
-5.2,-84.8,171.5436
-14.9,-79.9,171.379
-8.2,-79.7,171.233
-13.0,-81.2,171.1287
-14.9,-85.4,171.0989
-3.0,-80.6,171.0748
-17.6,-71.5,171.0542
-9.9,-78.5,170.9051
-18.1,-79.0,170.8054
-19.5,-75.6,170.5669
-17.8,-73.7,170.5172
-6.7,-80.8,170.4397
-17.1,-72.3,170.3879
-14.3,-84.9,170.3516
-9.8,-79.4,170.311
-17.7,-79.0,170.1612
-20.0,-75.2,170.0579
-16.3,-80.0,169.9641
-4.2,-85.7,169.50039999999998
-18.7,-78.1,169.4672
-7.8,-79.7,169.0692
-13.5,-81.5,168.8751
-6.0,-84.8,168.8175
-5.2,-86.0,168.4943
-4.8,-85.7,168.3945
-8.4,-79.2,168.2568
-16.9,-81.5,168.1591
-13.7,-76.6,167.9566
-19.9,-75.2,167.7355
-14.2,-84.9,167.6762
-2.2,-84.8,167.6266
-19.7,-76.9,167.5785
-13.0,-76.8,167.5081
-15.2,-84.2,167.2416
-19.8,-75.4,166.7521
-5.5,-85.7,166.6362
-10.2,-82.2,166.5532
-16.2,-80.1,166.5394
-6.2,-85.6,166.4876
-9.5,-79.7,166.3688
-19.0,-78.2,166.3102
-15.3,-80.3,166.2304
-12.7,-77.0,165.82
-10.9,-78.1,165.6396
-5.5,-85.5,165.6102
-17.7,-78.7,165.6054
-13.1,-76.8,165.528
-14.9,-85.5,165.4764
-2.1,-85.7,165.4421
-18.2,-78.2,165.30960000000002
-18.6,-78.4,165.1662
-14.8,-81.8,164.8205
-6.2,-85.3,164.7106
-13.5,-81.4,164.57489999999999
-20.0,-74.5,164.5623
-11.8,-77.6,164.3641
-15.1,-84.1,164.26160000000002
-15.8,-79.9,164.2369
-4.4,-85.9,164.0645
-19.5,-77.3,163.93880000000001
-9.0,-79.6,163.8059
-16.2,-80.2,163.671
-19.0,-76.0,163.5404
-18.3,-70.8,163.4628
-16.0,-79.6,163.2851
-5.2,-85.0,163.1855
-19.1,-76.1,162.99
-17.2,-80.2,162.9128
-16.0,-79.8,162.8982
-17.4,-80.3,162.6343
-3.1,-80.9,162.5704
-14.2,-83.7,162.4419
-5.8,-84.8,162.30870000000002
-2.7,-80.8,162.0272
-2.9,-80.6,161.881
-4.0,-85.3,161.7971
-6.4,-85.5,161.639
-13.4,-77.0,161.6007
-17.9,-71.6,161.5487
-5.5,-85.6,161.4902
-17.4,-80.0,161.4624
-14.5,-84.5,161.4226
-19.2,-77.2,161.41660000000002
-17.6,-79.5,161.3632
-10.5,-82.1,161.06
-5.8,-85.3,160.9432
-7.7,-80.0,160.8631
-4.1,-85.6,160.7493
-19.3,-78.1,160.7083
-2.5,-85.8,160.5924
-10.1,-78.8,160.5495
-17.5,-78.7,160.4118
-8.9,-79.9,160.3102
-11.1,-82.7,160.252
-12.8,-76.9,159.9725
-12.2,-81.9,159.8459
-19.4,-75.5,159.833
-2.6,-84.9,159.6509
-2.9,-80.9,159.6054
-13.5,-76.4,159.5973
-15.0,-80.4,159.5612
-17.5,-80.1,159.5187
-2.2,-85.2,159.4077
-12.6,-82.8,159.3515
-2.7,-80.7,159.1589
-12.2,-77.4,159.1507
-14.9,-80.5,159.1099
-9.5,-78.9,159.1053
-17.5,-79.6,159.1003
-6.8,-85.9,158.8935
-3.0,-80.7,158.49699999999999
-19.2,-76.1,158.3168
-20.0,-74.7,158.2577
-19.1,-78.2,158.1997
-8.0,-79.9,157.9906
-11.9,-77.6,157.9098
-5.9,-85.0,157.47039999999998
-17.7,-80.0,157.452
-11.9,-77.7,157.2626
-11.7,-77.7,157.2483
-19.3,-78.0,157.1267
-13.9,-85.9,157.1125
-2.1,-85.6,157.0826
-17.1,-81.4,156.8454
-9.2,-79.3,156.8031
-9.7,-79.2,156.7033
-13.8,-81.3,156.64
-10.1,-78.9,156.4388
-19.7,-76.3,156.2852
-13.8,-81.4,156.1538
-10.4,-79.1,155.9571
-14.5,-83.8,155.9498
-14.2,-83.8,155.704
-3.8,-85.6,155.4964
-2.8,-80.5,155.4915
-19.8,-76.5,155.3712
-19.6,-76.3,155.2444
-9.1,-79.1,155.17
-8.2,-79.3,155.1574
-13.5,-81.1,155.0373
-8.7,-78.9,155.0
-14.8,-85.6,154.8007
-16.7,-80.7,154.512
-15.2,-80.2,154.4733
-15.9,-80.2,154.4257
-16.7,-80.3,154.3084
-18.3,-78.8,154.2098
-2.0,-84.5,154.1976
-18.2,-78.7,154.1463
-5.7,-85.2,154.0226
-8.4,-79.5,153.746
-16.7,-80.0,153.4321
-15.0,-81.9,153.2993
-6.7,-84.6,153.2333
-5.1,-85.8,153.1197
-11.0,-78.1,153.01149999999998
-16.8,-80.3,152.9311
-6.9,-85.6,152.8001
-14.9,-80.6,152.7935
-8.1,-79.6,152.3087
-9.5,-79.0,152.2364
-5.5,-85.2,152.2277
-18.6,-78.0,152.0899
-14.7,-80.0,152.03040000000001
-2.6,-85.7,152.0243
-11.3,-82.6,151.9965
-17.3,-71.9,151.86769999999999
-19.9,-76.7,151.6616
-12.7,-85.5,151.6532
-15.4,-80.3,151.5634
-13.0,-81.8,151.5625
-14.3,-85.1,151.561
-7.9,-79.8,151.254
-5.7,-84.7,151.0173
-18.2,-78.5,150.9889
-5.7,-85.1,150.87789999999998
-10.0,-79.3,150.7578
-8.2,-79.8,150.75639999999999
-17.4,-71.8,150.6859
-4.7,-85.9,150.6741
-13.9,-84.1,150.6202
-5.9,-84.8,150.52
-11.2,-82.8,150.5147
-14.3,-84.8,150.3982
-16.6,-80.1,150.3723
-14.3,-83.8,150.35580000000002
-18.2,-78.1,150.2056
-20.0,-76.6,150.1904
-19.5,-77.2,150.1869
-3.6,-84.6,150.1226
-2.3,-85.6,150.0639
-8.1,-79.8,150.0457
-12.6,-77.3,149.9781
-5.5,-85.4,149.9291
-11.3,-82.8,149.8579
-5.6,-85.3,149.8098
-9.3,-79.1,149.716
-18.7,-78.3,149.4551
-18.5,-78.3,149.3158
-15.3,-80.2,149.2681
-12.8,-85.4,149.1715
-10.2,-78.6,149.171
-15.1,-84.4,149.0014
-18.9,-78.2,148.9642
-4.4,-85.8,148.9509
-19.9,-76.4,148.8679
-16.9,-72.7,148.7596
-14.4,-84.0,148.7042
-19.2,-78.1,148.6637
-12.9,-81.9,148.6396
-13.6,-76.9,148.539
-14.6,-80.7,148.4969
-4.8,-85.2,148.4002
-16.0,-80.3,148.3914
-14.1,-83.8,148.2452
-12.7,-85.6,148.2357
-4.0,-85.4,148.2159
-18.2,-70.9,148.1921
-4.8,-85.1,148.1264
-14.5,-80.9,147.8418
-16.6,-79.8,147.558
-16.9,-81.4,147.5567
-9.4,-79.4,147.5551
-14.4,-83.8,147.5167
-19.6,-76.9,147.45669999999998
-12.8,-77.1,147.2421
-9.1,-79.6,147.1025
-2.4,-85.4,146.886
-17.4,-79.9,146.7453
-16.6,-73.3,146.4943
-6.1,-85.7,146.427
-8.7,-79.5,146.2184
-16.9,-81.3,146.0411
-16.3,-80.2,146.032
-18.4,-70.9,145.8856
-12.7,-85.4,145.78040000000001
-12.3,-77.8,145.6099
-11.4,-78.1,145.3739
-13.4,-80.9,145.3477
-12.5,-77.2,145.2753
-9.9,-79.1,145.1525
-6.6,-85.8,145.0827
-7.6,-80.1,144.9687
-4.4,-86.0,144.917
-2.1,-85.1,144.8381
-17.0,-79.9,144.7987
-17.3,-80.4,144.7331
-19.0,-78.6,144.7312
-15.2,-80.3,144.54070000000002
-17.7,-79.5,144.4409
-14.6,-80.8,144.4194
-11.8,-78.0,144.3483
-14.3,-85.2,144.2951
-12.7,-81.6,143.5576
-13.7,-84.4,143.33520000000001
-11.0,-78.2,143.276
-2.5,-85.5,143.107
-15.2,-84.4,143.01670000000001
-4.3,-85.3,142.9838
-14.3,-84.2,142.903
-10.5,-78.9,142.7828
-17.9,-79.4,142.7746
-18.4,-78.8,142.4845
-13.1,-81.6,142.4613
-12.8,-85.3,142.4412
-13.5,-81.2,142.41400000000002
-16.4,-80.2,142.40109999999999
-13.9,-80.8,142.3077
-14.8,-80.5,142.2419
-15.1,-80.1,142.20420000000001
-14.0,-80.8,142.1615
-12.5,-77.1,142.1104
-6.9,-85.7,142.0988
-17.6,-80.4,141.904
-14.3,-85.0,141.8336
-19.7,-77.7,141.8298
-11.4,-77.8,141.7753
-14.1,-83.7,141.7313
-17.6,-80.3,141.6968
-16.3,-80.5,141.5968
-12.9,-82.0,141.537
-6.2,-85.7,141.5367
-15.6,-80.0,141.5348
-19.8,-76.8,141.4933
-2.8,-85.9,141.1702
-7.6,-80.0,140.8685
-17.5,-79.7,140.7938
-15.1,-80.0,140.7831
-12.5,-85.8,140.7623
-14.7,-81.7,140.7056
-11.7,-77.8,140.54579999999999
-14.8,-80.7,140.5374
-15.7,-79.9,140.5079
-20.0,-76.7,140.5073
-7.3,-80.2,140.4995
-9.0,-79.3,140.43800000000002
-18.1,-78.2,140.3813
-17.3,-80.6,140.351
-11.3,-82.4,140.3219
-14.5,-84.4,140.309
-16.7,-73.3,140.293
-16.8,-80.5,140.2599
-13.0,-76.7,140.0049
-14.7,-81.0,139.9134
-2.9,-80.8,139.8404
-18.6,-78.2,139.57999999999998
-12.7,-81.3,139.489
-14.9,-81.8,139.467
-17.3,-80.2,139.4411
-17.2,-80.1,139.4142
-14.2,-80.8,139.3413
-13.3,-81.2,139.2961
-11.9,-77.8,138.9986
-14.1,-80.8,138.9692
-10.9,-78.2,138.9506
-13.3,-84.1,138.8265
-2.3,-84.9,138.82489999999999
-9.6,-79.4,138.7704
-13.7,-81.4,138.762
-12.6,-77.1,138.7157
-11.3,-81.8,138.6813
-6.8,-80.8,138.3357
-4.2,-85.6,138.2074
-19.0,-76.1,138.204
-2.4,-85.3,138.1774
-17.1,-81.3,138.1312
-15.4,-80.2,138.082
-14.9,-82.2,138.0123
-10.2,-78.8,137.8596
-8.3,-80.0,137.7617
-14.9,-81.7,137.7482
-6.9,-85.8,137.5812
-13.0,-77.3,137.551
-13.6,-84.5,137.5471
-17.6,-71.9,137.4716
-6.0,-84.9,137.4337
-9.2,-79.4,137.4258
-14.3,-83.9,137.4222
-15.0,-85.2,137.1598
-17.7,-71.8,136.9538
-13.7,-84.3,136.7169
-14.1,-84.1,136.6358
-5.1,-84.8,136.5269
-15.1,-85.2,136.3575
-13.4,-85.7,136.3048
-13.8,-84.7,136.2446
-12.9,-77.0,136.1529
-3.4,-84.6,136.1056
-12.8,-76.8,136.0693
-6.2,-85.0,136.046
-9.3,-79.6,135.9218
-9.6,-78.6,135.2733
-15.0,-84.4,135.1992
-2.4,-85.8,135.196
-6.0,-85.8,135.1405
-5.6,-85.6,134.9782
-15.2,-80.4,134.4
-11.4,-82.7,134.3465
-18.2,-78.3,134.2947
-14.9,-80.4,134.2827
-8.1,-79.4,134.2712
-14.1,-84.0,134.2662
-4.7,-85.7,134.259
-13.8,-84.1,134.1282
-18.3,-78.3,134.1063
-13.6,-76.5,134.0346
-14.0,-84.8,133.8344
-19.3,-78.2,133.72209999999998
-17.9,-73.7,133.7168
-8.4,-80.0,133.6983
-13.0,-84.9,133.582
-16.1,-79.8,133.5208
-10.2,-78.7,133.3631
-5.1,-84.9,133.358
-8.7,-79.7,132.89339999999999
-14.9,-80.0,132.8377
-5.6,-85.1,132.6266
-6.2,-84.7,132.35229999999999
-12.5,-84.1,132.3217
-3.7,-85.7,132.1721
-9.3,-79.3,132.1214
-18.6,-78.1,132.1073
-16.9,-80.3,132.092
-17.0,-81.3,132.0379
-19.0,-78.3,131.8327
-17.1,-80.2,131.7633
-17.3,-80.7,131.6721
-7.2,-84.8,131.6712
-12.1,-77.5,131.6704
-15.3,-80.1,131.5705
-6.6,-85.7,131.4544
-19.8,-75.3,131.3557
-18.4,-70.8,131.2805
-10.0,-79.4,131.2677
-6.5,-81.2,131.2059
-18.9,-78.1,131.1396
-14.2,-84.0,131.0394
-19.3,-77.3,130.9337
-11.4,-78.2,130.8252
-5.7,-84.9,130.7613
-17.9,-71.7,130.6047
-13.6,-81.2,130.58
-13.2,-76.6,130.4771
-13.8,-80.9,130.3468
-5.8,-84.7,130.1113
-17.6,-79.3,129.915
-15.7,-79.8,129.6919
-18.7,-78.0,129.5942
-15.0,-84.3,129.3076
-17.3,-80.8,129.288
-9.8,-79.2,129.2528
-2.8,-85.8,129.2235
-19.1,-77.4,129.0061
-16.4,-80.4,128.8965
-4.3,-85.4,128.8955
-18.5,-78.1,128.8573
-15.2,-84.3,128.8376
-13.8,-84.2,128.5648
-14.5,-84.0,128.4809
-17.8,-78.6,128.3939
-11.5,-81.6,128.3882
-13.4,-85.0,128.3468
-14.7,-80.8,128.3313
-9.9,-78.4,128.2442
-9.2,-79.7,128.0434
-13.9,-84.6,127.9429
-14.5,-81.1,127.9175
-19.2,-78.2,127.7409
-18.2,-79.1,127.6043
-12.6,-81.9,127.5698
-17.0,-80.0,127.3881
-17.7,-79.6,127.3843
-17.5,-72.0,127.2653
-5.8,-85.4,127.251
-13.8,-84.3,127.23819999999999
-15.9,-79.8,127.1849
-10.8,-78.4,127.0943
-9.9,-79.0,127.0633
-11.2,-82.6,126.85719999999999
-4.1,-85.4,126.7992
-14.8,-80.0,126.79260000000001
-10.9,-82.0,126.77199999999999
-18.2,-78.6,126.6974
-6.1,-85.8,126.69500000000001
-19.4,-77.8,126.662
-2.7,-85.7,126.5647
-5.7,-85.5,126.5391
-14.7,-80.9,126.5062
-14.1,-86.0,126.4189
-7.9,-80.0,126.3127
-13.6,-81.6,126.3016
-11.4,-81.7,126.296
-18.3,-72.6,126.2535
-15.0,-85.1,126.082
-17.1,-80.7,126.0744
-17.8,-80.7,125.9478
-10.5,-78.5,125.9302
-12.8,-81.4,125.8676
-15.2,-85.8,125.8583
-13.7,-84.7,125.8581
-15.3,-84.3,125.7637
-17.7,-71.7,125.63
-18.0,-71.5,125.4673
-18.2,-79.2,125.2622
-17.6,-71.7,125.2341
-4.3,-85.6,125.2141
-15.1,-80.5,124.9421
-4.1,-85.5,124.9065
-12.2,-81.8,124.8409
-16.4,-79.6,124.7957
-2.8,-80.8,124.7702
-18.3,-78.2,124.6638
-11.5,-81.5,124.5908
-13.1,-81.8,124.3554
-17.0,-80.1,124.3449
-5.4,-84.7,124.3079
-13.7,-81.3,124.2865
-18.1,-79.2,124.2669
-14.1,-83.6,124.2402
-16.7,-80.2,124.1039
-13.3,-81.6,123.9868
-16.7,-80.4,123.8476
-7.3,-84.8,123.6681
-18.3,-79.0,123.59909999999999
-17.8,-73.6,123.3452
-19.3,-77.5,123.3432
-2.8,-80.9,123.2602
-15.0,-85.3,123.1343
-18.8,-78.1,123.05279999999999
-13.5,-84.3,122.9938
-11.7,-78.1,122.9562
-18.5,-78.4,122.9392
-18.0,-79.4,122.8469
-17.4,-72.2,122.7812
-15.1,-80.3,122.70349999999999
-9.4,-79.3,122.512
-19.3,-75.5,122.4753
-18.4,-78.7,122.405
-13.8,-76.7,122.2972
-12.9,-81.6,122.2847
-17.3,-80.3,122.1308
-10.0,-79.2,122.0216
-13.2,-84.1,121.8701
-9.1,-79.2,121.7966
-14.6,-81.0,121.78
-15.9,-79.5,121.64999999999999
-14.9,-85.3,121.6204
-18.7,-78.4,121.53370000000001
-16.9,-81.6,121.5253
-13.1,-84.2,121.2548
-8.3,-79.7,121.2465
-15.6,-80.2,121.1302
-16.6,-80.6,121.1088
-14.0,-84.0,121.0837
-4.4,-85.5,120.9964
-3.0,-80.9,120.8994
-16.9,-74.2,120.81490000000001
-13.8,-85.9,120.8078
-19.6,-76.5,120.7978
-2.1,-85.2,120.7255
-2.7,-80.9,120.6221
-10.4,-78.8,120.5533
-13.3,-83.6,120.50269999999999
-12.8,-77.0,120.4526
-18.2,-71.0,120.4237
-15.5,-80.2,120.4106
-11.1,-78.1,120.3761
-12.6,-77.4,120.2837
-5.4,-85.0,120.278
-16.5,-79.8,120.0829
-10.4,-82.1,120.0676
-14.1,-84.8,120.0463
-17.7,-80.1,119.9797
-14.3,-84.7,119.97540000000001
-12.2,-84.0,119.8902
-18.3,-71.0,119.87169999999999
-14.7,-80.1,119.8175
-18.1,-71.6,119.8044
-14.0,-84.9,119.76910000000001
-13.7,-81.2,119.7321
-19.6,-76.4,119.6822
-14.6,-85.2,119.611
-15.8,-79.5,119.6082
-2.2,-85.3,119.6079
-15.1,-79.9,119.4183
-18.3,-70.6,119.3846
-8.9,-80.0,119.291
-5.7,-85.9,119.28960000000001
-10.6,-78.8,119.1648
-17.6,-80.2,119.1634
-14.6,-80.9,119.0012
-17.5,-72.1,118.947
-19.4,-77.3,118.6776
-14.2,-83.9,118.6718
-18.3,-78.5,118.6152
-14.8,-79.9,118.4729
-4.3,-85.8,118.4401
-7.2,-80.6,118.4196
-12.1,-77.9,118.4033
-16.2,-80.5,118.3756
-17.9,-78.4,118.2775
-6.3,-85.5,118.2389
-12.7,-85.2,117.9789
-16.6,-79.9,117.8993
-13.7,-84.6,117.8692
-8.7,-79.8,117.8664
-2.6,-85.8,117.8484
-15.2,-82.9,117.70309999999999
-2.5,-85.6,117.7013
-11.0,-82.0,117.6799
-6.8,-85.5,117.6631
-13.8,-80.8,117.6395
-14.0,-83.9,117.6122
-5.2,-84.9,117.5738
-17.2,-80.3,117.4702
-20.0,-76.8,117.4328
-3.7,-85.0,117.4156
-7.9,-79.6,117.4102
-3.6,-85.8,117.3387
-16.7,-81.5,117.209
-11.1,-82.8,117.2076
-5.8,-85.8,117.18400000000001
-19.8,-76.9,117.051
-9.4,-79.2,117.02499999999999
-6.1,-84.7,117.0126
-12.4,-85.9,116.9886
-7.7,-79.9,116.9397
-19.6,-77.4,116.7904
-9.5,-79.6,116.7622
-12.7,-81.9,116.7559
-17.0,-81.2,116.72970000000001
-19.5,-77.8,116.6406
-14.7,-81.6,116.4448
-9.4,-79.8,116.42830000000001
-2.2,-85.0,116.4217
-19.2,-77.3,116.4061
-17.6,-79.2,116.3659
-18.3,-78.1,116.3375
-15.0,-80.6,116.2761
-17.7,-80.6,116.2011
-17.1,-80.8,116.1581
-8.4,-79.6,116.1024
-19.8,-76.6,115.91590000000001
-15.0,-80.0,115.88600000000001
-15.1,-82.9,115.8818
-13.6,-84.3,115.7687
-14.4,-80.9,115.7166
-13.8,-76.6,115.6973
-15.6,-80.3,115.685
-13.7,-84.2,115.66329999999999
-17.1,-80.3,115.6286
-3.2,-80.7,115.5606
-14.1,-84.9,115.5013
-17.4,-72.1,115.4578
-19.5,-76.3,115.302
-18.8,-78.3,115.214
-17.6,-80.6,115.1472
-13.8,-84.8,115.0683
-14.6,-84.8,115.0459
-17.3,-72.2,114.8856
-18.0,-71.8,114.8524
-3.6,-86.0,114.8344
-14.4,-81.1,114.7882
-10.3,-78.6,114.7758
-19.9,-76.9,114.6829
-6.5,-85.7,114.61410000000001
-4.9,-85.0,114.5833
-17.3,-72.3,114.5027
-19.5,-76.6,114.3817
-16.4,-80.3,114.1442
-9.6,-78.9,114.078
-8.9,-79.6,114.0207
-10.1,-78.7,114.0067
-17.5,-80.2,113.9075
-17.8,-78.5,113.8209
-15.2,-79.8,113.8132
-12.5,-86.0,113.7776
-19.4,-77.9,113.6832
-16.4,-80.8,113.6078
-19.7,-75.6,113.59609999999999
-9.6,-79.8,113.4866
-4.5,-85.5,113.4405
-9.5,-79.5,113.2541
-13.6,-81.5,113.2013
-10.0,-78.5,113.1757
-11.4,-81.5,113.0523
-15.8,-79.7,113.0432
-14.4,-83.1,112.9687
-14.3,-80.4,112.92360000000001
-11.1,-82.6,112.9133
-17.8,-80.0,112.8766
-18.9,-78.3,112.8725
-9.1,-79.8,112.7869
-17.9,-79.2,112.7804
-17.7,-79.2,112.5069
-13.5,-77.0,112.3864
-15.1,-85.3,112.2864
-13.0,-81.7,112.2777
-17.0,-80.2,112.25359999999999
-5.9,-85.4,112.1063
-16.5,-84.0,111.94369999999999
-13.9,-84.8,111.9435
-17.1,-79.9,111.9346
-19.5,-76.5,111.93039999999999
-15.0,-80.1,111.7409
-12.7,-77.1,111.6973
-11.7,-77.9,111.6482
-16.4,-79.8,111.6095
-3.7,-85.9,111.6007
-17.9,-80.8,111.52
-18.7,-77.5,111.4503
-17.2,-72.1,111.4433
-18.4,-78.4,111.2547
-14.1,-83.5,111.2363
-14.2,-84.7,110.95689999999999
-18.2,-71.6,110.86359999999999
-2.4,-85.5,110.8215
-19.1,-78.3,110.8072
-18.0,-71.6,110.7564
-16.2,-79.7,110.54990000000001
-11.5,-82.5,110.499
-14.5,-83.2,110.4901
-5.8,-85.2,110.3771
-10.2,-78.9,110.3384
-16.5,-79.5,110.175
-7.6,-79.8,110.15010000000001
-6.7,-85.9,110.05330000000001
-7.8,-79.8,109.9378
-8.8,-79.6,109.6856
-12.1,-84.2,109.6421
-12.5,-85.9,109.63459999999999
-13.6,-80.8,109.6069
-17.6,-72.0,109.5981
-17.1,-80.0,109.57249999999999
-5.3,-84.7,109.5532
-14.1,-85.0,109.5406
-18.0,-79.2,109.5145
-17.4,-80.8,109.5143
-20.0,-76.9,109.4918
-18.6,-70.5,109.3141
-17.7,-79.1,109.3118
-14.1,-85.1,109.2477
-15.7,-80.2,109.2333
-18.0,-78.5,109.2067
-13.2,-83.6,109.1675
-18.4,-78.1,109.0574
-11.9,-77.3,108.9941
-10.4,-78.2,108.937
-6.0,-84.7,108.9296
-18.2,-78.4,108.9178
-10.7,-78.4,108.79039999999999
-18.8,-78.4,108.6175
-13.8,-84.4,108.5763
-13.0,-83.7,108.453
-19.9,-76.5,108.3764
-19.4,-77.1,108.37
-16.6,-80.0,108.198
-18.9,-77.8,108.1243
-14.2,-85.8,108.0615
-17.9,-78.8,107.9554
-9.4,-79.1,107.9019
-9.6,-83.7,107.8758
-3.0,-80.5,107.8734
-17.7,-79.4,107.8664
-14.2,-84.8,107.8429
-17.4,-80.7,107.7713
-7.6,-80.2,107.7526
-12.3,-86.0,107.6486
-4.2,-85.4,107.62650000000001
-7.6,-85.3,107.5842
-16.8,-72.7,107.4979
-16.0,-79.5,107.4355
-13.9,-83.7,107.3648
-17.0,-81.4,107.2349
-6.3,-85.6,107.1823
-15.0,-84.2,107.1637
-6.3,-84.7,106.9489
-5.0,-85.8,106.7895
-13.9,-81.3,106.7701
-13.6,-76.6,106.7304
-18.1,-78.7,106.7018
-2.3,-81.2,106.6756
-13.6,-84.8,106.6677
-17.6,-79.7,106.6584
-6.0,-85.9,106.605
-3.7,-84.7,106.5884
-7.7,-80.1,106.5042
-14.0,-81.4,106.4738
-2.3,-85.5,106.326
-19.8,-76.7,106.2872
-15.4,-80.4,106.2829
-5.3,-85.0,106.2364
-15.1,-79.8,106.2204
-19.8,-77.0,106.0421
-5.9,-84.7,105.9811
-8.7,-79.9,105.9356
-13.1,-76.7,105.9148
-11.3,-81.9,105.8956
-17.3,-72.0,105.8244
-17.7,-78.6,105.7281
-12.3,-85.9,105.7263
-17.9,-78.3,105.7176
-14.2,-83.6,105.7067
-17.8,-81.0,105.509
-17.4,-71.9,105.4449
-15.9,-79.7,105.4078
-19.3,-77.4,105.4058
-17.8,-79.0,105.3834
-19.3,-77.6,105.3612
-19.2,-75.6,105.343
-13.6,-77.0,105.2613
-12.1,-84.3,104.9642
-19.6,-76.6,104.93599999999999
-14.2,-85.9,104.8989
-16.7,-73.0,104.7435
-13.4,-85.2,104.636
-14.1,-84.7,104.5526
-15.0,-82.2,104.5196
-17.6,-79.8,104.5161
-8.0,-79.5,104.457
-10.0,-79.0,104.4384
-2.8,-80.6,104.3639
-18.1,-78.4,104.3379
-15.3,-80.5,104.3326
-17.6,-71.8,104.3288
-10.6,-78.6,104.2612
-9.2,-79.6,104.2477
-6.0,-85.7,103.9838
-14.2,-85.4,103.81360000000001
-4.3,-86.0,103.7101
-4.5,-85.4,103.5997
-17.6,-80.1,103.5217
-17.8,-78.8,103.4956
-18.3,-71.9,103.3286
-5.6,-84.6,103.2918
-2.1,-84.4,103.2698
-13.3,-85.1,103.2225
-12.5,-82.9,103.1882
-14.3,-80.8,103.1257
-17.3,-81.4,103.0575
-14.6,-81.1,103.0525
-14.3,-81.0,102.8668
-12.5,-82.0,102.8552
-4.7,-85.8,102.8149
-16.9,-74.1,102.67710000000001
-5.5,-85.3,102.6749
-12.8,-85.2,102.6318
-18.8,-78.2,102.5105
-6.9,-85.9,102.387
-11.8,-81.4,102.2524
-17.2,-81.5,102.2427
-15.4,-79.8,102.16369999999999
-15.3,-84.4,102.1611
-13.8,-76.5,101.9855
-12.3,-77.7,101.9551
-12.8,-81.9,101.8653
-12.6,-76.9,101.818
-16.4,-80.0,101.7107
-14.4,-83.0,101.6461
-3.7,-84.8,101.6012
-15.1,-80.4,101.5595
-13.2,-77.2,101.47
-18.3,-78.4,101.4578
-9.3,-78.7,101.3744
-15.2,-80.1,101.306
-14.4,-84.9,101.0562
-13.3,-85.2,100.9893
-14.2,-83.5,100.9228
-16.4,-80.6,100.8832
-10.8,-78.2,100.8349
-18.4,-78.0,100.7874
-3.0,-81.0,100.7463
-10.5,-78.8,100.5453
-17.3,-80.9,100.4848
-10.1,-79.0,100.466
-15.8,-80.1,100.4009
-12.5,-77.3,100.3337
-12.6,-82.6,100.1615
-11.4,-82.6,100.0527
-4.3,-85.9,99.939
-18.6,-77.8,99.9091
-19.0,-77.7,99.9076
-3.7,-86.0,99.85
-17.2,-80.7,99.7682
-10.9,-81.6,99.7209
-17.2,-80.6,99.4828
-5.9,-85.7,99.4815
-18.5,-78.2,99.444
-15.6,-79.7,99.4118
-12.3,-77.3,99.395
-18.5,-78.5,99.2894
-17.1,-81.6,99.1474
-17.5,-71.9,98.9679
-3.1,-80.8,98.9493
-17.8,-78.9,98.9088
-13.1,-77.2,98.9021
-17.8,-79.1,98.8726
-16.3,-79.5,98.8573
-4.9,-85.8,98.8028
-12.9,-85.0,98.8014
-16.8,-80.7,98.7995
-4.9,-85.7,98.7474
-9.4,-79.7,98.7235
-10.3,-78.4,98.6666
-9.6,-79.1,98.6422
-15.9,-80.4,98.55239999999999
-2.8,-80.7,98.51650000000001
-13.5,-81.3,98.485
-9.6,-79.2,98.3538
-17.2,-80.4,98.3501
-6.3,-85.3,98.2168
-12.6,-82.9,98.1527
-14.1,-85.2,98.1366
-16.9,-74.3,98.1159
-13.4,-81.2,98.0647
-16.5,-80.7,98.01520000000001
-15.5,-80.3,97.8826
-17.4,-80.6,97.8524
-17.7,-71.5,97.8364
-19.7,-76.8,97.8342
-9.8,-78.6,97.8156
-18.7,-77.9,97.7323
-17.5,-80.0,97.7122
-16.4,-80.5,97.6451
-18.5,-77.9,97.5988
-12.3,-82.3,97.5631
-8.2,-79.9,97.4974
-16.8,-80.8,97.4174
-2.2,-85.5,97.3665
-17.9,-78.6,97.3661
-11.8,-81.5,97.34819999999999
-17.4,-81.0,97.2893
-13.5,-84.5,97.242
-4.0,-85.5,97.1792
-13.9,-81.4,97.1649
-10.6,-78.5,97.1566
-17.5,-80.3,97.0865
-19.4,-77.2,97.0525
-5.9,-85.3,97.042
-13.0,-77.2,96.9419
-17.8,-78.7,96.9272
-12.8,-84.3,96.8395
-13.4,-83.9,96.7875
-17.1,-81.5,96.763
-13.0,-81.9,96.7517
-15.5,-80.1,96.5398
-17.3,-81.0,96.5335
-12.6,-82.0,96.4983
-14.6,-85.4,96.3438
-19.8,-77.7,96.3154
-10.5,-78.7,96.308
-19.5,-77.0,96.2391
-14.4,-85.9,96.13470000000001
-5.9,-85.1,96.04690000000001
-12.2,-77.8,95.9838
-14.9,-85.6,95.8744
-17.9,-80.0,95.8193
-17.5,-80.5,95.8098
-17.9,-78.5,95.6782
-12.5,-82.7,95.6173
-5.3,-84.9,95.5182
-14.3,-85.6,95.3402
-17.2,-80.5,95.2298
-15.3,-84.2,95.2055
-16.3,-80.6,95.1564
-2.6,-81.1,95.1494
-13.1,-84.3,95.1348
-4.7,-85.3,95.1346
-11.6,-77.9,95.08539999999999
-17.3,-80.5,95.0296
-14.0,-84.7,95.0062
-13.1,-85.4,94.8879
-17.6,-79.6,94.84609999999999
-2.9,-80.7,94.8415
-13.6,-81.4,94.8261
-16.1,-79.5,94.808
-9.7,-78.8,94.7247
-19.5,-75.5,94.632
-11.9,-81.5,94.5429
-11.3,-78.2,94.5181
-2.0,-85.6,94.48230000000001
-4.9,-84.9,94.3949
-18.7,-77.8,94.3557
-14.1,-81.4,94.3521
-12.6,-85.7,94.1394
-17.5,-79.8,94.1206
-12.7,-85.7,94.0109
-4.4,-85.3,93.9476
-17.0,-80.5,93.9328
-6.3,-84.8,93.8655
-7.2,-85.8,93.7728
-15.1,-82.0,93.6823
-17.5,-71.6,93.64020000000001
-18.4,-71.9,93.6398
-19.4,-76.9,93.6269
-17.0,-80.6,93.6078
-9.6,-79.3,93.5746
-6.0,-85.1,93.5507
-12.7,-81.4,93.5467
-11.4,-82.5,93.5387
-19.4,-77.4,93.468
-12.1,-82.0,93.4497
-19.9,-76.6,93.437
-13.9,-81.0,93.3451
-15.8,-79.8,93.213
-10.6,-78.9,92.9854
-15.2,-80.0,92.84179999999999
-17.4,-78.8,92.8287
-16.3,-80.1,92.81400000000001
-14.4,-84.8,92.76950000000001
-4.4,-85.4,92.7535
-15.8,-80.2,92.6882
-12.5,-76.9,92.6592
-10.7,-78.0,92.5846
-14.4,-85.7,92.5699
-13.2,-81.7,92.486
-12.6,-81.2,92.4696
-14.0,-85.9,92.4136
-7.5,-79.8,92.3186
-16.7,-80.6,92.2695
-19.4,-76.7,92.2364
-14.9,-80.7,92.1974
-19.6,-77.7,92.09400000000001
-19.6,-75.6,92.0796
-13.7,-76.9,92.0645
-17.6,-74.3,91.8778
-19.5,-77.6,91.8755
-17.0,-81.6,91.8643
-14.4,-85.8,91.8558
-15.3,-79.9,91.8518
-13.6,-84.2,91.8505
-12.0,-77.9,91.8098
-14.1,-81.2,91.7876
-11.0,-82.6,91.7815
-17.1,-81.2,91.78059999999999
-14.4,-84.7,91.7418
-4.8,-85.8,91.697
-15.6,-80.1,91.6469
-10.2,-78.3,91.6408
-16.4,-79.9,91.6121
-4.2,-85.5,91.5077
-19.6,-77.3,91.5056
-16.7,-80.9,91.4979
-7.0,-80.9,91.2918
-17.8,-80.6,91.2599
-18.4,-71.0,91.2591
-15.2,-80.5,91.2255
-12.7,-85.3,91.1776
-14.3,-85.9,91.1557
-14.8,-80.1,91.0669
-18.1,-79.9,91.0634
-16.4,-80.7,91.0529
-15.2,-85.1,91.0418
-13.9,-84.9,91.0235
-13.2,-81.2,91.0005
-14.5,-84.6,90.9016
-11.7,-83.5,90.8933
-11.3,-82.9,90.7317
-15.4,-85.1,90.7082
-14.2,-81.2,90.7009
-19.4,-76.6,90.6945
-7.9,-80.1,90.6727
-12.6,-81.3,90.6377
-18.0,-78.2,90.4926
-18.6,-78.5,90.4749
-11.7,-81.4,90.4693
-18.7,-77.7,90.3939
-6.5,-85.8,90.30930000000001
-19.3,-77.0,90.2855
-8.8,-79.9,90.2236
-14.0,-84.1,90.2038
-14.0,-84.6,90.1957
-17.3,-78.9,90.1806
-13.7,-84.9,90.1589
-7.5,-85.6,90.0476
-18.5,-78.7,90.047
-15.0,-79.8,90.0451
-10.0,-78.9,90.0299
-16.7,-73.2,89.9686
-12.2,-83.7,89.8931
-14.5,-85.9,89.87819999999999
-13.7,-85.8,89.8171
-7.3,-80.4,89.7881
-7.7,-79.8,89.7788
-17.0,-81.1,89.7257
-14.6,-85.3,89.678
-2.3,-85.3,89.6277
-13.4,-76.5,89.5408
-11.8,-77.4,89.48649999999999
-16.7,-80.8,89.4585
-18.6,-77.9,89.423
-9.7,-79.0,89.4193
-14.8,-80.8,89.3844
-13.8,-84.5,89.3807
-14.3,-83.7,89.3189
-18.7,-77.4,89.2525
-18.2,-72.4,89.1939
-12.4,-84.3,89.1861
-18.1,-71.7,89.1191
-10.3,-82.2,89.0812
-14.1,-80.9,89.0224
-15.1,-85.1,88.9675
-9.8,-78.5,88.9366
-19.3,-76.2,88.8922
-17.7,-80.5,88.8507
-13.4,-84.2,88.7276
-19.4,-78.1,88.7242
-5.8,-85.5,88.6637
-19.5,-76.4,88.64320000000001
-13.8,-84.9,88.5622
-11.7,-81.6,88.5518
-12.8,-84.5,88.5129
-19.9,-75.1,88.5043
-18.1,-79.4,88.275
-14.0,-85.0,88.2535
-14.0,-85.8,88.2267
-2.9,-80.5,88.004
-10.8,-77.8,87.9782
-13.1,-81.1,87.94879999999999
-18.8,-77.9,87.9151
-12.1,-84.4,87.8895
-17.8,-80.1,87.8782
-14.2,-85.2,87.8522
-16.6,-73.2,87.7243
-12.7,-77.2,87.6679
-13.3,-83.5,87.6057
-13.4,-83.8,87.60510000000001
-14.1,-83.9,87.58879999999999
-17.2,-81.1,87.5852
-17.7,-80.3,87.5115
-17.9,-71.5,87.434
-14.4,-83.2,87.4102
-19.4,-77.7,87.39189999999999
-19.4,-76.3,87.3118
-13.7,-84.5,87.2833
-12.7,-84.5,87.2578
-12.6,-81.6,87.2052
-14.6,-81.4,87.106
-13.4,-81.4,87.0976
-17.9,-79.3,87.0476
-15.1,-85.8,87.0436
-11.1,-78.2,87.0215
-18.8,-78.0,86.9994
-6.3,-85.2,86.9953
-11.2,-82.0,86.9925
-19.7,-77.2,86.9258
-18.0,-78.7,86.70309999999999
-13.1,-83.8,86.6883
-4.7,-85.1,86.6161
-14.4,-84.5,86.5758
-9.2,-79.9,86.4381
-11.3,-81.5,86.3875
-19.3,-77.1,86.3541
-19.7,-75.5,86.3232
-20.0,-74.3,86.2865
-13.7,-84.8,86.2744
-14.9,-85.2,86.2101
-9.0,-80.0,86.1879
-8.3,-79.8,86.1176
-17.8,-80.8,86.0336
-11.3,-82.5,86.0152
-12.5,-83.1,86.0118
-19.6,-75.5,85.9667
-12.7,-76.8,85.8531
-18.0,-71.4,85.8045
-18.1,-71.1,85.6781
-17.1,-80.6,85.6007
-13.3,-85.6,85.508
-10.0,-78.7,85.4497
-2.2,-84.4,85.4177
-10.6,-78.4,85.3768
-19.7,-77.3,85.3752
-12.4,-77.6,85.3425
-12.2,-82.0,85.3072
-6.7,-81.0,85.2723
-14.5,-80.8,85.2118
-16.5,-80.1,85.1174
-17.6,-80.9,85.0899
-3.7,-85.8,85.0501
-14.0,-83.8,85.0348
-2.6,-80.2,84.9913
-14.1,-85.3,84.9731
-6.2,-85.8,84.95190000000001
-15.0,-85.6,84.9441
-17.0,-80.7,84.8253
-18.5,-77.8,84.7929
-14.9,-80.9,84.7426
-19.5,-77.9,84.719
-12.9,-84.4,84.6667
-15.8,-79.6,84.6474
-5.6,-85.2,84.5405
-18.0,-78.4,84.5303
-14.8,-80.4,84.482
-16.1,-80.5,84.4714
-18.4,-78.3,84.4562
-11.7,-81.5,84.4421
-17.1,-80.4,84.4162
-18.1,-78.5,84.4021
-17.7,-71.6,84.3869
-16.4,-84.0,84.36670000000001
-12.6,-83.0,84.3635
-12.9,-85.1,84.3526
-18.7,-78.5,84.2811
-14.8,-85.5,84.2669
-13.6,-85.5,84.2323
-18.5,-70.5,84.2249
-10.8,-78.3,84.1886
-14.2,-81.1,84.15220000000001
-12.3,-82.2,84.0779
-13.1,-83.9,83.9976
-15.3,-80.0,83.9627
-10.0,-79.1,83.9413
-17.5,-72.2,83.9336
-16.5,-79.9,83.8453
-19.6,-76.7,83.819
-13.6,-85.4,83.7927
-16.8,-81.6,83.7203
-2.2,-85.4,83.5984
-8.0,-80.0,83.5316
-14.3,-85.8,83.4999
-17.7,-79.8,83.489
-9.5,-79.9,83.4569
-13.2,-83.5,83.4083
-17.2,-81.3,83.3447
-13.5,-84.2,83.2909
-10.7,-78.5,83.2336
-18.3,-79.1,83.1798
-17.0,-81.5,83.1186
-13.9,-80.9,83.07939999999999
-16.5,-80.5,83.0485
-15.6,-79.9,83.0475
-7.6,-85.4,83.0251
-15.7,-79.7,82.9759
-16.6,-80.2,82.94579999999999
-15.2,-84.1,82.8521
-14.5,-81.0,82.7971
-3.2,-80.8,82.7885
-17.5,-80.6,82.5118
-14.2,-85.1,82.5008
-8.1,-79.7,82.4902
-13.9,-83.6,82.4689
-13.4,-85.6,82.43849999999999
-14.4,-81.5,82.4311
-15.1,-80.2,82.4284
-12.6,-82.7,82.4094
-14.3,-80.9,82.3252
-13.7,-81.0,82.3206
-17.5,-80.7,82.2852
-6.3,-81.2,82.2744
-14.6,-83.8,82.2445
-7.5,-80.3,82.1566
-16.3,-83.9,82.12899999999999
-12.5,-77.6,82.0783
-14.0,-84.5,82.01910000000001
-18.2,-70.8,82.0095
-13.3,-81.5,81.9817
-17.8,-79.3,81.9706
-14.3,-85.7,81.9293
-18.2,-72.6,81.9094
-7.1,-80.7,81.8931
-13.3,-81.7,81.8092
-10.8,-82.2,81.804
-18.8,-78.5,81.7623
-13.8,-85.8,81.7437
-17.9,-79.0,81.724
-13.0,-83.8,81.6568
-14.8,-85.4,81.6534
-12.3,-84.4,81.6501
-2.1,-85.8,81.6033
-13.5,-84.4,81.5458
-14.5,-85.6,81.5162
-14.7,-82.0,81.4731
-18.4,-72.0,81.4284
-17.9,-78.7,81.4083
-14.2,-86.0,81.206
-2.1,-85.0,81.2039
-17.7,-79.3,81.152
-17.2,-80.8,81.0622
-15.0,-80.5,81.0492
-14.6,-83.9,80.9995
-14.3,-84.4,80.9627
-13.7,-83.3,80.9133
-18.5,-78.6,80.8435
-15.1,-85.6,80.80109999999999
-11.0,-82.9,80.7976
-14.3,-85.5,80.7812
-17.1,-79.0,80.75619999999999
-16.9,-80.4,80.7218
-16.7,-80.5,80.7027
-13.2,-83.4,80.5911
-12.0,-81.4,80.5752
-7.3,-80.5,80.5683
-20.0,-77.6,80.4829
-12.5,-85.7,80.3879
-18.8,-78.6,80.3147
-14.5,-83.1,80.3043
-8.9,-80.1,80.2839
-2.7,-85.8,80.2734
-2.1,-85.5,80.1497
-11.1,-82.0,80.0584
-17.2,-81.2,79.953
-19.0,-75.9,79.90390000000001
-10.3,-78.7,79.8327
-11.2,-78.3,79.832
-16.1,-80.7,79.8095
-18.9,-77.7,79.7777
-12.4,-86.0,79.6872
-9.4,-79.9,79.68430000000001
-6.3,-85.4,79.6273
-10.9,-78.3,79.5317
-19.7,-76.6,79.2868
-19.9,-77.6,79.1748
-16.5,-80.8,79.1215
-19.0,-78.5,79.1204
-15.8,-84.8,79.1048
-13.0,-82.0,79.0892
-15.2,-83.0,79.05879999999999
-17.0,-80.3,78.9452
-13.3,-81.4,78.9065
-13.9,-84.5,78.78020000000001
-19.4,-77.6,78.7138
-17.7,-80.7,78.6717
-7.4,-84.8,78.6632
-6.5,-85.4,78.6387
-14.7,-81.2,78.4738
-18.1,-78.1,78.4653
-6.5,-84.6,78.4293
-13.7,-85.3,78.2829
-18.6,-78.9,78.2637
-13.7,-76.8,78.17869999999999
-14.9,-81.6,78.1169
-14.3,-80.7,78.1106
-13.4,-81.5,78.0369
-9.9,-79.4,78.0347
-15.9,-79.6,78.0125
-16.0,-79.7,77.8702
-13.3,-77.1,77.7251
-9.1,-79.5,77.6438
-13.9,-85.7,77.6143
-18.6,-77.7,77.6063
-14.0,-81.0,77.5717
-17.8,-80.5,77.5298
-13.5,-85.1,77.4918
-14.5,-81.2,77.4843
-7.4,-85.7,77.3901
-16.4,-79.5,77.3197
-15.1,-85.5,77.28309999999999
-14.3,-80.3,77.2816
-11.4,-82.4,77.2381
-13.5,-84.9,77.2152
-16.3,-85.9,77.2046
-13.1,-81.2,77.1095
-12.9,-85.3,77.0528
-15.1,-85.4,77.0053
-11.1,-82.9,76.9898
-17.9,-80.9,76.9264
-12.2,-83.9,76.9195
-13.7,-85.5,76.7719
-13.8,-81.5,76.6988
-18.2,-78.0,76.65950000000001
-17.7,-80.4,76.58500000000001
-13.4,-84.1,76.5677
-11.9,-84.0,76.52810000000001
-16.3,-79.6,76.39
-14.5,-83.3,76.3691
-16.6,-80.4,76.3688
-13.8,-86.0,76.3436
-20.0,-74.2,76.3412
-12.9,-83.7,76.3046
-17.5,-81.0,76.25
-17.0,-80.8,76.0875
-14.2,-83.4,75.9941
-12.5,-82.8,75.9866
-14.9,-85.1,75.8892
-7.3,-79.9,75.8121
-15.2,-85.6,75.7915
-13.8,-81.0,75.7213
-15.0,-80.8,75.72
-14.0,-81.5,75.7062
-7.4,-80.5,75.6561
-16.5,-80.4,75.611
-17.4,-81.4,75.53960000000001
-16.0,-84.0,75.5293
-11.5,-82.4,75.4935
-6.4,-81.1,75.4467
-6.6,-84.7,75.4396
-17.2,-72.2,75.3531
-17.4,-80.5,75.2521
-16.6,-73.4,75.2488
-12.5,-82.6,75.2281
-11.8,-81.6,75.2205
-15.1,-83.5,75.2077
-19.7,-75.4,75.1293
-14.4,-85.2,75.0309
-13.5,-84.6,74.9936
-14.7,-80.2,74.9868
-17.6,-80.7,74.9738
-9.1,-78.8,74.9614
-16.5,-80.3,74.9247
-19.0,-77.6,74.7931
-6.3,-84.9,74.7632
-16.4,-80.1,74.76050000000001
-12.6,-85.9,74.7534
-16.8,-74.1,74.4851
-17.0,-81.8,74.4584
-9.3,-79.4,74.4452
-12.2,-77.2,74.3804
-15.7,-85.7,74.3613
-16.9,-79.2,74.3545
-7.8,-80.0,74.3397
-9.6,-79.0,74.2914
-14.0,-83.6,74.2815
-12.5,-84.6,74.2247
-7.7,-85.3,74.1224
-14.0,-81.3,74.0641
-13.1,-83.7,74.0561
-17.5,-80.9,74.0454
-3.0,-80.8,74.038
-4.3,-85.5,74.0006
-11.4,-82.3,73.9968
-17.8,-71.7,73.981
-18.0,-78.9,73.9447
-2.1,-84.6,73.8358
-12.2,-84.3,73.8228
-9.7,-83.7,73.8124
-18.2,-71.9,73.5992
-13.9,-84.4,73.5166
-13.8,-83.8,73.5101
-10.7,-78.3,73.4537
-18.9,-78.7,73.4106
-16.0,-80.4,73.3627
-14.7,-79.9,73.3591
-17.3,-81.1,73.3151
-13.9,-80.7,73.3143
-11.6,-81.5,73.2312
-19.5,-76.7,73.2285
-17.4,-80.9,73.2076
-12.4,-84.0,73.2024
-16.4,-85.9,73.1937
-19.9,-75.0,73.1861
-14.6,-81.8,73.18339999999999
-14.3,-84.5,73.0804
-12.3,-77.6,73.0594
-19.0,-78.4,73.0221
-7.1,-85.7,72.9556
-14.4,-85.0,72.9403
-11.6,-82.0,72.9011
-13.6,-84.7,72.8794
-19.8,-75.2,72.8586
-18.1,-78.9,72.7683
-17.5,-81.1,72.7397
-14.2,-85.6,72.7079
-13.2,-81.5,72.686
-17.8,-80.9,72.6276
-13.6,-84.6,72.58409999999999
-17.8,-79.9,72.56779999999999
-13.2,-81.6,72.5658
-14.7,-85.4,72.5283
-12.0,-82.3,72.4793
-19.9,-77.7,72.4443
-13.7,-86.0,72.37049999999999
-14.1,-84.4,72.3348
-13.2,-81.0,72.3242
-14.3,-81.2,72.3052
-14.1,-84.6,72.2518
-19.9,-77.0,72.2367
-11.0,-77.8,72.222
-4.0,-85.1,72.2001
-14.9,-81.0,72.124
-7.2,-84.7,72.0393
-13.6,-85.6,72.023
-6.0,-85.2,71.9841
-16.8,-80.9,71.9161
-4.1,-85.2,71.8946
-9.7,-78.9,71.8892
-16.4,-80.9,71.8465
-14.5,-81.3,71.8403
-19.6,-77.1,71.83840000000001
-14.6,-81.6,71.8211
-12.9,-82.1,71.7865
-15.0,-81.8,71.7658
-14.7,-85.5,71.7536
-15.0,-80.3,71.6272
-19.3,-77.2,71.5798
-14.0,-81.2,71.5359
-7.3,-80.6,71.5302
-7.6,-85.5,71.4829
-13.6,-84.4,71.4396
-13.4,-84.3,71.3861
-17.5,-81.4,71.374
-12.4,-77.3,71.3586
-15.1,-80.6,71.3232
-17.7,-79.7,71.2487
-13.9,-84.3,71.2259
-10.6,-78.3,71.2197
-12.2,-82.1,71.213
-12.8,-85.0,71.1866
-16.8,-81.4,71.1862
-12.7,-86.0,71.0834
-14.8,-85.3,70.97149999999999
-18.1,-79.8,70.8996
-14.1,-81.0,70.8914
-19.6,-77.2,70.7878
-11.5,-78.1,70.7739
-15.3,-79.8,70.7364
-14.4,-82.9,70.7322
-13.8,-80.7,70.7213
-18.0,-78.8,70.6956
-14.3,-83.2,70.675
-12.2,-84.1,70.6437
-15.2,-84.9,70.585
-13.5,-85.6,70.5254
-10.7,-82.1,70.2883
-13.9,-85.0,70.27629999999999
-17.7,-80.2,70.2216
-14.1,-84.2,70.2099
-2.6,-81.0,70.1686
-14.9,-80.1,70.13850000000001
-15.0,-81.0,70.1119
-14.8,-85.2,70.1117
-18.3,-71.1,70.0737
-18.3,-78.0,70.01820000000001
-16.6,-80.3,69.9979
-17.5,-80.8,69.9951
-13.5,-85.9,69.983
-18.0,-79.0,69.9721
-15.7,-80.9,69.96979999999999
-12.7,-82.0,69.9687
-13.7,-81.1,69.953
-11.2,-82.5,69.9419
-12.2,-83.8,69.8563
-14.6,-84.0,69.8364
-18.3,-79.3,69.8031
-19.7,-77.6,69.7811
-18.1,-71.2,69.7809
-13.8,-81.1,69.7701
-11.5,-77.6,69.7639
-17.2,-72.3,69.7567
-15.4,-84.2,69.7085
-9.8,-79.0,69.5835
-12.2,-77.9,69.5713
-17.3,-81.3,69.5155
-9.7,-79.9,69.4878
-14.5,-82.9,69.4856
-14.0,-81.7,69.437
-2.0,-85.7,69.4354
-12.3,-84.3,69.4138
-11.5,-82.6,69.2909
-14.9,-81.1,69.259
-11.4,-82.1,69.2037
-12.3,-84.1,69.1816
-12.0,-81.5,69.1784
-12.3,-83.6,69.1384
-14.1,-81.3,69.1198
-5.8,-85.1,69.0499
-19.5,-77.1,69.0157
-13.5,-81.7,69.0139
-7.2,-80.2,68.9779
-13.1,-81.5,68.8125
-19.1,-75.7,68.7688
-11.3,-78.3,68.7504
-11.8,-83.5,68.6558
-2.5,-81.1,68.5715
-17.6,-80.0,68.5324
-11.5,-82.1,68.5036
-14.9,-84.2,68.46719999999999
-10.5,-79.0,68.4407
-9.3,-79.7,68.4036
-18.2,-79.4,68.3447
-7.8,-79.9,68.3266
-7.0,-80.8,68.3237
-17.8,-79.2,68.3023
-15.6,-79.8,68.2844
-12.6,-81.5,68.2672
-13.5,-83.8,68.1611
-12.3,-84.0,68.029
-11.4,-78.3,68.0146
-10.1,-82.3,67.9464
-17.0,-72.7,67.9362
-19.4,-75.4,67.9212
-18.5,-78.9,67.8991
-12.7,-81.2,67.843
-13.9,-83.0,67.828
-11.9,-85.7,67.7405
-16.4,-73.8,67.7298
-14.4,-83.4,67.6531
-13.0,-85.1,67.5828
-6.8,-84.7,67.5523
-15.6,-79.6,67.5357
-18.9,-77.3,67.5332
-14.3,-84.0,67.4068
-15.1,-81.7,67.3831
-14.6,-81.2,67.3429
-18.1,-78.6,67.3173
-14.2,-84.1,67.2865
-12.0,-84.1,67.2653
-16.6,-80.9,67.1815
-12.2,-86.0,67.1719
-19.5,-77.7,67.149
-16.9,-80.6,67.1178
-14.6,-84.7,67.0798
-10.4,-78.5,67.0177
-15.0,-85.0,66.9945
-7.2,-80.5,66.93
-14.1,-85.8,66.9166
-18.8,-77.8,66.9122
-14.4,-83.3,66.9113
-7.2,-80.3,66.8848
-3.6,-85.9,66.8701
-14.6,-84.5,66.80590000000001
-11.6,-82.1,66.78
-6.4,-81.2,66.7403
-7.4,-80.7,66.7212
-12.0,-78.0,66.6157
-12.6,-86.0,66.5836
-19.3,-78.3,66.561
-13.0,-85.4,66.476
-12.8,-84.1,66.44669999999999
-11.4,-82.0,66.4381
-18.5,-78.0,66.394
-19.9,-74.9,66.3777
-10.1,-78.6,66.3599
-16.6,-80.8,66.2861
-18.3,-71.8,66.1561
-17.7,-80.8,66.0983
-19.7,-76.7,66.0481
-14.8,-81.1,65.993
-13.1,-81.3,65.9374
-18.8,-77.7,65.9061
-17.9,-79.5,65.8164
-15.1,-82.1,65.7557
-13.9,-84.2,65.7357
-12.2,-83.6,65.7142
-12.6,-85.8,65.7005
-11.5,-77.9,65.6952
-18.9,-78.5,65.6725
-2.2,-81.2,65.6509
-14.4,-81.2,65.5812
-14.2,-85.7,65.526
-7.3,-80.7,65.4932
-18.4,-78.9,65.46209999999999
-14.3,-84.6,65.4215
-19.8,-75.1,65.4199
-12.3,-77.4,65.414
-17.8,-79.5,65.4111
-18.2,-71.2,65.39829999999999
-13.3,-85.3,65.3331
-17.9,-71.8,65.2906
-14.8,-81.6,65.2703
-13.2,-81.4,65.2688
-14.3,-84.1,65.2614
-13.1,-84.6,65.1712
-13.1,-85.2,65.1202
-19.2,-76.2,65.0859
-12.2,-77.3,64.9995
-5.0,-84.8,64.8825
-19.7,-77.0,64.8801
-5.9,-85.8,64.8604
-2.6,-85.9,64.8137
-7.1,-85.8,64.8101
-15.0,-81.1,64.7739
-14.3,-81.1,64.73010000000001
-14.5,-84.3,64.7297
-12.8,-82.0,64.71560000000001
-16.0,-85.8,64.71000000000001
-17.8,-71.6,64.6742
-14.3,-85.4,64.6725
-12.9,-84.9,64.6645
-16.6,-80.5,64.6559
-9.0,-78.8,64.6072
-14.5,-84.9,64.5977
-7.2,-79.9,64.5925
-14.3,-83.1,64.5823
-15.4,-80.0,64.5365
-16.8,-80.6,64.5009
-15.7,-85.2,64.4695
-14.7,-85.1,64.4668
-14.6,-84.2,64.452
-14.3,-86.0,64.4361
-6.0,-85.0,64.4258
-17.7,-79.9,64.4162
-11.0,-82.7,64.3928
-16.4,-83.8,64.285
-2.8,-80.3,64.25359999999999
-14.7,-82.2,64.2391
-14.7,-84.8,64.2083
-14.2,-84.2,64.1885
-8.2,-80.0,64.1801
-14.4,-85.1,64.0998
-12.8,-85.5,64.0195
-14.0,-85.1,63.9296
-13.5,-83.9,63.898
-16.2,-84.2,63.885600000000004
-13.1,-85.0,63.8328
-3.3,-80.6,63.7715
-3.7,-84.9,63.7709
-17.9,-79.9,63.7361
-16.4,-79.4,63.7155
-14.9,-84.3,63.6814
-18.0,-70.9,63.6522
-16.5,-80.9,63.6162
-16.7,-81.6,63.562
-12.0,-77.8,63.484500000000004
-15.1,-85.7,63.4564
-18.1,-71.3,63.4536
-13.6,-85.8,63.4426
-13.9,-85.3,63.4324
-13.0,-85.0,63.393
-12.8,-85.6,63.353
-13.3,-84.2,63.3183
-17.3,-81.5,63.2956
-3.3,-80.7,63.260400000000004
-16.3,-84.2,63.2241
-13.0,-81.3,63.2067
-12.4,-83.9,63.1587
-10.4,-82.2,63.090599999999995
-9.8,-79.6,62.9359
-14.4,-81.4,62.8897
-13.6,-83.8,62.8139
-13.6,-85.9,62.7836
-9.0,-79.8,62.7498
-14.7,-82.1,62.7475
-14.1,-81.1,62.714800000000004
-18.0,-80.9,62.649300000000004
-10.2,-79.0,62.6133
-2.2,-84.9,62.4486
-13.3,-81.3,62.390100000000004
-14.6,-82.9,62.3693
-18.2,-71.1,62.321400000000004
-12.5,-77.7,62.2788
-13.1,-81.4,62.2434
-12.4,-84.5,62.199799999999996
-16.9,-81.2,62.1978
-11.6,-82.3,62.1112
-19.4,-76.4,62.092600000000004
-6.1,-85.0,62.0781
-16.9,-80.5,62.0659
-13.4,-85.8,61.9901
-9.9,-78.7,61.9086
-7.1,-84.7,61.8362
-14.6,-81.7,61.7797
-17.4,-81.1,61.7761
-13.8,-84.0,61.728899999999996
-11.6,-77.5,61.7178
-12.6,-83.4,61.6489
-14.5,-81.5,61.6328
-2.8,-84.5,61.5937
-13.1,-84.9,61.4378
-15.3,-84.5,61.4294
-11.3,-83.0,61.3411
-17.5,-81.2,61.3405
-14.8,-81.2,61.3074
-15.9,-80.3,61.2726
-17.8,-80.2,61.266
-6.3,-85.7,61.26
-14.3,-83.6,61.2465
-13.9,-85.8,61.2432
-14.9,-80.8,61.2426
-18.9,-78.4,61.1467
-10.1,-79.2,61.0957
-19.6,-77.0,61.0813
-13.8,-84.6,61.0799
-19.5,-75.4,61.0786
-17.7,-85.6,60.952299999999994
-1.1,-82.9,60.9138
-16.1,-79.4,60.9101
-16.0,-79.4,60.8512
-18.5,-78.8,60.6988
-13.3,-85.0,60.6968
-12.8,-86.0,60.6962
-14.0,-83.7,60.6875
-12.6,-77.2,60.6786
-17.4,-71.7,60.6635
-12.7,-84.0,60.6293
-13.9,-85.2,60.5816
-5.8,-84.6,60.5728
-16.0,-80.7,60.5282
-11.5,-85.9,60.519
-12.3,-83.1,60.4482
-9.9,-78.9,60.4213
-12.9,-85.4,60.408100000000005
-10.8,-82.1,60.3906
-17.9,-71.4,60.373200000000004
-13.5,-83.7,60.359700000000004
-17.9,-81.0,60.3297
-19.5,-77.4,60.3167
-13.4,-84.7,60.313
-15.2,-79.9,60.3088
-15.2,-85.5,60.290499999999994
-13.3,-85.5,60.2383
-14.2,-80.9,60.120200000000004
-15.4,-79.7,60.080799999999996
-7.7,-79.7,60.064299999999996
-13.7,-81.6,60.0471
-9.8,-79.5,60.0282
-6.4,-85.4,59.9861
-7.3,-84.9,59.973
-11.9,-84.2,59.9286
-19.6,-77.8,59.9217
-12.6,-84.3,59.874
-9.4,-78.6,59.8598
-14.6,-81.5,59.8406
-12.5,-85.5,59.7939
-14.5,-84.7,59.7746
-12.9,-84.0,59.7656
-3.1,-80.7,59.741
-13.9,-81.6,59.741
-11.4,-85.7,59.538000000000004
-19.0,-77.5,59.4668
-15.4,-80.1,59.4352
-4.6,-85.3,59.407000000000004
-6.4,-85.7,59.3548
-17.2,-73.9,59.3408
-7.9,-79.9,59.3062
-14.0,-84.3,59.302
-14.5,-81.6,59.2741
-7.4,-80.6,59.2505
-15.7,-85.8,59.147
-12.0,-81.9,59.1331
-12.0,-83.7,59.041199999999996
-16.1,-84.3,59.0394
-11.5,-82.2,59.0325
-7.2,-80.1,58.9997
-16.1,-79.6,58.9522
-13.4,-83.7,58.9493
-12.4,-82.1,58.9289
-17.5,-72.7,58.8969
-15.6,-80.9,58.7522
-18.7,-70.5,58.7027
-16.9,-72.9,58.5948
-11.9,-84.3,58.5903
-13.3,-76.5,58.556200000000004
-16.8,-81.0,58.5492
-14.4,-84.4,58.5265
-12.7,-84.6,58.5123
-16.8,-74.2,58.4794
-13.9,-81.5,58.4229
-12.2,-84.4,58.3335
-16.5,-80.6,58.3127
-18.5,-73.6,58.3006
-7.5,-85.3,58.2483
-12.5,-85.6,58.244699999999995
-11.7,-83.4,58.2326
-13.6,-81.7,58.1721
-14.6,-81.3,58.155
-13.0,-84.4,58.1372
-15.0,-85.9,58.1215
-13.6,-86.0,58.0908
-8.8,-80.1,58.0178
-12.2,-84.2,58.0169
-13.1,-85.3,57.908
-15.4,-80.5,57.8989
-4.2,-85.2,57.896899999999995
-15.7,-85.9,57.8565
-12.0,-85.8,57.8027
-12.1,-78.0,57.7534
-16.2,-84.3,57.746
-16.2,-85.9,57.729800000000004
-12.6,-83.2,57.7134
-11.7,-83.6,57.6974
-12.1,-85.7,57.670100000000005
-17.6,-81.1,57.6648
-15.1,-84.8,57.648599999999995
-7.2,-80.7,57.6357
-14.4,-81.6,57.5383
-6.3,-85.8,57.51
-13.5,-84.8,57.494800000000005
-17.0,-80.4,57.4831
-7.7,-85.6,57.4621
-13.4,-84.8,57.4471
-17.8,-78.4,57.419000000000004
-14.4,-80.8,57.375
-15.5,-80.4,57.360600000000005
-14.5,-85.4,57.360600000000005
-13.0,-86.0,57.3605
-6.4,-85.8,57.2891
-12.9,-84.6,57.268299999999996
-17.1,-80.5,57.2551
-16.2,-79.6,57.253
-14.5,-85.3,57.234700000000004
-17.7,-73.6,57.2005
-13.4,-84.6,57.139
-18.1,-71.4,57.0912
-19.4,-78.0,56.9401
-9.6,-83.6,56.9394
-3.6,-84.0,56.8934
-12.6,-85.4,56.8848
-18.3,-72.5,56.8783
-14.6,-80.1,56.877
-19.1,-78.6,56.8401
-7.6,-79.7,56.7761
-6.3,-81.1,56.7614
-14.2,-83.1,56.684200000000004
-13.8,-83.9,56.6282
-11.6,-82.5,56.561099999999996
-19.3,-76.5,56.4943
-11.2,-82.9,56.426
-7.4,-79.8,56.3781
-15.0,-85.7,56.3774
-18.2,-71.7,56.3768
-12.5,-83.0,56.3722
-16.7,-73.1,56.3493
-7.1,-85.6,56.321600000000004
-20.0,-77.0,56.2266
-14.6,-80.2,56.210300000000004
-14.6,-77.2,56.1955
-15.7,-79.5,56.1609
-13.7,-85.2,56.160000000000004
-7.2,-84.9,56.1511
-13.5,-85.2,56.052
-2.0,-84.4,56.0402
-16.3,-79.4,56.0225
-19.4,-78.2,55.9418
-20.0,-77.4,55.9326
-13.0,-84.3,55.8846
-13.6,-83.9,55.8707
-6.6,-85.9,55.8607
-3.1,-80.5,55.7759
-12.9,-85.2,55.765899999999995
-17.6,-79.9,55.6306
-15.3,-85.0,55.5708
-12.3,-83.7,55.5537
-17.9,-85.5,55.5292
-13.1,-81.9,55.5244
-9.1,-78.6,55.5032
-18.1,-80.0,55.4379
-12.3,-84.2,55.3738
-17.4,-72.3,55.3365
-16.3,-85.4,55.3181
-14.8,-84.1,55.2883
-2.7,-81.1,55.2456
-11.9,-81.6,55.2416
-11.4,-82.8,55.1773
-10.5,-78.6,55.1464
-17.1,-72.2,55.1197
-17.1,-81.1,54.9677
-13.7,-84.1,54.9273
-7.0,-85.7,54.8843
-7.2,-85.7,54.8839
-12.5,-84.3,54.8793
-13.0,-84.8,54.8406
-6.8,-81.0,54.7953
-14.7,-80.4,54.7765
-14.6,-85.8,54.7405
-14.6,-76.3,54.674800000000005
-19.1,-76.2,54.6594
-18.0,-78.6,54.6246
-18.8,-77.3,54.5702
-15.2,-85.4,54.457
-15.6,-85.7,54.4065
-15.3,-85.8,54.4062
-13.1,-85.8,54.3946
-15.8,-80.7,54.321200000000005
-5.8,-85.9,54.286500000000004
-14.0,-81.1,54.2764
-13.5,-85.5,54.166799999999995
-14.8,-82.7,54.0779
-10.3,-82.3,54.0324
-2.0,-85.5,54.0157
-5.9,-85.9,54.0005
-14.9,-81.2,53.9597
-3.3,-80.4,53.9527
-15.0,-81.2,53.9465
-13.0,-81.6,53.9424
-12.4,-83.6,53.9346
-3.0,-81.2,53.9184
-13.9,-84.0,53.902
-16.3,-83.8,53.8855
-13.3,-84.3,53.86
-15.4,-85.2,53.835
-11.6,-81.6,53.7843
-7.0,-85.8,53.7275
-12.7,-82.6,53.7235
-16.2,-85.3,53.703199999999995
-14.6,-84.9,53.6813
-11.6,-82.6,53.643100000000004
-17.5,-79.9,53.5414
-17.9,-78.9,53.5159
-13.8,-81.2,53.513
-15.5,-83.7,53.5009
-15.8,-85.7,53.4958
-15.4,-79.9,53.4688
-3.2,-80.6,53.4431
-14.0,-83.0,53.4379
-17.0,-80.9,53.412499999999994
-19.9,-74.8,53.4023
-11.8,-83.3,53.27
-13.3,-85.7,53.213300000000004
-16.4,-81.1,53.1063
-10.9,-82.1,53.0544
-13.4,-81.3,52.9379
-6.1,-85.9,52.9221
-17.4,-72.6,52.8984
-17.5,-71.5,52.8663
-13.5,-84.7,52.8042
-14.3,-84.3,52.7861
-13.8,-83.7,52.7475
-17.2,-81.0,52.5937
-16.0,-85.5,52.5843
-6.6,-85.4,52.5306
-2.1,-85.4,52.4956
-12.2,-83.3,52.41
-13.6,-83.7,52.3809
-14.4,-85.5,52.3742
-12.8,-81.5,52.3619
-12.6,-83.1,52.3087
-3.1,-80.6,52.2934
-11.2,-83.0,52.2905
-13.7,-85.4,52.2894
-16.6,-75.1,52.286
-12.8,-84.6,52.2823
-13.5,-81.6,52.0329
-12.0,-77.7,52.0205
-13.7,-83.9,52.016400000000004
-11.0,-82.8,51.9404
-14.8,-85.7,51.9073
-18.4,-77.9,51.9011
-19.6,-78.1,51.876599999999996
-16.5,-80.2,51.8285
-17.3,-72.1,51.8025
-13.0,-81.4,51.7482
-3.6,-83.9,51.741299999999995
-18.0,-78.1,51.7173
-14.6,-82.0,51.711
-12.4,-85.8,51.7045
-15.5,-79.8,51.6917
-11.5,-81.7,51.6499
-12.7,-84.4,51.6225
-15.5,-84.2,51.6155
-12.7,-83.0,51.6066
-17.9,-80.6,51.583
-11.6,-82.7,51.548500000000004
-11.5,-82.7,51.5268
-16.6,-79.4,51.4816
-17.6,-81.4,51.4629
-11.3,-82.3,51.4425
-7.7,-85.0,51.3735
-7.7,-85.2,51.3545
-13.5,-85.4,51.3328
-15.7,-86.0,51.3317
-13.8,-85.0,51.3292
-14.6,-82.8,51.2878
-15.0,-85.8,51.2789
-13.3,-84.6,51.2181
-12.3,-83.9,51.198
-11.0,-82.3,51.1881
-12.3,-85.8,51.1715
-12.6,-77.6,51.1237
-19.8,-75.0,51.0764
-20.0,-77.5,51.0559
-15.8,-84.0,51.0548
-19.5,-77.5,51.031099999999995
-18.8,-78.7,50.9861
-12.4,-77.8,50.9679
-13.9,-83.5,50.9647
-16.7,-74.1,50.9346
-16.2,-79.5,50.9119
-16.5,-84.1,50.784
-17.7,-81.0,50.7368
-14.1,-85.7,50.7205
-12.4,-84.1,50.7088
-16.9,-81.1,50.6767
-19.1,-78.4,50.646
-12.5,-83.2,50.635600000000004
-2.2,-85.8,50.5767
-18.4,-70.5,50.5682
-13.6,-76.4,50.5525
-15.4,-85.4,50.5393
-16.9,-80.7,50.454
-3.8,-85.0,50.4484
-11.8,-78.1,50.4372
-11.9,-81.4,50.3675
-13.7,-85.7,50.3608
-17.6,-81.0,50.3494
-14.3,-85.3,50.3296
-12.0,-84.3,50.3076
-16.3,-85.3,50.292699999999996
-6.4,-84.9,50.2643
-9.3,-79.8,50.2151
-12.9,-84.3,50.2115
-2.1,-84.9,50.1481
-13.1,-83.6,50.0989
-15.5,-83.6,50.0864
-7.5,-85.4,49.9823
-12.3,-78.0,49.9779
-18.6,-77.6,49.9612
-12.7,-82.8,49.9369
-19.0,-78.8,49.8919
-17.8,-79.4,49.869
-11.9,-85.8,49.8343
-13.5,-85.0,49.8025
-12.1,-83.4,49.7577
-17.0,-79.1,49.7414
-11.8,-83.8,49.732
-14.2,-83.2,49.7205
-16.2,-84.0,49.7179
-12.8,-84.4,49.7168
-12.1,-81.5,49.7121
-12.2,-82.2,49.6849
-12.7,-84.3,49.6534
-13.9,-81.2,49.555
-13.4,-81.6,49.5036
-6.4,-85.9,49.4363
-15.1,-80.7,49.4131
-15.2,-85.2,49.4096
-17.2,-74.0,49.397999999999996
-7.3,-84.5,49.3877
-8.6,-79.9,49.3831
-14.5,-85.5,49.3595
-18.4,-78.2,49.337399999999995
-7.0,-85.6,49.3018
-14.6,-80.3,49.2979
-9.0,-79.9,49.2804
-15.7,-80.3,49.243900000000004
-12.0,-84.4,49.2406
-5.2,-84.7,49.2217
-19.4,-76.8,49.2036
-15.2,-80.9,49.1464
-14.5,-81.7,49.1122
-19.4,-76.5,49.0527
-13.2,-85.2,49.017399999999995
-18.5,-79.1,49.0065
-14.4,-84.6,48.987899999999996
-12.6,-77.5,48.9838
-14.2,-85.3,48.936
-12.5,-82.2,48.8944
-18.9,-77.2,48.8333
-18.1,-79.7,48.7847
-18.0,-80.5,48.766600000000004
-12.4,-84.4,48.7544
-9.5,-79.1,48.7389
-15.2,-82.7,48.7304
-13.4,-84.9,48.728300000000004
-7.6,-85.2,48.7198
-18.6,-78.6,48.7187
-15.7,-80.7,48.7047
-17.7,-78.5,48.6821
-13.0,-85.3,48.659
-17.4,-71.6,48.646300000000004
-12.1,-83.9,48.6424
-17.7,-85.4,48.6421
-14.6,-85.7,48.641
-13.1,-85.9,48.5882
-19.8,-77.4,48.524100000000004
-13.0,-84.5,48.5032
-12.1,-77.6,48.4875
-16.5,-80.0,48.4511
-18.1,-79.3,48.4182
-14.1,-83.4,48.3642
-2.7,-85.9,48.3437
-9.7,-83.6,48.3235
-14.6,-76.4,48.3135
-9.8,-78.7,48.3119
-3.8,-84.9,48.2856
-14.2,-85.5,48.2829
-15.8,-85.0,48.2626
-15.8,-80.3,48.2411
-13.0,-83.6,48.2383
-16.1,-80.6,48.2329
-14.8,-80.9,48.1919
-11.0,-82.1,48.1687
-17.5,-71.8,48.1581
-12.2,-77.5,48.1441
-7.1,-80.2,48.1301
-15.3,-85.2,48.1261
-14.3,-83.4,47.9858
-17.4,-81.3,47.9417
-16.2,-85.8,47.9407
-16.2,-80.6,47.9368
-19.4,-77.5,47.8838
-15.2,-82.8,47.8262
-14.0,-85.2,47.7918
-14.6,-81.9,47.754
-19.5,-78.0,47.7448
-7.1,-85.9,47.7365
-2.8,-81.1,47.711600000000004
-18.3,-72.0,47.6685
-14.4,-84.2,47.6311
-15.2,-80.6,47.6296
-17.9,-79.8,47.6276
-12.6,-85.1,47.6271
-12.9,-84.8,47.6172
-14.7,-83.1,47.6164
-13.4,-84.4,47.6132
-3.4,-80.6,47.591
-19.4,-78.3,47.5644
-2.6,-80.8,47.5575
-11.9,-83.7,47.5342
-14.3,-80.6,47.5251
-14.5,-85.0,47.497
-15.4,-83.8,47.4788
-13.0,-83.5,47.4648
-11.4,-79.0,47.4521
-11.4,-79.1,47.4343
-13.1,-82.0,47.3424
-17.5,-81.3,47.332300000000004
-7.5,-85.5,47.3269
-15.4,-84.4,47.281800000000004
-12.4,-83.8,47.2357
-10.6,-82.2,47.2233
-12.7,-83.1,47.184200000000004
-14.3,-80.5,47.1722
-14.9,-85.7,47.1659
-18.5,-70.6,47.1644
-11.6,-82.4,47.1548
-13.2,-84.7,47.1523
-2.1,-84.8,47.1428
-11.9,-81.9,47.1135
-2.3,-85.8,47.0705
-7.4,-85.6,47.062599999999996
-8.1,-79.5,47.0542
-12.3,-81.7,46.958600000000004
-19.2,-78.4,46.9551
-14.7,-82.8,46.9155
-12.1,-81.4,46.9111
-13.3,-86.0,46.9
-13.1,-84.1,46.8674
-17.5,-71.7,46.8541
-13.2,-81.9,46.8259
-6.0,-86.0,46.7579
-5.9,-84.6,46.7563
-12.7,-82.9,46.7069
-12.4,-82.2,46.6965
-9.5,-79.2,46.6928
-2.1,-84.7,46.6674
-12.7,-82.7,46.656600000000005
-17.5,-72.3,46.5637
-16.3,-84.3,46.5375
-7.7,-85.4,46.4589
-19.7,-77.5,46.443
-6.7,-86.0,46.4412
-11.9,-83.8,46.4087
-7.3,-80.8,46.393299999999996
-18.1,-71.0,46.3626
-12.5,-81.3,46.3454
-10.2,-82.3,46.3239
-17.4,-81.2,46.2917
-11.9,-81.7,46.2485
-18.2,-71.3,46.2184
-10.9,-82.2,46.1956
-12.9,-84.7,46.1797
-17.8,-71.8,46.1786
-15.1,-84.7,46.1644
-15.5,-80.0,46.1248
-13.0,-77.4,46.1237
-18.2,-79.8,46.0993
-16.6,-84.0,46.0676
-11.5,-82.3,46.0652
-15.3,-85.7,46.064499999999995
-15.8,-85.8,46.0494
-14.4,-81.3,46.0103
-11.4,-82.9,46.0082
-20.0,-77.1,45.9756
-15.3,-85.5,45.9324
-16.9,-80.8,45.820499999999996
-17.9,-78.2,45.7305
-14.8,-81.5,45.7132
-2.7,-81.0,45.6776
-13.6,-85.7,45.6342
-8.3,-79.9,45.612700000000004
-13.3,-84.4,45.536
-13.1,-82.2,45.5039
-13.7,-84.0,45.4936
-13.3,-83.4,45.4655
-15.5,-84.3,45.4544
-17.0,-74.3,45.4341
-18.3,-79.2,45.4311
-13.3,-84.7,45.4104
-12.5,-83.6,45.3972
-15.9,-85.9,45.349199999999996
-17.8,-81.1,45.3429
-19.4,-79.0,45.3037
-12.7,-81.5,45.2681
-14.1,-83.2,45.2611
-18.4,-79.1,45.2479
-12.2,-77.7,45.2219
-14.3,-82.9,45.2215
-2.0,-85.2,45.1938
-11.3,-82.1,45.1875
-7.4,-84.9,45.1595
-12.7,-77.5,45.1304
-11.5,-85.8,45.1295
-13.2,-84.2,45.125299999999996
-14.1,-83.1,45.073899999999995
-14.1,-81.5,45.057
-14.7,-85.2,45.045199999999994
-13.5,-86.0,45.0268
-12.3,-77.9,44.9763
-16.4,-73.7,44.9563
-6.1,-84.6,44.929
-17.6,-74.2,44.9278
-10.4,-79.0,44.9004
-15.4,-84.3,44.8881
-14.2,-81.0,44.8328
-11.5,-78.2,44.8062
-15.7,-79.6,44.7789
-9.0,-80.1,44.7693
-14.6,-83.7,44.768
-13.4,-83.3,44.7648
-2.6,-80.9,44.6718
-13.9,-86.0,44.6715
-13.0,-84.6,44.657000000000004
-14.0,-85.7,44.5983
-7.8,-79.6,44.5899
-13.8,-83.6,44.5289
-12.9,-77.2,44.4776
-6.2,-85.9,44.4355
-11.9,-84.1,44.4287
-13.0,-85.5,44.4238
-11.1,-78.3,44.3902
-7.3,-85.7,44.36
-16.3,-84.0,44.337199999999996
-4.8,-85.0,44.279399999999995
-12.1,-83.1,44.275
-12.5,-84.0,44.2281
-12.4,-85.7,44.2269
-12.0,-84.2,44.2261
-19.7,-77.8,44.2241
-15.5,-79.6,44.2081
-5.9,-85.2,44.197
-12.7,-85.0,44.1789
-16.0,-85.7,44.0886
-6.6,-81.2,44.046
-7.4,-85.8,43.9792
-7.1,-84.8,43.9691
-14.5,-81.4,43.9427
-13.0,-82.1,43.9331
-16.3,-80.7,43.9016
-15.3,-83.7,43.7888
-11.2,-81.5,43.7562
-2.1,-85.3,43.7547
-15.3,-80.6,43.7375
-19.8,-77.1,43.7264
-13.2,-81.8,43.6647
-19.4,-75.3,43.659800000000004
-12.7,-85.8,43.658500000000004
-9.8,-80.5,43.657199999999996
-15.3,-84.1,43.6441
-13.8,-85.7,43.6347
-11.6,-81.7,43.5844
-14.2,-84.6,43.551700000000004
-13.8,-85.2,43.5293
-14.8,-81.0,43.5213
-19.7,-75.2,43.4948
-14.2,-81.3,43.486599999999996
-16.4,-81.5,43.4811
-18.6,-72.3,43.4597
-16.6,-80.7,43.3874
-19.8,-74.9,43.3181
-7.1,-80.5,43.3044
-19.9,-74.6,43.2864
-13.0,-85.2,43.2813
-16.5,-83.8,43.1995
-11.7,-82.0,43.1982
-7.9,-81.3,43.1709
-15.3,-85.1,43.1687
-15.9,-84.6,43.1531
-15.3,-82.9,43.1291
-14.3,-81.4,43.0967
-15.1,-82.2,43.0159
-18.0,-79.5,42.9455
-17.6,-85.6,42.9302
-19.7,-77.4,42.9283
-14.7,-84.5,42.891999999999996
-18.2,-79.9,42.8871
-15.2,-85.0,42.8429
-19.5,-75.3,42.761
-16.5,-79.4,42.7252
-15.4,-85.0,42.7161
-12.0,-85.6,42.6869
-14.8,-84.2,42.6448
-15.1,-81.8,42.623200000000004
-4.5,-85.0,42.6169
-14.7,-84.0,42.599
-17.4,-72.0,42.535
-17.7,-85.5,42.465900000000005
-13.6,-84.9,42.4359
-13.5,-84.0,42.4255
-7.8,-85.2,42.356899999999996
-19.9,-74.3,42.3434
-17.6,-72.3,42.3393
-12.7,-84.2,42.327600000000004
-13.9,-85.5,42.3042
-10.7,-78.7,42.2208
-19.5,-78.1,42.1976
-11.9,-85.6,42.1894
-13.4,-83.5,42.1808
-12.6,-83.3,42.172
-13.1,-81.7,42.167699999999996
-12.5,-83.3,42.1467
-14.8,-82.3,42.0758
-14.2,-84.5,42.0279
-13.4,-76.4,41.9863
-18.9,-77.5,41.9685
-12.6,-82.5,41.9521
-12.2,-81.4,41.9365
-19.2,-76.9,41.934599999999996
-11.9,-84.5,41.9286
-7.3,-85.6,41.9114
-17.4,-78.7,41.8825
-12.7,-85.9,41.8471
-17.6,-81.3,41.8369
-12.7,-83.9,41.8084
-7.7,-84.8,41.7057
-7.0,-86.0,41.692
-15.6,-85.2,41.6731
-14.2,-84.3,41.6545
-15.8,-84.3,41.6197
-7.6,-85.6,41.6108
-15.5,-86.0,41.579100000000004
-2.0,-81.1,41.5331
-18.0,-79.3,41.5064
-3.8,-84.8,41.5037
-12.9,-84.5,41.4838
-12.2,-83.5,41.428
-12.5,-85.1,41.4114
-14.5,-84.8,41.406600000000005
-12.8,-84.9,41.402
-13.7,-83.7,41.3978
-14.6,-84.6,41.391
-10.5,-82.3,41.3479
-11.3,-82.0,41.3452
-13.2,-86.0,41.2968
-19.7,-75.1,41.2864
-13.8,-81.6,41.2616
-10.9,-78.5,41.2508
-14.5,-80.3,41.237700000000004
-14.4,-83.7,41.222
-12.1,-83.8,41.2214
-15.2,-86.0,41.2142
-11.4,-81.8,41.1499
-17.6,-71.4,41.1487
-12.8,-85.8,41.1417
-1.9,-85.5,41.134100000000004
-13.8,-83.5,41.1327
-9.7,-78.5,41.131
-14.6,-83.5,41.091899999999995
-11.5,-82.0,41.0534
-16.2,-85.4,41.0444
-17.7,-81.1,41.0134
-13.0,-81.5,41.0028
-12.7,-85.1,40.9925
-12.4,-83.7,40.978
-19.2,-78.3,40.947
-17.0,-81.7,40.9438
-9.8,-83.4,40.8916
-16.5,-73.5,40.8787
-12.1,-82.2,40.8624
-12.7,-84.1,40.8438
-14.2,-84.4,40.8208
-14.6,-82.7,40.8065
-12.2,-77.6,40.8005
-1.3,-83.2,40.7551
-17.0,-81.0,40.7532
-10.1,-78.3,40.7318
-16.2,-84.1,40.7234
-19.0,-77.4,40.6839
-3.2,-80.4,40.667100000000005
-17.4,-82.0,40.6548
-16.3,-85.8,40.5661
-19.8,-77.6,40.5016
-17.8,-79.8,40.4811
-17.6,-78.6,40.4689
-14.3,-81.6,40.4515
-12.6,-84.4,40.4446
-13.2,-84.3,40.4362
-12.2,-82.3,40.3724
-13.0,-83.9,40.3629
-12.8,-84.2,40.3622
-7.0,-85.9,40.3322
-16.5,-75.2,40.299
-20.0,-77.7,40.2947
-11.9,-82.3,40.2722
-14.2,-81.5,40.2508
-13.3,-84.8,40.2388
-13.7,-76.5,40.2386
-18.7,-78.6,40.235
-14.6,-77.4,40.2261
-11.9,-83.4,40.208
-17.8,-85.6,40.1783
-12.0,-81.3,40.1672
-19.9,-77.1,40.1552
-13.4,-85.5,40.153999999999996
-17.3,-72.6,40.1481
-12.8,-84.8,40.1233
-19.9,-77.3,40.0619
-17.3,-81.6,40.0394
-15.3,-79.7,40.0355
-15.1,-81.1,40.0222
-12.0,-82.5,39.9796
-16.5,-75.1,39.9783
-12.0,-82.0,39.9652
-13.3,-84.9,39.8988
-17.9,-79.1,39.8785
-19.9,-74.4,39.834900000000005
-15.9,-79.4,39.8261
-11.7,-77.4,39.799
-14.5,-84.2,39.7983
-12.0,-84.5,39.7621
-16.0,-80.8,39.7558
-16.2,-85.7,39.7489
-13.3,-85.4,39.685900000000004
-16.7,-72.9,39.6756
-16.3,-85.6,39.6662
-11.9,-82.9,39.6658
-3.0,-81.9,39.610299999999995
-11.4,-78.9,39.5773
-12.1,-82.4,39.5227
-14.6,-77.9,39.5145
-11.8,-85.9,39.4538
-15.2,-85.3,39.3986
-11.4,-82.2,39.3884
-19.6,-77.5,39.3758
-12.3,-83.2,39.3604
-16.5,-74.3,39.3195
-11.9,-83.9,39.2796
-15.5,-85.8,39.2707
-13.1,-84.0,39.2666
-12.3,-83.3,39.236399999999996
-13.4,-83.2,39.225
-10.9,-82.9,39.2221
-15.3,-81.9,39.2056
-13.6,-81.3,39.1953
-14.8,-80.2,39.1738
-15.7,-80.4,39.1301
-15.6,-85.4,39.1258
-12.8,-83.4,39.0797
-7.4,-80.4,39.0754
-15.6,-85.3,39.0292
-17.4,-81.5,39.013
-12.3,-77.5,39.0096
-7.1,-86.0,38.998400000000004
-19.1,-76.7,38.9868
-15.9,-84.7,38.932
-18.7,-77.6,38.9112
-9.0,-80.5,38.8454
-15.0,-81.6,38.841300000000004
-7.2,-80.4,38.8254
-13.1,-81.0,38.7733
-15.7,-84.8,38.7367
-14.1,-83.0,38.7038
-14.7,-84.9,38.6886
-17.9,-79.6,38.6843
-14.7,-82.7,38.6834
-12.3,-83.0,38.6633
-13.6,-78.1,38.6536
-12.8,-85.1,38.645900000000005
-12.2,-83.4,38.6227
-15.3,-84.0,38.5929
-11.9,-82.0,38.5925
-19.3,-76.4,38.5506
-19.6,-78.2,38.515
-14.3,-83.0,38.5137
-7.1,-80.1,38.5099
-19.8,-77.3,38.4949
-12.4,-83.0,38.4763
-12.1,-84.0,38.4758
-3.3,-80.8,38.4755
-14.7,-83.0,38.4561
-15.9,-83.8,38.445
-15.8,-84.1,38.4435
-15.1,-83.0,38.4407
-16.9,-80.9,38.4312
-16.4,-84.1,38.4054
-5.7,-86.0,38.4029
-19.8,-77.5,38.3986
-2.0,-85.1,38.3624
-8.0,-80.1,38.3533
-8.4,-79.8,38.296
-13.0,-84.7,38.1917
-13.6,-81.8,38.173700000000004
-6.2,-84.6,38.1209
-16.7,-73.4,38.1064
-14.0,-81.9,38.0673
-6.3,-85.9,38.0527
-15.3,-83.6,38.0286
-6.7,-81.1,38.0004
-11.6,-82.2,37.981
-6.8,-84.6,37.9606
-15.3,-80.9,37.9298
-19.9,-79.5,37.8964
-14.3,-83.5,37.8805
-14.6,-85.6,37.8632
-11.7,-83.8,37.8489
-17.1,-74.0,37.847
-13.1,-86.0,37.8373
-14.8,-82.8,37.836999999999996
-2.7,-86.0,37.8294
-13.0,-84.1,37.777499999999996
-14.5,-80.6,37.746
-14.0,-83.4,37.7405
-8.0,-85.3,37.7153
-15.7,-80.8,37.7094
-16.6,-74.2,37.6558
-12.8,-82.1,37.6155
-12.1,-82.6,37.6092
-12.0,-83.5,37.5883
-14.8,-85.1,37.5744
-11.0,-83.0,37.5474
-1.0,-82.8,37.5451
-11.8,-84.3,37.5196
-16.6,-74.6,37.5032
-12.0,-85.0,37.4972
-17.5,-74.3,37.4481
-13.4,-81.8,37.4161
-16.7,-79.3,37.4067
-14.7,-84.3,37.4007
-12.5,-84.2,37.389
-13.8,-83.0,37.3193
-11.5,-81.8,37.305899999999994
-12.5,-83.9,37.2809
-9.8,-83.5,37.268
-14.0,-86.0,37.2609
-10.9,-78.6,37.2475
-12.5,-81.4,37.2387
-17.6,-80.8,37.2358
-18.3,-80.5,37.1944
-9.5,-79.4,37.1916
-16.3,-84.1,37.1688
-6.8,-86.0,37.1332
-15.3,-82.8,37.1278
-16.6,-83.4,37.1068
-13.4,-84.5,37.0767
-17.1,-72.1,37.0362
-10.9,-83.3,37.0163
-14.8,-84.7,37.0092
-12.0,-84.0,37.0083
-11.8,-83.4,36.9366
-14.9,-80.2,36.8909
-13.0,-85.6,36.8818
-15.8,-85.1,36.8799
-17.1,-80.9,36.8594
-6.7,-85.1,36.8495
-14.5,-83.4,36.792300000000004
-15.1,-81.9,36.7709
-13.5,-85.7,36.7402
-17.5,-81.5,36.6835
-11.1,-82.5,36.6831
-12.2,-83.2,36.6811
-19.2,-76.3,36.6209
-12.1,-85.1,36.588800000000006
-15.4,-83.6,36.5526
-14.0,-81.6,36.545
-18.3,-77.9,36.5407
-7.7,-85.5,36.5218
-13.2,-83.3,36.5057
-6.5,-81.1,36.4672
-13.7,-85.9,36.4661
-7.0,-85.5,36.4534
-12.5,-83.4,36.443999999999996
-19.3,-76.6,36.4079
-12.2,-82.4,36.3931
-16.5,-85.6,36.3765
-15.3,-81.8,36.3649
-2.5,-81.0,36.3164
-10.9,-83.1,36.3163
-17.4,-74.4,36.3121
-7.8,-85.3,36.2864
-16.7,-74.2,36.2679
-18.0,-81.0,36.2587
-18.8,-77.6,36.1876
-18.5,-72.6,36.1681
-3.4,-80.9,36.128099999999996
-15.7,-80.6,36.1148
-15.5,-80.8,36.0806
-17.3,-81.2,36.072900000000004
-15.4,-85.9,36.0656
-3.8,-84.7,36.065400000000004
-16.9,-79.1,36.0372
-3.9,-85.0,36.0148
-13.9,-76.3,36.0107
-19.3,-70.5,36.004400000000004
-13.0,-77.5,35.9604
-19.6,-77.6,35.9225
-14.4,-80.5,35.9139
-15.9,-85.1,35.8773
-10.5,-82.2,35.8481
-16.3,-81.4,35.8249
-14.4,-80.2,35.7583
-15.1,-85.9,35.7553
-12.6,-84.2,35.7543
-10.3,-78.5,35.7389
-18.0,-85.6,35.71
-13.0,-84.0,35.7057
-12.4,-83.3,35.7049
-6.3,-85.0,35.6548
-12.1,-77.7,35.6544
-13.9,-83.9,35.6459
-19.6,-75.1,35.6446
-19.1,-78.5,35.6223
-12.0,-82.4,35.6214
-3.2,-81.2,35.6139
-19.7,-77.1,35.5974
-16.0,-85.9,35.5901
-13.3,-85.9,35.5632
-7.5,-85.8,35.5546
-7.4,-85.0,35.4942
-14.1,-81.6,35.494
-16.1,-84.5,35.4859
-15.8,-80.8,35.4843
-16.3,-80.8,35.4751
-14.7,-84.1,35.4656
-15.8,-85.5,35.460300000000004
-8.4,-79.9,35.4526
-16.2,-80.8,35.4322
-9.8,-78.8,35.4087
-12.8,-81.1,35.3582
-16.1,-85.1,35.342
-13.3,-81.8,35.3272
-16.4,-85.3,35.321
-19.0,-76.2,35.3197
-12.9,-85.6,35.2862
-15.2,-85.9,35.2703
-18.7,-78.8,35.2611
-16.0,-85.1,35.2491
-17.6,-81.5,35.2418
-15.9,-85.5,35.2167
-14.3,-81.3,35.2039
-3.3,-81.1,35.1929
-15.6,-84.8,35.1701
-11.6,-78.2,35.1612
-18.2,-80.4,35.1467
-14.9,-84.4,35.1401
-17.1,-81.7,35.1289
-15.2,-82.0,35.0921
-1.2,-83.0,35.083
-12.0,-83.6,35.0827
-6.6,-84.5,35.07
-13.0,-84.2,35.060100000000006
-16.0,-85.0,35.0456
-11.3,-82.2,35.0294
-12.1,-81.9,35.006
-16.6,-83.9,34.9782
-14.3,-83.3,34.826
-1.0,-83.2,34.819700000000005
-18.0,-80.0,34.8113
-1.2,-83.2,34.8048
-13.5,-83.6,34.7799
-11.5,-81.4,34.7471
-2.7,-81.2,34.7444
-16.1,-80.8,34.7246
-7.7,-81.0,34.6391
-18.7,-78.7,34.6222
-12.9,-83.9,34.6055
-13.8,-76.9,34.5903
-16.5,-81.5,34.5555
-12.9,-83.6,34.5449
-17.1,-73.5,34.541399999999996
-8.5,-80.9,34.5357
-12.9,-81.4,34.435
-13.4,-83.4,34.3726
-13.9,-83.8,34.3519
-16.7,-83.3,34.3151
-16.0,-76.6,34.255
-15.6,-85.9,34.1937
-7.3,-85.8,34.1883
-18.4,-71.8,34.184
-12.2,-82.5,34.1804
-16.5,-74.2,34.1459
-6.4,-81.0,34.1393
-13.5,-85.8,34.1374
-18.4,-77.6,34.1333
-19.1,-76.3,34.1285
-15.3,-82.3,34.044
-11.9,-85.5,34.0123
-17.7,-80.9,33.998400000000004
-12.2,-81.5,33.9852
-1.4,-82.9,33.9828
-17.2,-82.1,33.9754
-18.1,-71.8,33.9668
-6.0,-84.6,33.9615
-15.9,-85.4,33.9565
-12.6,-81.4,33.9185
-13.6,-84.1,33.900400000000005
-15.4,-80.9,33.8849
-14.4,-85.6,33.8605
-15.4,-85.6,33.8524
-10.7,-78.8,33.836
-14.5,-76.3,33.8298
-12.2,-78.0,33.8134
-11.7,-82.3,33.8059
-7.0,-81.0,33.805
-12.5,-83.7,33.7926
-18.9,-77.1,33.7842
-19.1,-77.2,33.7783
-10.8,-78.5,33.7648
-15.4,-83.7,33.7551
-10.5,-79.1,33.7509
-12.9,-83.4,33.7297
-14.0,-83.5,33.6821
-19.3,-76.3,33.6736
-13.1,-84.5,33.6143
-18.2,-81.0,33.6133
-13.5,-78.2,33.613
-17.1,-81.0,33.6087
-15.3,-83.8,33.5842
-18.0,-79.9,33.5624
-15.0,-80.9,33.5342
-18.6,-77.5,33.5306
-19.7,-74.9,33.5156
-15.9,-80.5,33.439
-12.8,-85.7,33.4273
-14.2,-83.0,33.3897
-12.5,-84.4,33.3859
-12.0,-83.1,33.3527
-3.4,-80.4,33.3192
-12.5,-82.1,33.2934
-18.0,-81.2,33.288399999999996
-15.9,-84.3,33.2779
-14.4,-84.3,33.226299999999995
-10.3,-78.2,33.2241
-14.5,-86.0,33.2078
-2.1,-81.2,33.1909
-11.6,-83.5,33.185900000000004
-13.7,-77.5,33.182500000000005
-14.6,-77.3,33.1701
-9.4,-80.5,33.1191
-15.3,-82.1,33.1064
-18.3,-71.7,33.0914
-16.3,-85.2,33.0456
-15.4,-85.3,33.0392
-17.6,-72.2,33.036699999999996
-15.9,-84.2,33.0242
-19.9,-70.7,33.0194
-15.8,-80.4,32.9773
-13.7,-83.2,32.958
-18.3,-71.6,32.9567
-5.1,-84.7,32.9169
-17.7,-81.8,32.890100000000004
-13.2,-84.9,32.8878
-12.9,-83.5,32.8722
-10.9,-83.0,32.8718
-13.9,-85.1,32.8634
-18.5,-77.7,32.8094
-14.4,-83.6,32.7869
-18.0,-80.6,32.7823
-11.8,-83.6,32.7752
-15.8,-85.2,32.7685
-12.4,-77.4,32.7521
-14.4,-81.7,32.7064
-19.6,-75.4,32.6826
-19.5,-75.2,32.6405
-12.7,-82.1,32.552
-19.9,-74.5,32.5478
-14.5,-80.5,32.5057
-15.4,-75.2,32.5022
-14.2,-81.4,32.4955
-14.5,-85.2,32.489399999999996
-19.3,-76.7,32.4843
-15.4,-85.7,32.4792
-18.9,-77.4,32.469300000000004
-12.6,-84.0,32.454899999999995
-15.5,-79.7,32.4538
-5.7,-84.6,32.4237
-12.5,-82.3,32.4084
-16.4,-73.9,32.402300000000004
-14.0,-85.3,32.379200000000004
-17.9,-80.7,32.3575
-14.6,-84.1,32.3489
-15.9,-83.9,32.3428
-14.0,-80.9,32.3287
-18.0,-79.1,32.3172
-1.9,-84.5,32.2921
-15.2,-85.7,32.2554
-10.1,-79.1,32.2551
-15.2,-83.1,32.2445
-2.3,-84.4,32.2034
-10.4,-82.5,32.1606
-8.8,-80.0,32.1546
-3.3,-81.4,32.1367
-16.1,-84.0,32.1224
-10.7,-82.2,32.113
-13.8,-76.3,32.0959
-16.1,-85.5,32.0907
-16.1,-79.7,32.0363
-10.8,-77.9,32.0327
-14.0,-85.5,32.015100000000004
-15.8,-84.6,31.9754
-13.7,-85.0,31.8959
-1.1,-81.2,31.8676
-14.0,-84.2,31.8545
-15.1,-76.9,31.8381
-14.8,-84.3,31.8243
-12.0,-82.1,31.8044
-13.7,-78.0,31.7847
-14.3,-81.5,31.7769
-16.5,-73.6,31.7658
-15.3,-83.1,31.746
-12.4,-82.8,31.7267
-17.5,-73.0,31.7241
-18.0,-80.1,31.7202
-13.4,-82.7,31.7123
-12.8,-83.6,31.7118
-17.4,-73.9,31.7042
-6.1,-86.0,31.7038
-11.2,-82.1,31.6878
-12.4,-83.1,31.6389
-2.5,-80.8,31.6218
-15.5,-79.9,31.6137
-18.1,-71.9,31.6053
-1.0,-82.9,31.6006
-13.7,-77.9,31.5887
-17.4,-78.6,31.5745
-10.7,-78.9,31.5667
-15.8,-85.3,31.558799999999998
-7.8,-85.0,31.5267
-18.4,-73.9,31.5247
-17.3,-73.4,31.4726
-16.0,-80.5,31.4634
-14.6,-77.8,31.4479
-18.0,-80.2,31.4433
-11.7,-82.2,31.4396
-13.2,-81.3,31.4392
-13.3,-85.8,31.355700000000002
-12.7,-82.5,31.331599999999998
-13.2,-84.5,31.2201
-15.6,-85.6,31.212799999999998
-14.3,-82.1,31.1925
-15.4,-82.8,31.1772
-14.7,-82.4,31.1681
-15.8,-80.5,31.1569
-19.7,-75.3,31.155
-12.9,-83.1,31.141599999999997
-14.3,-80.0,31.1171
-14.5,-80.2,31.0961
-15.2,-81.0,31.0945
-16.6,-81.0,31.0338
-12.1,-82.5,31.0309
-14.5,-83.0,31.0085
-13.7,-77.0,30.9985
-17.4,-74.3,30.9864
-16.8,-79.2,30.9725
-14.5,-85.8,30.9653
-14.8,-82.4,30.9527
-12.7,-83.2,30.9441
-7.1,-84.9,30.9151
-19.9,-70.6,30.8923
-12.5,-84.5,30.8841
-15.5,-82.8,30.878500000000003
-17.4,-81.6,30.8731
-15.1,-82.8,30.87
-12.0,-85.5,30.8581
-11.9,-82.5,30.8532
-17.6,-81.9,30.8507
-10.4,-78.9,30.8438
-15.6,-80.8,30.8382
-14.3,-77.5,30.8367
-11.6,-81.4,30.7815
-10.3,-83.8,30.7785
-16.7,-74.0,30.7621
-15.2,-81.1,30.7571
-15.4,-80.6,30.7565
-14.8,-81.3,30.7555
-15.0,-84.0,30.7404
-8.3,-80.8,30.7304
-15.0,-84.8,30.7209
-13.4,-83.6,30.6961
-14.8,-84.5,30.6931
-7.4,-85.1,30.6645
-15.5,-85.9,30.6526
-12.9,-83.8,30.6461
-6.4,-85.3,30.6211
-14.8,-84.0,30.619099999999996
-9.4,-83.4,30.5736
-13.4,-85.9,30.5645
-12.4,-83.2,30.5513
-14.9,-81.5,30.5428
-17.7,-73.7,30.5332
-10.3,-82.8,30.529600000000002
-14.9,-84.1,30.5196
-11.0,-82.2,30.4724
-19.0,-77.1,30.4406
-13.0,-82.2,30.427400000000002
-12.9,-81.5,30.4258
-10.7,-78.6,30.4174
-11.1,-79.2,30.415599999999998
-13.3,-77.4,30.3056
-6.5,-85.9,30.2745
-12.6,-82.1,30.2312
-14.9,-83.1,30.2286
-13.1,-85.1,30.220100000000002
-15.1,-84.9,30.1934
-9.9,-83.4,30.1911
-4.5,-85.2,30.173
-7.9,-85.3,30.1438
-4.3,-85.2,30.1334
-6.6,-85.3,30.1275
-14.7,-85.9,30.1208
-2.9,-81.2,30.1208
-14.5,-80.4,30.1152
-16.1,-85.7,30.1148
-18.1,-80.6,30.114700000000003
-1.3,-83.3,30.0893
-12.4,-82.3,30.0776
-12.4,-82.5,30.0547
-11.8,-83.7,29.999
-13.6,-77.8,29.986800000000002
-13.5,-84.1,29.9725
-3.4,-81.4,29.9587
-18.0,-80.8,29.933
-9.0,-83.6,29.9117
-16.8,-73.3,29.8796
-19.7,-73.8,29.8777
-15.3,-86.0,29.8658
-16.4,-83.7,29.834600000000002
-12.0,-85.9,29.8138
-14.4,-85.3,29.7836
-15.7,-85.0,29.7559
-14.5,-82.8,29.7537
-2.5,-81.2,29.724600000000002
-15.2,-82.2,29.7177
-19.5,-78.4,29.6865
-11.7,-84.0,29.6519
-15.4,-83.1,29.6519
-14.5,-83.6,29.6253
-17.4,-72.5,29.6059
-19.5,-78.2,29.5873
-13.3,-84.5,29.5871
-8.3,-80.1,29.5806
-15.8,-82.3,29.5634
-7.7,-79.6,29.5544
-16.0,-80.9,29.5165
-7.9,-85.4,29.4869
-15.3,-81.1,29.471
-18.1,-81.0,29.3394
-16.2,-80.7,29.3372
-15.9,-85.6,29.319000000000003
-17.8,-80.3,29.3104
-14.6,-84.4,29.290000000000003
-13.1,-84.4,29.26
-18.4,-79.2,29.2597
-9.1,-79.9,29.2451
-12.5,-83.5,29.2186
-12.0,-82.6,29.1627
-15.4,-81.1,29.148
-14.1,-85.6,29.0975
-12.4,-82.4,29.0795
-14.9,-82.3,29.076900000000002
-10.3,-82.5,29.0622
-14.5,-80.7,29.058999999999997
-19.4,-78.5,29.043300000000002
-2.9,-84.5,29.0273
-14.1,-81.7,29.0203
-18.0,-73.7,29.0052
-17.2,-80.9,29.0011
-17.8,-79.7,28.9933
-15.1,-81.2,28.9878
-11.4,-85.9,28.9863
-3.2,-81.1,28.9282
-12.4,-83.5,28.9185
-16.5,-84.2,28.9126
-8.4,-80.9,28.8618
-12.4,-85.6,28.8429
-18.5,-79.0,28.8315
-15.5,-85.0,28.830599999999997
-17.8,-81.6,28.8219
-10.8,-85.0,28.799
-7.8,-81.3,28.7919
-14.4,-86.0,28.7765
-19.1,-76.8,28.7538
-17.9,-73.6,28.7501
-16.4,-84.2,28.742
-18.1,-77.8,28.7413
-11.9,-82.2,28.735599999999998
-17.1,-73.9,28.6998
-17.5,-81.8,28.6663
-17.8,-80.4,28.6576
-11.9,-83.3,28.6332
-14.9,-84.7,28.6022
-12.5,-77.4,28.5684
-12.8,-83.8,28.5574
-17.9,-80.1,28.4066
-15.2,-81.7,28.399
-14.6,-83.1,28.3933
-13.7,-78.1,28.3737
-13.2,-82.0,28.3647
-18.4,-79.0,28.3638
-15.2,-82.1,28.3136
-18.1,-81.3,28.2395
-7.9,-81.5,28.214100000000002
-16.8,-83.4,28.213
-7.8,-81.2,28.2122
-15.7,-85.6,28.2041
-16.4,-86.0,28.1998
-12.5,-83.8,28.164299999999997
-7.5,-81.8,28.1634
-3.1,-81.1,28.1579
-12.3,-83.8,28.1431
-17.6,-72.1,28.1205
-14.0,-85.4,28.070400000000003
-7.2,-85.9,28.0594
-11.4,-78.8,28.0472
-11.2,-82.4,28.0431
-14.2,-77.4,28.0309
-11.5,-86.0,28.0265
-7.6,-85.7,28.0193
-15.9,-85.2,28.0118
-12.1,-83.2,27.9743
-19.3,-75.4,27.944899999999997
-15.2,-83.2,27.9202
-18.8,-77.4,27.9066
-18.5,-71.9,27.904
-14.7,-85.6,27.9039
-18.1,-78.0,27.8805
-16.5,-73.3,27.8763
-16.8,-81.3,27.868799999999997
-13.0,-83.2,27.855
-18.2,-80.6,27.8068
-18.2,-81.2,27.7924
-17.9,-79.7,27.7684
-12.4,-82.6,27.7547
-11.7,-82.6,27.753999999999998
-7.9,-85.2,27.7429
-7.8,-85.1,27.7188
-19.7,-74.8,27.717
-13.3,-82.0,27.707
-8.3,-80.9,27.6892
-11.9,-83.2,27.6602
-14.1,-84.3,27.6208
-15.6,-81.2,27.5975
-19.9,-77.4,27.5918
-7.9,-81.2,27.579500000000003
-18.8,-77.5,27.5542
-14.7,-80.5,27.5412
-18.1,-70.9,27.5378
-15.2,-83.8,27.530900000000003
-15.9,-76.7,27.5296
-17.8,-85.5,27.5134
-2.0,-81.2,27.4791
-11.7,-82.1,27.473300000000002
-15.9,-76.1,27.4542
-11.0,-78.4,27.4481
-17.0,-74.2,27.4475
-11.4,-81.9,27.4434
-3.6,-84.1,27.4151
-15.3,-85.6,27.3723
-4.5,-85.3,27.3649
-15.1,-84.0,27.3402
-14.7,-81.5,27.329
-19.8,-74.8,27.3191
-15.6,-85.8,27.303200000000004
-14.5,-82.5,27.299400000000002
-15.6,-85.1,27.293
-13.7,-85.6,27.2915
-17.4,-72.4,27.253500000000003
-17.8,-81.2,27.2397
-13.6,-77.9,27.226399999999998
-16.0,-85.6,27.2033
-15.5,-82.2,27.1826
-15.3,-83.0,27.1633
-6.9,-85.5,27.14
-19.8,-74.7,27.1181
-17.2,-72.4,27.1095
-17.9,-85.6,27.0923
-14.7,-85.7,27.0652
-13.0,-85.7,27.0599
-16.4,-83.5,27.0563
-14.4,-83.5,27.0436
-18.2,-71.8,27.0428
-1.9,-85.6,27.0413
-1.3,-83.0,27.0342
-3.7,-84.1,27.032700000000002
-15.5,-81.1,27.0292
-13.7,-85.1,27.0145
-16.9,-82.1,26.997
-16.6,-74.5,26.9317
-15.8,-84.9,26.92
-15.0,-81.5,26.8938
-8.7,-80.1,26.8766
-12.9,-85.5,26.871
-14.4,-80.6,26.8627
-13.7,-83.8,26.8563
-16.1,-85.0,26.8231
-14.5,-82.2,26.819499999999998
-11.1,-82.1,26.8181
-13.4,-86.0,26.8047
-11.9,-78.1,26.7832
-6.4,-85.0,26.782799999999998
-13.4,-81.7,26.7761
-17.5,-78.6,26.7605
-17.3,-72.4,26.7321
-11.0,-82.5,26.7271
-14.8,-84.8,26.7229
-8.5,-81.0,26.7152
-3.3,-81.3,26.691399999999998
-18.6,-70.6,26.6663
-16.3,-80.9,26.6507
-16.5,-84.3,26.6496
-19.6,-75.3,26.605600000000003
-2.4,-81.2,26.5981
-14.7,-84.6,26.598
-10.3,-79.8,26.5842
-18.9,-77.6,26.569
-12.8,-83.1,26.5508
-10.3,-81.9,26.534299999999998
-12.8,-77.2,26.5027
-12.5,-85.3,26.4884
-13.2,-85.4,26.4872
-17.5,-85.7,26.474899999999998
-15.0,-80.7,26.4403
-11.7,-78.2,26.439600000000002
-12.5,-82.4,26.4268
-15.0,-84.6,26.4259
-12.8,-85.9,26.4116
-2.0,-85.0,26.4115
-14.7,-85.3,26.3891
-18.3,-72.7,26.375
-15.0,-80.2,26.3701
-13.5,-82.5,26.3594
-16.0,-84.1,26.3534
-13.9,-82.9,26.35
-1.0,-81.0,26.3297
-2.3,-81.3,26.3245
-12.8,-83.9,26.2633
-14.7,-85.0,26.261400000000002
-7.3,-84.7,26.2541
-13.8,-77.8,26.248
-17.8,-81.3,26.2274
-13.7,-77.7,26.1931
-12.3,-83.5,26.185499999999998
-3.8,-81.3,26.184399999999997
-3.1,-81.3,26.1462
-7.3,-79.8,26.1413
-15.0,-84.1,26.1181
-19.9,-77.5,26.1075
-11.1,-83.0,26.0988
-3.2,-81.3,26.0945
-17.5,-72.8,26.0928
-18.1,-71.5,26.0739
-12.8,-82.8,26.07
-19.8,-77.2,26.063299999999998
-8.0,-85.2,26.046300000000002
-16.7,-74.5,26.0168
-13.5,-80.8,26.014
-16.8,-74.0,25.9994
-1.5,-83.9,25.994600000000002
-13.8,-77.0,25.9935
-16.4,-85.1,25.989
-19.0,-78.9,25.9621
-19.7,-75.0,25.9377
-15.5,-83.4,25.9128
-2.4,-81.4,25.911099999999998
-14.2,-81.7,25.86
-14.8,-83.1,25.8416
-14.2,-81.6,25.837
-10.8,-82.3,25.8184
-6.6,-85.1,25.8171
-13.7,-83.0,25.8091
-6.7,-85.0,25.8071
-14.6,-85.9,25.8062
-6.5,-84.9,25.8039
-11.0,-78.5,25.7959
-19.7,-78.1,25.778599999999997
-4.9,-84.8,25.7347
-10.7,-83.1,25.7258
-15.7,-85.5,25.7132
-16.2,-83.9,25.6953
-9.9,-80.5,25.671599999999998
-12.8,-84.7,25.6625
-7.2,-85.6,25.660899999999998
-13.3,-77.5,25.6562
-14.7,-80.3,25.6544
-18.2,-72.7,25.6322
-16.6,-74.1,25.6253
-16.8,-73.2,25.6046
-18.6,-79.0,25.604400000000002
-15.0,-84.9,25.5979
-7.4,-80.8,25.5947
-1.1,-83.3,25.5906
-7.7,-85.7,25.5645
-14.1,-82.9,25.547800000000002
-14.9,-82.9,25.5451
-3.3,-81.6,25.5361
-18.4,-79.3,25.5244
-18.8,-72.6,25.5073
-7.7,-81.1,25.4942
-18.7,-72.2,25.4906
-15.8,-84.7,25.4801
-13.6,-83.5,25.476300000000002
-17.2,-72.0,25.4382
-2.7,-81.3,25.427300000000002
-11.7,-84.4,25.4166
-16.0,-83.6,25.4116
-13.8,-81.9,25.3568
-18.0,-79.8,25.3535
-1.2,-83.3,25.3535
-7.4,-81.1,25.3417
-11.1,-82.4,25.333599999999997
-14.7,-77.1,25.3286
-17.3,-74.2,25.308999999999997
-10.6,-79.0,25.3065
-17.9,-85.4,25.3005
-12.1,-83.5,25.2957
-11.7,-85.6,25.2832
-8.9,-78.8,25.2703
-11.9,-83.6,25.261699999999998
-14.0,-84.4,25.2591
-9.9,-84.1,25.2132
-18.2,-79.3,25.2022
-15.4,-85.8,25.1971
-14.6,-80.5,25.1767
-1.1,-82.8,25.1655
-10.9,-82.7,25.157
-14.2,-83.3,25.1461
-16.4,-85.6,25.133
-17.9,-81.1,25.1309
-14.7,-77.2,25.118299999999998
-12.7,-83.6,25.1171
-16.1,-85.3,25.0983
-12.7,-83.8,25.058500000000002
-12.0,-81.8,25.045299999999997
-14.6,-80.4,25.032700000000002
-12.1,-83.6,24.9887
-15.4,-81.8,24.9438
-1.7,-81.4,24.8929
-8.4,-80.8,24.883200000000002
-12.6,-85.2,24.851100000000002
-15.6,-84.9,24.829
-12.9,-77.4,24.8081
-15.5,-80.6,24.794
-16.3,-81.5,24.7796
-15.9,-80.7,24.7232
-15.3,-84.9,24.714599999999997
-14.8,-84.6,24.7033
-15.1,-80.9,24.688399999999998
-17.0,-74.1,24.6361
-17.0,-72.4,24.6358
-2.9,-81.1,24.6253
-2.1,-81.1,24.6221
-14.7,-83.9,24.616300000000003
-17.8,-71.5,24.6136
-18.7,-79.5,24.613
-18.2,-71.4,24.613
-9.8,-80.6,24.5937
-1.1,-83.0,24.5904
-11.8,-81.9,24.5896
-15.4,-82.4,24.5883
-6.9,-85.4,24.5834
-15.1,-84.5,24.5242
-19.1,-76.9,24.5217
-16.6,-81.5,24.5117
-15.3,-81.0,24.5094
-17.7,-72.1,24.5092
-17.7,-85.7,24.500899999999998
-12.1,-82.1,24.4992
-10.4,-79.2,24.4922
-15.1,-83.6,24.46
-13.5,-85.3,24.4405
-12.9,-83.3,24.427500000000002
-12.5,-82.5,24.4251
-15.4,-81.0,24.369500000000002
-18.4,-80.5,24.357200000000002
-14.7,-85.8,24.342
-15.1,-81.6,24.3411
-15.7,-83.6,24.3132
-17.3,-72.7,24.3037
-18.5,-71.8,24.2791
-5.9,-86.0,24.2577
-10.6,-78.7,24.2436
-3.1,-81.2,24.2368
-11.1,-82.2,24.235
-7.7,-81.3,24.2047
-2.6,-81.2,24.1796
-15.9,-83.7,24.163899999999998
-11.8,-81.7,24.1601
-18.7,-77.3,24.154600000000002
-11.8,-81.3,24.1464
-18.1,-80.9,24.127799999999997
-10.9,-83.5,24.1126
-14.9,-83.5,24.1076
-11.6,-84.1,24.087600000000002
-8.5,-79.9,24.0867
-13.8,-81.7,24.086199999999998
-15.8,-85.4,24.0834
-17.9,-80.3,24.0715
-18.2,-72.0,24.0675
-11.4,-84.0,24.0385
-14.6,-83.2,24.0369
-15.5,-85.3,24.0082
-17.2,-82.6,24.0064
-13.9,-81.9,23.9844
-15.8,-84.2,23.978299999999997
-16.5,-86.0,23.971999999999998
-15.8,-85.6,23.9626
-17.3,-71.8,23.9585
-15.7,-80.5,23.835800000000003
-12.3,-78.1,23.8285
-14.9,-79.8,23.825000000000003
-12.8,-83.0,23.8083
-17.4,-73.4,23.793
-12.0,-81.6,23.7893
-17.4,-82.1,23.7788
-17.8,-85.2,23.7575
-11.4,-83.8,23.752100000000002
-16.7,-79.2,23.7324
-14.7,-83.2,23.732
-19.1,-77.3,23.7316
-17.2,-73.6,23.7125
-1.3,-83.9,23.7053
-13.3,-78.8,23.695500000000003
-5.1,-81.1,23.6857
-14.5,-84.1,23.6772
-12.8,-77.3,23.6421
-12.1,-84.1,23.6399
-19.2,-78.5,23.6175
-12.2,-84.5,23.6111
-19.9,-74.7,23.6066
-12.3,-84.5,23.5866
-14.8,-83.4,23.5781
-15.4,-83.5,23.552599999999998
-4.4,-85.1,23.5474
-16.1,-84.2,23.5382
-13.2,-84.8,23.521900000000002
-9.6,-78.5,23.5077
-16.5,-85.9,23.5064
-5.8,-86.0,23.4907
-13.3,-77.2,23.483
-7.5,-81.1,23.455
-15.6,-80.4,23.4427
-11.9,-84.4,23.4399
-10.8,-83.5,23.4354
-7.5,-84.7,23.4255
-13.4,-83.0,23.409799999999997
-14.1,-85.5,23.4064
-17.6,-81.2,23.394199999999998
-15.2,-84.5,23.359
-17.7,-71.9,23.3566
-6.5,-85.0,23.323
-7.6,-85.0,23.3196
-6.3,-84.6,23.317
-3.6,-83.8,23.311799999999998
-11.2,-83.2,23.2881
-14.5,-85.1,23.2779
-16.2,-80.9,23.2501
-17.8,-81.4,23.2272
-2.2,-81.3,23.2267
-11.9,-83.1,23.2183
-15.8,-81.0,23.2061
-12.1,-82.3,23.1995
-7.8,-80.1,23.1848
-18.7,-80.2,23.1271
-13.7,-83.4,23.1246
-16.0,-81.2,23.113
-16.3,-73.8,23.0948
-19.0,-79.8,23.089599999999997
-3.0,-81.1,23.0837
-11.5,-84.2,23.078699999999998
-12.7,-84.7,23.0457
-3.0,-81.3,23.0416
-15.8,-85.9,23.0315
-14.3,-81.7,23.0281
-15.2,-80.7,23.0259
-15.1,-83.2,23.0243
-15.7,-82.8,23.0234
-11.5,-85.7,23.0185
-13.0,-85.8,23.0163
-12.2,-85.9,23.0059
-12.4,-82.9,22.9471
-16.0,-85.2,22.9212
-12.3,-82.9,22.9118
-15.1,-81.0,22.9101
-1.5,-83.6,22.8952
-10.9,-83.2,22.8808
-17.5,-84.8,22.872899999999998
-11.8,-84.2,22.8595
-19.0,-80.0,22.8561
-17.5,-78.5,22.8495
-15.2,-84.8,22.8473
-19.2,-78.6,22.8449
-6.5,-84.7,22.823999999999998
-2.3,-81.7,22.802500000000002
-12.3,-78.4,22.790499999999998
-16.8,-81.2,22.7852
-8.5,-80.3,22.7746
-15.4,-80.7,22.7362
-17.9,-77.9,22.712699999999998
-15.2,-79.7,22.6715
-14.0,-83.2,22.6661
-1.9,-85.2,22.651
-13.9,-85.4,22.6492
-15.2,-81.2,22.6449
-11.7,-81.7,22.633300000000002
-17.8,-81.7,22.6179
-18.5,-70.7,22.6167
-17.2,-73.7,22.605
-15.0,-81.7,22.5973
-14.8,-77.7,22.5963
-10.3,-83.7,22.5714
-13.1,-83.2,22.5555
-17.7,-72.0,22.5385
-17.8,-78.3,22.5371
-18.6,-78.7,22.5309
-1.4,-83.1,22.5094
-6.9,-84.6,22.5065
-17.3,-74.3,22.499200000000002
-15.7,-81.5,22.4983
-19.7,-78.0,22.495
-12.8,-82.9,22.4859
-13.7,-83.5,22.4651
-12.8,-77.4,22.4607
-2.0,-85.8,22.4455
-13.5,-83.5,22.4453
-12.0,-85.1,22.4451
-12.4,-84.2,22.4406
-11.8,-82.2,22.439500000000002
-15.9,-84.9,22.4262
-19.2,-77.0,22.4163
-10.1,-82.5,22.415100000000002
-17.0,-72.6,22.3976
-15.9,-85.8,22.395400000000002
-7.3,-85.0,22.381999999999998
-16.2,-79.4,22.3467
-1.8,-81.2,22.345
-12.9,-86.0,22.3435
-17.4,-85.7,22.3404
-15.4,-84.6,22.3373
-6.4,-86.0,22.3229
-7.1,-80.4,22.3203
-12.1,-84.5,22.2991
-18.4,-77.5,22.2987
-15.8,-83.9,22.2984
-3.7,-83.9,22.268900000000002
-14.8,-81.4,22.238599999999998
-19.5,-78.5,22.2348
-10.5,-79.2,22.2285
-13.1,-85.7,22.2283
-15.1,-82.6,22.2252
-17.1,-72.4,22.2115
-14.4,-81.9,22.201700000000002
-16.3,-73.9,22.2009
-15.3,-82.0,22.1625
-12.0,-83.2,22.1587
-7.2,-80.8,22.1545
-5.0,-84.7,22.1392
-11.7,-82.7,22.1159
-6.5,-84.8,22.085900000000002
-12.8,-80.9,22.0787
-14.4,-81.8,22.0747
-18.8,-72.3,22.0734
-10.6,-82.6,22.0493
-12.6,-83.9,22.0297
-16.4,-85.4,22.0202
-12.3,-82.4,22.0035
-18.4,-72.1,21.9966
-10.3,-83.1,21.9939
-7.2,-80.0,21.979499999999998
-6.9,-84.7,21.9584
-14.5,-83.7,21.9513
-13.6,-85.0,21.9361
-11.8,-83.2,21.9325
-16.8,-82.1,21.921
-15.3,-85.3,21.8984
-17.8,-85.0,21.895899999999997
-10.8,-83.0,21.8911
-12.8,-83.5,21.8904
-7.9,-81.4,21.8814
-10.4,-82.4,21.8812
-8.2,-80.9,21.8376
-20.0,-77.3,21.8296
-1.3,-83.1,21.8226
-3.2,-81.4,21.8216
-17.7,-81.2,21.8151
-7.8,-85.6,21.8034
-7.2,-85.0,21.7805
-14.4,-77.5,21.7589
-17.9,-80.4,21.7578
-16.0,-84.2,21.730999999999998
-19.3,-78.5,21.7173
-17.9,-81.2,21.6672
-16.8,-73.0,21.662399999999998
-16.3,-85.7,21.647299999999998
-13.6,-85.1,21.630499999999998
-11.2,-82.2,21.6128
-7.5,-85.0,21.6099
-7.1,-80.6,21.5856
-11.1,-85.6,21.5824
-17.8,-71.9,21.5818
-13.1,-85.5,21.5775
-10.9,-77.8,21.5687
-1.2,-83.4,21.5559
-13.2,-85.0,21.5539
-11.7,-81.9,21.5197
-9.8,-78.4,21.4929
-18.2,-79.7,21.4481
-11.6,-83.9,21.4461
-19.5,-75.1,21.4422
-15.7,-85.1,21.4303
-11.1,-82.3,21.422
-9.8,-81.2,21.4028
-16.2,-83.8,21.3995
-16.7,-75.0,21.386699999999998
-13.8,-77.6,21.3751
-16.7,-74.3,21.3637
-14.5,-83.5,21.351200000000002
-14.1,-83.3,21.3412
-10.9,-82.8,21.3401
-4.2,-84.9,21.3391
-13.2,-85.3,21.3336
-15.9,-81.0,21.322
-11.8,-84.0,21.2851
-13.7,-77.8,21.2844
-12.6,-84.7,21.2678
-12.3,-85.6,21.2621
-11.5,-83.4,21.225
-13.8,-77.5,21.2027
-16.6,-81.3,21.180899999999998
-6.4,-85.2,21.1743
-7.4,-85.9,21.172
-12.8,-83.2,21.150199999999998
-13.5,-78.5,21.1482
-18.1,-80.5,21.1371
-7.0,-84.8,21.1323
-7.8,-80.9,21.1309
-19.3,-75.3,21.128999999999998
-19.6,-77.9,21.0789
-1.4,-84.4,21.072300000000002
-14.6,-83.6,21.0616
-13.5,-81.8,21.0519
-1.0,-81.1,21.0507
-16.8,-81.9,21.0504
-10.7,-83.6,21.0261
-13.4,-85.3,21.012900000000002
-17.5,-81.7,21.0034
-17.9,-72.7,21.0019
-18.2,-72.5,20.9948
-11.8,-84.5,20.992500000000003
-12.0,-81.7,20.977
-19.2,-76.6,20.965700000000002
-12.9,-76.7,20.9563
-9.4,-84.0,20.9529
-12.1,-81.8,20.9306
-16.8,-79.1,20.9066
-18.3,-71.2,20.8957
-5.0,-82.1,20.880200000000002
-14.2,-77.5,20.8793
-12.6,-84.5,20.8621
-16.3,-74.9,20.8557
-18.5,-72.1,20.8524
-19.9,-74.2,20.8415
-1.0,-84.1,20.8327
-16.9,-74.0,20.8277
-15.3,-82.2,20.8156
-18.0,-77.9,20.8077
-17.6,-74.6,20.8045
-6.9,-86.0,20.790300000000002
-16.6,-79.3,20.7457
-14.1,-82.8,20.7338
-13.1,-82.4,20.7073
-16.6,-75.2,20.7055
-18.3,-80.4,20.705299999999998
-11.4,-85.8,20.6948
-18.4,-83.5,20.6918
-7.8,-85.5,20.6626
-12.0,-83.3,20.646700000000003
-15.8,-81.4,20.6326
-2.0,-84.8,20.6254
-16.4,-85.8,20.6245
-17.3,-82.3,20.5982
-18.5,-77.4,20.5776
-11.5,-84.0,20.5698
-19.4,-78.4,20.5315
-10.5,-83.1,20.5277
-19.9,-77.2,20.5213
-14.1,-76.7,20.4882
-11.6,-84.2,20.485599999999998
-2.6,-80.7,20.4647
-14.9,-83.7,20.4629
-14.4,-85.4,20.4444
-13.9,-81.1,20.4418
-17.6,-81.8,20.4398
-12.2,-83.1,20.4347
-13.2,-85.5,20.4162
-6.9,-81.0,20.4027
-15.5,-81.0,20.4021
-11.1,-78.5,20.3885
-14.2,-82.0,20.3872
-20.0,-74.1,20.3734
-15.6,-81.0,20.356
-14.6,-80.0,20.351300000000002
-8.0,-81.2,20.3463
-15.5,-81.2,20.341
-14.6,-80.6,20.3325
-1.0,-83.8,20.3069
-15.9,-80.8,20.2972
-13.1,-84.8,20.296100000000003
-4.9,-82.0,20.2961
-14.9,-84.5,20.2918
-14.9,-86.0,20.279600000000002
-14.1,-79.0,20.2789
-17.7,-81.3,20.276600000000002
-12.7,-77.3,20.2244
-13.9,-85.6,20.2027
-12.7,-82.2,20.1895
-16.7,-81.1,20.1892
-1.0,-85.5,20.1845
-1.4,-83.9,20.1684
-19.2,-76.8,20.163600000000002
-14.0,-82.0,20.1137
-18.4,-71.7,20.113599999999998
-13.6,-83.6,20.096899999999998
-19.0,-77.0,20.083
-17.0,-74.4,20.0789
-3.7,-84.6,20.078599999999998
-16.5,-79.3,20.073
-16.1,-79.3,20.0679
-14.3,-77.6,20.0614
-12.6,-85.3,20.0581
-1.1,-83.4,20.0532
-15.2,-82.4,20.042099999999998
-13.0,-83.3,20.0383
-15.2,-81.9,20.008499999999998
-15.1,-81.3,19.9957
-1.0,-81.4,19.9403
-6.9,-85.3,19.9038
-12.0,-86.0,19.8968
-19.8,-77.8,19.8868
-17.5,-82.1,19.8829
-15.6,-84.2,19.866799999999998
-16.4,-79.3,19.8617
-16.0,-84.4,19.8467
-14.8,-76.4,19.8457
-12.9,-85.9,19.8339
-6.7,-85.4,19.8331
-10.1,-79.3,19.8307
-8.7,-80.0,19.8248
-14.3,-77.3,19.8199
-7.5,-85.2,19.8183
-11.5,-83.5,19.802999999999997
-16.1,-83.5,19.8024
-10.0,-83.6,19.7917
-9.2,-78.7,19.7749
-7.5,-85.7,19.764
-18.4,-77.7,19.7333
-19.3,-78.4,19.7241
-14.1,-84.5,19.7203
-8.1,-79.9,19.7111
-17.8,-81.8,19.692700000000002
-16.3,-86.0,19.6812
-15.2,-82.3,19.6725
-14.1,-82.0,19.6437
-1.3,-83.4,19.641
-10.8,-83.1,19.6238
-10.2,-82.4,19.6199
-8.0,-80.8,19.6087
-15.8,-81.3,19.598799999999997
-14.0,-82.8,19.563399999999998
-7.9,-85.5,19.5556
-13.6,-82.1,19.5381
-15.3,-83.2,19.525499999999997
-18.1,-80.8,19.522
-7.3,-85.9,19.5073
-17.7,-82.0,19.5025
-8.6,-79.0,19.4969
-16.4,-81.0,19.4949
-15.7,-81.0,19.4901
-18.3,-80.6,19.47
-15.7,-83.0,19.4685
-2.0,-84.9,19.4545
-16.7,-84.0,19.4404
-12.1,-85.5,19.4396
-10.8,-82.4,19.4388
-14.9,-80.3,19.4322
-18.3,-79.7,19.429000000000002
-4.7,-84.9,19.4191
-16.4,-75.2,19.404899999999998
-15.4,-83.2,19.401
-9.7,-83.8,19.378999999999998
-19.8,-74.6,19.3618
-17.8,-84.9,19.3503
-11.8,-81.8,19.3114
-15.3,-82.7,19.2852
-12.6,-82.3,19.2561
-12.3,-82.6,19.2442
-10.3,-82.6,19.2392
-17.7,-78.4,19.1949
-16.2,-85.6,19.1931
-6.5,-85.3,19.1915
-13.6,-85.2,19.1907
-18.1,-80.1,19.1797
-18.1,-80.3,19.1714
-12.5,-77.5,19.159
-14.6,-76.5,19.145300000000002
-7.8,-85.4,19.142300000000002
-9.5,-80.6,19.137
-15.1,-82.4,19.1359
-13.9,-82.0,19.127200000000002
-17.7,-81.9,19.1198
-15.6,-82.1,19.118499999999997
-15.1,-84.6,19.0943
-19.3,-76.8,19.0594
-8.5,-80.8,19.0569
-13.3,-82.2,19.0015
-3.5,-81.3,18.9969
-13.8,-85.1,18.984
-14.0,-77.9,18.9819
-3.6,-84.2,18.9791
-17.5,-74.2,18.9632
-7.5,-85.1,18.9608
-16.9,-73.2,18.9594
-19.5,-79.1,18.9224
-18.2,-72.3,18.9066
-7.1,-85.0,18.9023
-12.4,-83.4,18.8786
-14.0,-83.1,18.8738
-10.3,-78.9,18.8676
-9.9,-84.2,18.86
-15.6,-82.7,18.8462
-13.4,-82.0,18.8447
-8.2,-79.2,18.8356
-13.9,-83.1,18.8219
-10.8,-78.6,18.8197
-13.2,-85.6,18.8169
-15.8,-83.7,18.808500000000002
-12.3,-85.7,18.7926
-15.3,-81.7,18.7879
-8.1,-79.3,18.783
-13.9,-83.4,18.75
-18.0,-72.7,18.746199999999998
-12.9,-84.2,18.7342
-15.0,-82.4,18.7118
-14.8,-84.4,18.7089
-19.6,-75.0,18.6864
-19.5,-78.6,18.6852
-11.7,-82.4,18.6742
-15.8,-79.4,18.6716
-8.4,-81.0,18.6712
-19.3,-76.9,18.6658
-12.5,-85.2,18.6655
-19.2,-83.2,18.6469
-15.7,-81.6,18.6448
-14.3,-82.8,18.6428
-13.7,-82.9,18.632
-14.2,-77.7,18.6249
-15.8,-83.8,18.600700000000003
-17.3,-78.8,18.592399999999998
-14.7,-77.7,18.5871
-5.7,-83.9,18.538500000000003
-15.2,-80.8,18.5275
-12.6,-84.6,18.498800000000003
-14.5,-77.3,18.4914
-15.7,-82.9,18.489
-20.0,-77.2,18.4888
-19.4,-78.8,18.4776
-12.9,-84.1,18.471
-15.5,-80.5,18.465600000000002
-7.9,-82.2,18.4652
-12.2,-84.6,18.428400000000003
-12.7,-83.3,18.4265
-7.9,-79.5,18.4221
-12.4,-81.4,18.4217
-16.5,-85.8,18.4134
-14.7,-76.4,18.4116
-15.6,-81.7,18.398200000000003
-15.9,-82.6,18.3944
-13.2,-79.2,18.3434
-7.7,-81.8,18.3429
-10.8,-83.3,18.3375
-18.4,-79.5,18.3215
-13.3,-82.7,18.307699999999997
-1.3,-82.3,18.2937
-13.8,-85.4,18.2768
-15.5,-80.9,18.2749
-7.8,-84.8,18.2603
-7.5,-84.9,18.2481
-12.4,-84.7,18.2253
-11.7,-82.5,18.2227
-14.8,-82.6,18.210099999999997
-17.2,-73.8,18.183799999999998
-3.2,-80.3,18.1759
-10.8,-83.4,18.1695
-14.6,-85.0,18.148600000000002
-12.1,-81.6,18.1367
-16.1,-84.1,18.1356
-8.3,-80.7,18.1342
-6.4,-84.7,18.1187
-1.8,-85.4,18.1068
-18.7,-72.6,18.0984
-16.7,-83.4,18.096799999999998
-14.7,-77.8,18.0865
-18.8,-72.7,18.0739
-19.1,-79.9,18.064999999999998
-11.6,-77.3,18.0555
-16.6,-82.6,18.048
-15.8,-81.9,18.033
-15.5,-82.3,18.031
-17.4,-82.5,18.0214
-17.0,-79.0,18.018
-1.0,-81.2,17.9863
-12.3,-81.3,17.9834
-17.2,-73.4,17.979
-15.4,-82.1,17.978700000000003
-12.3,-81.5,17.9625
-11.4,-79.8,17.959899999999998
-18.0,-85.5,17.9439
-19.1,-78.7,17.9432
-14.3,-77.8,17.9165
-11.0,-78.3,17.9148
-18.7,-76.8,17.8998
-3.8,-83.9,17.8982
-14.2,-77.6,17.897100000000002
-9.9,-79.5,17.8829
-18.1,-85.6,17.880699999999997
-1.6,-81.4,17.88
-5.0,-82.2,17.869
-12.1,-85.4,17.8467
-14.6,-83.0,17.8339
-10.7,-82.4,17.8312
-15.9,-85.0,17.820999999999998
-13.8,-83.2,17.808600000000002
-17.6,-78.5,17.796300000000002
-14.4,-80.1,17.771
-10.2,-82.5,17.766199999999998
-1.3,-81.9,17.7379
-12.6,-78.5,17.7271
-17.1,-74.6,17.7175
-10.4,-82.3,17.6997
-7.7,-85.1,17.6902
-6.9,-84.8,17.6581
-3.3,-84.3,17.6416
-16.2,-85.1,17.6353
-17.2,-74.2,17.6282
-19.4,-78.6,17.627200000000002
-16.8,-75.0,17.622999999999998
-19.9,-78.6,17.6006
-17.9,-81.3,17.5962
-15.2,-83.7,17.5937
-11.3,-83.3,17.5876
-11.8,-85.6,17.5733
-19.2,-83.3,17.5716
-15.3,-85.9,17.5454
-6.5,-81.3,17.5193
-13.8,-77.9,17.5121
-15.1,-85.0,17.512
-14.5,-77.9,17.5091
-11.5,-82.8,17.4951
-19.8,-74.4,17.489
-11.5,-83.0,17.4812
-11.6,-85.7,17.4804
-14.6,-76.2,17.4655
-16.2,-85.2,17.465400000000002
-19.3,-83.2,17.4365
-12.3,-82.5,17.4341
-13.4,-78.0,17.4232
-18.3,-72.1,17.4019
-1.2,-84.3,17.398200000000003
-17.0,-73.6,17.398200000000003
-18.2,-77.8,17.3979
-14.2,-76.6,17.3749
-11.5,-81.9,17.3703
-13.7,-82.2,17.3617
-15.0,-81.4,17.3587
-11.7,-83.3,17.3296
-15.6,-81.1,17.320999999999998
-11.7,-81.8,17.3129
-17.9,-81.7,17.2848
-7.3,-81.1,17.261599999999998
-14.1,-81.8,17.2562
-1.1,-84.5,17.2459
-1.5,-83.1,17.2411
-1.0,-84.7,17.238999999999997
-13.8,-76.8,17.2379
-15.0,-82.8,17.2319
-11.4,-83.1,17.2237
-13.9,-79.0,17.2067
-14.6,-83.3,17.2028
-17.0,-72.9,17.202199999999998
-15.0,-77.0,17.1988
-12.0,-82.2,17.1872
-14.7,-77.3,17.1865
-13.3,-81.9,17.1727
-6.6,-86.0,17.1691
-14.7,-82.9,17.1634
-16.5,-85.3,17.1629
-16.8,-73.8,17.1602
-12.9,-82.8,17.1419
-17.2,-74.3,17.1194
-1.4,-83.0,17.1186
-1.0,-83.0,17.110799999999998
-3.4,-81.3,17.0985
-12.0,-83.8,17.098300000000002
-16.0,-76.0,17.0889
-16.4,-85.7,17.0614
-12.0,-82.9,17.0595
-3.4,-81.1,17.0461
-8.5,-81.1,17.033099999999997
-13.2,-78.7,17.0325
-18.4,-79.6,17.0318
-9.1,-83.6,17.0278
-7.5,-82.0,17.0074
-12.2,-82.6,17.0014
-15.1,-81.5,16.9952
-8.8,-84.8,16.9741
-12.8,-77.5,16.9725
-7.9,-82.1,16.97
-16.7,-81.4,16.962899999999998
-11.6,-84.0,16.9567
-19.2,-77.1,16.944200000000002
-18.5,-72.0,16.9409
-14.1,-78.9,16.9193
-14.5,-85.7,16.9145
-10.5,-82.5,16.9104
-10.7,-83.2,16.9007
-15.3,-84.8,16.893500000000003
-17.8,-79.6,16.8926
-14.8,-76.8,16.891199999999998
-19.8,-70.7,16.8878
-12.3,-83.4,16.8858
-12.0,-78.1,16.8718
-1.1,-84.4,16.8692
-16.4,-79.2,16.8352
-15.3,-81.2,16.819
-15.7,-83.7,16.7962
-17.6,-85.7,16.7853
-12.2,-85.1,16.7822
-15.9,-76.6,16.773600000000002
-13.5,-77.8,16.767699999999998
-4.0,-83.9,16.7652
-18.2,-80.7,16.755300000000002
-17.4,-74.5,16.747999999999998
-12.5,-84.7,16.7435
-12.9,-83.0,16.7331
-17.3,-82.2,16.7235
-1.7,-80.9,16.7202
-11.1,-77.7,16.712600000000002
-11.6,-78.4,16.7119
-11.9,-82.1,16.6993
-18.2,-80.9,16.6875
-6.1,-81.6,16.6677
-16.5,-81.0,16.6652
-14.2,-82.2,16.6617
-18.6,-74.0,16.646
-13.6,-85.3,16.6389
-12.3,-84.9,16.6106
-16.8,-73.7,16.609
-19.7,-82.7,16.6
-11.5,-84.1,16.599600000000002
-3.4,-84.0,16.5863
-19.4,-79.1,16.5722
-19.6,-78.0,16.5531
-1.4,-84.3,16.5303
-3.9,-81.3,16.528399999999998
-15.5,-84.1,16.5173
-18.2,-71.5,16.5019
-1.0,-84.6,16.4938
-15.5,-85.7,16.4745
-18.2,-80.5,16.474
-17.3,-73.8,16.462
-12.8,-82.5,16.4585
-11.6,-84.3,16.4548
-3.0,-81.8,16.4452
-18.3,-77.5,16.431
-18.1,-80.7,16.4239
-11.3,-83.5,16.4068
-14.4,-80.4,16.3988
-17.5,-73.9,16.3779
-7.5,-79.7,16.373
-17.7,-74.6,16.3662
-13.4,-78.2,16.3658
-12.1,-83.3,16.363500000000002
-12.6,-78.4,16.3614
-10.2,-79.1,16.3601
-6.2,-81.5,16.3358
-17.6,-85.8,16.3345
-9.8,-78.9,16.3318
-17.9,-81.6,16.331
-12.8,-83.7,16.3264
-13.5,-83.2,16.316200000000002
-14.0,-81.8,16.3137
-1.0,-85.3,16.3074
-17.3,-73.6,16.3066
-16.5,-83.7,16.3015
-1.2,-83.9,16.2956
-13.9,-81.8,16.294999999999998
-19.6,-75.2,16.2946
-17.0,-82.2,16.2806
-7.6,-85.1,16.2741
-13.7,-77.6,16.2698
-10.8,-84.8,16.2686
-18.3,-77.6,16.2649
-14.4,-82.4,16.2629
-13.2,-85.9,16.2351
-16.9,-74.4,16.2254
-17.7,-74.5,16.209600000000002
-1.0,-82.6,16.1949
-15.5,-85.5,16.1758
-19.1,-70.5,16.169800000000002
-16.1,-84.6,16.1523
-19.1,-77.1,16.1494
-13.3,-78.1,16.1343
-10.3,-79.1,16.1274
-18.4,-77.8,16.1162
-8.9,-80.4,16.1125
-16.4,-81.3,16.1111
-17.0,-78.9,16.1058
-13.1,-83.5,16.1039
-14.9,-83.6,16.1012
-12.2,-85.7,16.098399999999998
-16.4,-85.5,16.0977
-19.1,-77.0,16.092
-13.2,-82.4,16.0913
-15.8,-82.6,16.0881
-16.3,-85.5,16.0876
-10.7,-83.8,16.0705
-11.9,-78.3,16.0644
-17.8,-85.4,16.0526
-17.7,-81.4,15.999500000000001
-16.3,-81.6,15.9387
-16.1,-84.7,15.9305
-12.3,-85.0,15.897499999999999
-2.8,-81.2,15.8749
-11.2,-77.7,15.865300000000001
-17.3,-73.5,15.8642
-14.4,-78.0,15.848600000000001
-7.9,-81.7,15.8408
-12.3,-78.3,15.8368
-10.2,-83.2,15.8321
-7.6,-81.1,15.831700000000001
-14.4,-80.3,15.8271
-18.6,-77.0,15.818999999999999
-13.8,-85.5,15.814600000000002
-2.1,-81.6,15.8123
-3.2,-81.6,15.8046
-14.4,-82.8,15.794699999999999
-18.2,-77.7,15.7873
-17.2,-82.4,15.7807
-6.7,-84.5,15.756400000000001
-15.7,-82.3,15.756
-18.0,-77.8,15.750599999999999
-14.6,-85.1,15.7458
-17.0,-72.8,15.7445
-19.7,-77.9,15.7383
-18.0,-79.7,15.730599999999999
-16.9,-85.8,15.720999999999998
-12.2,-85.0,15.707899999999999
-19.8,-82.6,15.7007
-14.6,-85.5,15.6846
-3.7,-84.0,15.6845
-12.8,-84.0,15.6818
-13.7,-81.7,15.674999999999999
-17.1,-74.1,15.658999999999999
-19.0,-79.2,15.646899999999999
-18.3,-71.4,15.6219
-18.7,-78.9,15.621400000000001
-16.0,-84.5,15.6081
-13.4,-82.9,15.5749
-10.0,-83.9,15.5748
-18.0,-81.1,15.569200000000002
-16.1,-85.8,15.5535
-9.4,-83.9,15.548499999999999
-16.6,-81.1,15.5427
-12.2,-83.0,15.5241
-18.8,-78.8,15.516200000000001
-13.3,-83.3,15.5131
-19.1,-83.1,15.5075
-2.9,-81.3,15.507
-17.2,-82.3,15.497900000000001
-1.9,-81.2,15.4959
-18.7,-70.6,15.491999999999999
-1.6,-83.4,15.491800000000001
-12.6,-83.6,15.4778
-10.8,-83.2,15.4762
-15.6,-81.6,15.4631
-13.7,-83.1,15.4609
-16.5,-81.4,15.4525
-19.3,-83.3,15.4504
-19.3,-70.4,15.4453
-18.7,-77.1,15.4452
-13.7,-83.6,15.437000000000001
-15.8,-80.6,15.4359
-8.0,-85.4,15.3973
-16.6,-75.4,15.3947
-13.5,-77.9,15.386
-13.7,-82.5,15.3797
-19.0,-77.3,15.362
-14.1,-85.4,15.354199999999999
-9.8,-79.7,15.3332
-16.3,-74.8,15.3255
-13.6,-83.1,15.3236
-17.1,-74.2,15.3125
-17.3,-73.9,15.3031
-12.4,-84.6,15.299
-3.6,-83.7,15.2968
-10.2,-83.1,15.2876
-11.9,-79.1,15.2722
-8.3,-79.1,15.2696
-9.6,-83.2,15.250499999999999
-7.8,-81.1,15.2476
-7.6,-82.1,15.2395
-18.7,-85.2,15.2243
-4.3,-85.1,15.2238
-13.6,-78.0,15.2078
-9.2,-86.0,15.1976
-18.1,-79.5,15.1714
-4.0,-83.4,15.153500000000001
-17.7,-74.4,15.149799999999999
-15.9,-84.5,15.1395
-12.5,-84.9,15.1363
-6.4,-84.8,15.1292
-11.8,-82.0,15.1239
-8.4,-81.1,15.1158
-16.0,-84.9,15.1129
-15.3,-81.4,15.0943
-11.4,-79.2,15.0867
-15.0,-83.1,15.084999999999999
-4.1,-85.1,15.0779
-18.9,-79.0,15.061399999999999
-9.0,-81.0,15.0438
-13.2,-85.1,15.0319
-6.8,-85.4,15.0138
-2.7,-81.4,15.005199999999999
-18.0,-85.7,14.9779
-15.7,-82.6,14.9521
-12.6,-84.8,14.9273
-18.0,-71.3,14.9145
-16.2,-84.5,14.908999999999999
-8.9,-80.6,14.9071
-18.4,-71.1,14.9032
-1.0,-84.2,14.8787
-14.4,-82.2,14.8783
-16.1,-81.2,14.8682
-11.9,-85.9,14.8643
-18.0,-71.9,14.8585
-15.6,-82.6,14.854600000000001
-7.5,-82.1,14.8466
-16.7,-75.1,14.8426
-11.2,-83.8,14.8393
-14.8,-84.9,14.826799999999999
-13.0,-83.4,14.8168
-15.6,-85.5,14.8051
-13.3,-77.3,14.803999999999998
-7.2,-81.1,14.7552
-14.0,-77.5,14.7526
-9.8,-83.8,14.7329
-16.8,-73.6,14.7315
-13.8,-83.1,14.7294
-16.0,-80.6,14.695400000000001
-3.6,-81.0,14.6913
-17.9,-77.8,14.674399999999999
-10.2,-82.6,14.668099999999999
-11.9,-79.0,14.6518
-6.2,-86.0,14.6512
-18.7,-76.9,14.6509
-17.1,-81.8,14.649700000000001
-16.3,-81.3,14.6307
-13.5,-82.2,14.6296
-13.1,-77.3,14.613199999999999
-15.9,-80.9,14.595699999999999
-3.5,-81.2,14.5904
-14.8,-85.8,14.5883
-17.8,-85.7,14.581000000000001
-19.8,-74.5,14.545000000000002
-3.8,-81.2,14.5397
-14.1,-77.6,14.5345
-13.5,-78.6,14.5268
-18.3,-73.9,14.5183
-19.4,-82.9,14.5163
-1.4,-84.5,14.5067
-7.6,-85.9,14.5001
-19.4,-70.6,14.497900000000001
-4.8,-81.8,14.491
-15.4,-82.0,14.489899999999999
-18.7,-79.2,14.488100000000001
-11.4,-84.2,14.460899999999999
-16.7,-84.2,14.460700000000001
-13.8,-78.8,14.4546
-16.0,-85.4,14.4503
-7.1,-80.9,14.4449
-5.0,-82.0,14.442300000000001
-4.1,-84.8,14.4402
-15.4,-83.3,14.427999999999999
-12.6,-79.2,14.418199999999999
-18.7,-75.8,14.4123
-17.2,-73.5,14.4058
-13.6,-82.7,14.404700000000002
-17.9,-80.5,14.400800000000002
-17.2,-82.5,14.3979
-14.6,-82.5,14.3915
-16.5,-81.3,14.3842
-15.8,-84.5,14.3727
-16.9,-72.6,14.3633
-12.6,-79.6,14.3551
-18.4,-73.6,14.329600000000001
-11.0,-82.4,14.3173
-1.7,-81.2,14.311700000000002
-18.7,-72.3,14.304400000000001
-13.5,-78.1,14.301
-2.4,-81.1,14.2635
-15.8,-82.9,14.2632
-4.6,-84.9,14.2619
-14.5,-77.8,14.2578
-2.6,-81.3,14.2498
-14.5,-77.5,14.2402
-14.9,-81.3,14.2391
-2.0,-81.3,14.2366
-15.2,-81.3,14.2336
-15.5,-83.5,14.2182
-11.1,-79.1,14.2141
-13.8,-81.8,14.2122
-10.6,-83.1,14.2103
-14.8,-82.9,14.1982
-11.9,-83.0,14.194199999999999
-15.4,-82.9,14.192
-12.1,-85.2,14.177999999999999
-4.5,-85.1,14.1496
-4.2,-85.1,14.1463
-10.7,-82.5,14.133600000000001
-15.8,-86.0,14.122
-12.7,-77.7,14.1085
-2.3,-81.4,14.0926
-7.4,-81.5,14.084
-13.5,-78.0,14.082
-13.1,-77.5,14.0495
-16.0,-79.3,14.0481
-12.3,-77.1,14.0436
-7.8,-81.5,14.0367
-16.8,-73.1,14.0068
-18.8,-77.2,13.9868
-14.9,-82.4,13.9833
-10.5,-83.9,13.982099999999999
-2.4,-81.5,13.980400000000001
-11.9,-78.0,13.968
-11.6,-77.4,13.955
-16.7,-81.0,13.9292
-18.0,-73.6,13.9248
-6.6,-84.8,13.9209
-5.0,-81.9,13.918700000000001
-3.7,-84.2,13.9182
-1.9,-85.7,13.917300000000001
-16.1,-84.9,13.9171
-16.8,-82.2,13.9129
-7.6,-85.8,13.9122
-13.9,-81.7,13.9092
-14.7,-76.2,13.894200000000001
-20.0,-70.6,13.8933
-8.1,-80.0,13.891
-11.4,-83.3,13.8891
-18.5,-83.4,13.888300000000001
-13.2,-84.6,13.8879
-14.8,-80.3,13.885100000000001
-2.4,-81.3,13.8796
-14.5,-77.4,13.8786
-8.7,-80.8,13.8768
-16.8,-73.4,13.8672
-11.3,-85.6,13.8665
-16.7,-83.9,13.864
-12.6,-83.5,13.8395
-11.1,-78.9,13.8163
-14.3,-77.7,13.8152
-7.6,-84.8,13.8108
-9.7,-83.5,13.8081
-19.3,-78.6,13.801000000000002
-14.6,-77.1,13.7983
-16.4,-81.2,13.7844
-12.4,-78.6,13.7843
-11.3,-85.4,13.7806
-20.0,-78.5,13.774000000000001
-15.6,-82.2,13.7594
-16.5,-85.5,13.759
-1.0,-84.3,13.7407
-15.0,-83.3,13.7357
-14.6,-86.0,13.7288
-14.5,-82.0,13.7267
-18.8,-79.9,13.7134
-15.2,-82.5,13.7076
-17.0,-81.9,13.699000000000002
-18.8,-70.6,13.697099999999999
-17.0,-78.8,13.6923
-16.9,-73.4,13.685400000000001
-14.4,-82.3,13.682599999999999
-18.9,-79.9,13.678799999999999
-7.0,-84.9,13.6586
-11.1,-79.0,13.656199999999998
-9.7,-84.3,13.6484
-15.5,-82.0,13.635299999999999
-3.0,-81.4,13.626
-13.7,-77.4,13.6251
-19.4,-83.0,13.616900000000001
-11.7,-85.9,13.6119
-9.5,-79.3,13.6116
-17.9,-82.6,13.608
-15.7,-81.4,13.5938
-13.3,-78.7,13.592500000000001
-18.8,-77.1,13.5853
-7.3,-86.0,13.5851
-6.6,-85.0,13.5839
-16.5,-73.4,13.5823
-7.5,-84.8,13.5816
-15.1,-81.4,13.573
-19.2,-78.9,13.5634
-18.7,-80.4,13.562
-12.1,-83.7,13.5581
-15.4,-85.5,13.5562
-18.3,-81.0,13.549400000000002
-18.8,-79.8,13.5466
-17.1,-78.8,13.5421
-3.9,-84.9,13.527600000000001
-11.8,-82.5,13.5204
-11.0,-85.2,13.5176
-15.0,-86.0,13.505700000000001
-14.3,-81.9,13.4897
-15.4,-80.8,13.4896
-13.2,-79.7,13.4885
-15.6,-77.3,13.4878
-13.8,-82.9,13.487300000000001
-17.4,-81.7,13.4859
-18.4,-72.5,13.4795
-4.7,-82.4,13.477500000000001
-4.6,-85.2,13.474400000000001
-18.4,-73.8,13.4693
-16.4,-74.3,13.4509
-12.6,-82.4,13.4442
-15.4,-81.4,13.427299999999999
-18.2,-77.9,13.4267
-16.6,-85.9,13.4262
-1.5,-83.0,13.4122
-1.1,-84.3,13.4028
-14.8,-83.5,13.400200000000002
-11.6,-84.5,13.3804
-7.3,-84.6,13.3625
-3.3,-80.5,13.360899999999999
-3.9,-83.6,13.3408
-10.1,-83.3,13.336
-18.4,-72.6,13.3345
-2.1,-81.5,13.3335
-14.8,-83.3,13.321800000000001
-12.3,-84.6,13.3195
-13.5,-82.3,13.3148
-14.7,-77.9,13.3143
-10.5,-83.0,13.31
-16.8,-74.3,13.3073
-10.9,-82.6,13.286100000000001
-15.4,-82.2,13.2835
-11.2,-85.9,13.270900000000001
-9.3,-79.9,13.2604
-13.8,-82.8,13.2595
-17.6,-81.7,13.2589
-14.1,-77.5,13.2537
-7.1,-85.1,13.253
-13.8,-79.0,13.2404
-11.9,-82.4,13.232500000000002
-14.7,-76.3,13.1992
-17.2,-78.9,13.1952
-14.0,-82.2,13.194299999999998
-19.7,-84.8,13.1873
-13.2,-83.2,13.1809
-10.1,-83.6,13.1804
-9.8,-84.2,13.176599999999999
-16.5,-83.4,13.1718
-19.2,-76.5,13.1655
-18.3,-77.7,13.1613
-10.4,-79.8,13.1589
-11.8,-85.3,13.1518
-13.9,-76.8,13.146999999999998
-16.0,-84.7,13.1385
-18.1,-81.4,13.1369
-2.5,-80.7,13.129
-16.2,-85.5,13.1229
-13.8,-82.7,13.1169
-18.5,-79.5,13.1156
-20.0,-86.0,13.1077
-13.6,-83.3,13.0983
-7.2,-86.0,13.081199999999999
-1.2,-83.5,13.0734
-15.5,-81.7,13.0665
-18.9,-83.3,13.0576
-16.2,-84.6,13.050699999999999
-11.5,-83.6,13.0365
-18.0,-84.5,13.035600000000002
-14.2,-80.0,13.034
-6.8,-85.1,13.0311
-3.1,-81.5,13.0292
-11.7,-84.2,13.0261
-3.3,-81.2,13.025599999999999
-15.6,-82.0,13.0072
-6.9,-80.7,13.006599999999999
-17.9,-71.9,13.0033
-15.5,-76.2,13.0031
-19.8,-70.9,13.0029
-11.8,-84.6,12.982199999999999
-8.2,-81.0,12.9728
-19.3,-83.0,12.9494
-16.6,-73.5,12.9236
-16.1,-81.1,12.9133
-15.5,-85.1,12.906399999999998
-12.0,-83.9,12.8978
-15.5,-81.3,12.8862
-14.3,-82.0,12.8722
-17.9,-71.3,12.862300000000001
-3.5,-83.7,12.8413
-14.9,-81.4,12.8394
-8.1,-85.2,12.837900000000001
-19.1,-83.3,12.8316
-16.3,-83.7,12.8268
-14.5,-76.2,12.822799999999999
-2.5,-81.3,12.8171
-10.2,-79.3,12.8118
-11.7,-83.7,12.8048
-13.1,-85.6,12.782
-18.3,-80.9,12.7657
-15.7,-82.5,12.7614
-17.5,-72.6,12.7493
-18.3,-79.6,12.7446
-6.4,-85.1,12.733
-17.2,-81.6,12.7285
-18.0,-78.0,12.7257
-14.8,-83.9,12.7187
-11.6,-83.4,12.7085
-11.9,-81.3,12.7042
-1.3,-82.8,12.6987
-1.1,-84.0,12.6954
-10.6,-79.1,12.686399999999999
-15.9,-80.6,12.6849
-7.5,-85.9,12.6795
-4.3,-83.6,12.6786
-16.7,-73.9,12.6714
-18.4,-77.4,12.6707
-8.3,-81.2,12.6698
-14.4,-79.3,12.6675
-17.6,-82.0,12.6609
-14.0,-82.9,12.6608
-13.2,-78.8,12.642900000000001
-11.6,-86.0,12.6413
-13.2,-85.8,12.6355
-15.3,-80.8,12.6256
-14.1,-82.1,12.6155
-9.8,-84.4,12.6142
-1.0,-84.5,12.6086
-14.6,-78.0,12.6046
-12.9,-85.7,12.6016
-11.2,-85.7,12.5871
-18.0,-85.1,12.5855
-13.5,-80.7,12.5799
-17.3,-82.5,12.5761
-14.7,-76.5,12.5733
-15.3,-76.2,12.5726
-6.8,-85.2,12.571800000000001
-16.4,-84.6,12.5707
-18.0,-71.2,12.570599999999999
-17.7,-83.1,12.5679
-9.9,-82.7,12.5642
-15.5,-83.0,12.552999999999999
-16.1,-81.7,12.5429
-15.7,-82.7,12.5398
-12.7,-83.4,12.5394
-17.3,-78.5,12.5393
-7.9,-80.8,12.5305
-16.3,-85.0,12.5235
-19.3,-79.1,12.5215
-17.9,-73.2,12.5141
-16.9,-81.0,12.5125
-14.1,-77.9,12.4995
-11.6,-83.3,12.488900000000001
-17.5,-85.8,12.4551
-9.2,-80.0,12.4493
-18.3,-77.8,12.4384
-9.7,-80.7,12.430399999999999
-14.4,-80.7,12.4168
-12.1,-85.8,12.4146
-2.5,-85.9,12.3912
-19.0,-76.9,12.386199999999999
-16.7,-84.1,12.3818
-9.0,-83.7,12.3804
-12.9,-77.3,12.369299999999999
-11.2,-82.3,12.3626
-18.0,-72.4,12.350200000000001
-18.5,-83.5,12.3494
-3.9,-84.6,12.336300000000001
-15.5,-84.9,12.3343
-17.7,-85.2,12.3321
-14.4,-79.2,12.318800000000001
-17.3,-82.0,12.3185
-18.5,-80.5,12.317
-18.6,-77.4,12.3138
-12.7,-77.8,12.2985
-15.1,-82.5,12.2934
-13.3,-79.3,12.2754
-15.7,-84.9,12.2732
-7.7,-80.2,12.2677
-15.0,-83.2,12.264800000000001
-14.9,-83.9,12.260399999999999
-1.1,-82.6,12.26
-13.7,-82.6,12.2487
-17.5,-82.6,12.2471
-18.1,-77.6,12.239600000000001
-9.3,-81.2,12.2381
-19.0,-80.3,12.2334
-17.1,-74.7,12.2226
-12.8,-82.2,12.211
-18.9,-77.0,12.2064
-1.3,-84.3,12.194600000000001
-16.6,-74.0,12.1918
-13.9,-80.6,12.1917
-2.7,-81.6,12.1915
-17.4,-73.5,12.1854
-15.2,-84.7,12.180200000000001
-17.4,-73.3,12.1614
-2.1,-85.9,12.1557
-11.3,-85.8,12.154300000000001
-18.6,-79.5,12.1442
-19.8,-78.5,12.141
-3.7,-83.8,12.1333
-11.2,-83.5,12.126000000000001
-9.7,-81.6,12.1252
-16.3,-84.5,12.1213
-16.9,-82.0,12.116
-1.3,-83.6,12.0897
-15.1,-83.4,12.0891
-8.8,-81.3,12.085999999999999
-17.9,-78.0,12.080400000000001
-10.0,-84.1,12.0778
-12.7,-78.1,12.069099999999999
-10.7,-83.0,12.0509
-10.7,-85.6,12.0451
-16.3,-81.0,12.0415
-15.7,-81.1,12.0404
-16.5,-84.5,12.025
-18.0,-81.3,12.0179
-3.7,-82.1,12.0155
-15.9,-75.9,12.0115
-3.0,-81.6,12.0107
-18.6,-77.3,11.9879
-5.2,-83.0,11.9816
-11.8,-78.3,11.9721
-18.5,-79.3,11.9708
-11.8,-82.3,11.969000000000001
-10.6,-82.5,11.9655
-16.1,-81.4,11.9615
-4.3,-82.2,11.956
-17.1,-73.4,11.9298
-10.3,-83.0,11.9264
-16.3,-81.7,11.926
-14.7,-78.1,11.9127
-19.5,-82.9,11.8967
-8.8,-80.4,11.8904
-16.4,-84.9,11.8869
-4.9,-82.2,11.8768
-1.7,-85.6,11.8679
-17.1,-78.9,11.866299999999999
-14.9,-82.5,11.8658
-5.8,-84.1,11.863
-1.0,-83.3,11.8592
-15.6,-82.9,11.8513
-11.4,-79.6,11.8469
-18.0,-80.3,11.8443
-18.8,-82.5,11.831100000000001
-14.8,-83.6,11.826
-18.1,-85.5,11.8079
-19.6,-82.8,11.8031
-18.5,-77.6,11.8025
-1.3,-84.5,11.797699999999999
-1.2,-84.0,11.797
-9.8,-83.6,11.7942
-12.8,-82.4,11.7849
-1.0,-83.1,11.7638
-14.5,-82.1,11.7559
-12.8,-81.0,11.749400000000001
-18.6,-71.8,11.7327
-14.5,-76.4,11.7311
-14.1,-76.5,11.7283
-17.2,-74.6,11.7261
-13.2,-82.3,11.7212
-18.6,-78.8,11.718399999999999
-18.8,-80.2,11.7158
-13.6,-84.0,11.7131
-15.7,-85.3,11.704899999999999
-19.5,-78.3,11.6998
-13.6,-79.0,11.6949
-12.6,-79.7,11.6937
-10.1,-79.4,11.6932
-19.4,-75.2,11.693100000000001
-1.4,-81.3,11.6921
-12.0,-78.3,11.684099999999999
-18.5,-77.5,11.675
-17.0,-82.1,11.673
-14.0,-85.6,11.6675
-18.1,-73.9,11.6658
-15.6,-81.9,11.6571
-18.6,-80.3,11.6466
-15.7,-83.3,11.6394
-7.9,-85.1,11.6336
-12.6,-78.2,11.6267
-13.9,-77.0,11.6123
-16.1,-85.4,11.6114
-12.0,-79.1,11.6051
-18.6,-79.2,11.5985
-15.5,-81.6,11.5968
-10.4,-82.7,11.5923
-11.8,-85.8,11.5857
-3.4,-81.2,11.5801
-8.6,-85.0,11.5788
-14.7,-82.3,11.5768
-19.6,-78.3,11.569600000000001
-8.9,-84.2,11.566899999999999
-11.1,-83.2,11.5638
-13.7,-81.8,11.5516
-9.8,-84.3,11.5491
-2.1,-81.3,11.5487
-7.0,-80.7,11.5458
-13.1,-83.0,11.5443
-9.8,-83.7,11.52
-13.1,-80.1,11.4966
-3.0,-84.1,11.4946
-19.7,-78.2,11.474900000000002
-11.8,-84.4,11.4747
-14.9,-77.7,11.4689
-4.8,-82.4,11.4481
-15.8,-76.2,11.4443
-18.4,-83.3,11.4396
-1.6,-80.9,11.4377
-13.6,-78.2,11.4347
-15.9,-76.2,11.4344
-18.1,-77.9,11.431799999999999
-14.9,-83.0,11.425799999999999
-11.6,-83.8,11.411000000000001
-10.5,-82.9,11.4057
-3.0,-81.5,11.390799999999999
-16.2,-79.3,11.3889
-9.5,-80.5,11.3879
-12.4,-77.5,11.3856
-15.6,-86.0,11.383700000000001
-17.3,-74.8,11.3836
-19.6,-78.4,11.3668
-6.1,-84.5,11.364700000000001
-15.8,-80.9,11.363100000000001
-15.6,-82.8,11.3618
-9.7,-80.8,11.354700000000001
-13.2,-79.1,11.3532
-14.5,-81.9,11.350900000000001
-17.2,-82.2,11.3445
-18.6,-79.1,11.3203
-16.0,-75.1,11.307300000000001
-16.6,-83.5,11.3007
-15.5,-83.8,11.2996
-19.2,-70.5,11.2986
-14.5,-78.0,11.296700000000001
-15.6,-76.7,11.2882
-11.7,-84.5,11.2861
-18.5,-79.7,11.2698
-12.2,-82.7,11.2672
-15.5,-81.5,11.256
-16.5,-85.2,11.2538
-8.3,-84.9,11.251000000000001
-16.7,-74.6,11.2432
-13.2,-84.4,11.2258
-14.5,-82.6,11.2226
-15.5,-85.2,11.2082
-13.7,-82.7,11.205200000000001
-15.6,-81.5,11.2035
-7.4,-82.4,11.1986
-18.7,-77.2,11.1875
-16.3,-75.9,11.1873
-15.2,-84.0,11.1848
-13.0,-82.4,11.1735
-10.2,-79.8,11.169199999999998
-13.4,-81.9,11.166
-15.0,-83.4,11.1638
-12.7,-77.4,11.1629
-18.2,-81.3,11.1625
-5.9,-84.1,11.1624
-4.1,-81.7,11.1595
-18.5,-83.3,11.1578
-15.3,-81.6,11.1442
-15.5,-80.7,11.136
-6.7,-84.8,11.131900000000002
-13.0,-85.9,11.1251
-17.9,-82.9,11.119299999999999
-10.0,-83.2,11.115400000000001
-3.1,-81.4,11.106
-7.7,-84.9,11.1036
-19.9,-77.8,11.1022
-19.5,-79.3,11.0917
-15.9,-84.1,11.0855
-7.1,-81.2,11.0817
-18.3,-74.7,11.0789
-1.2,-82.1,11.0639
-18.0,-80.7,11.0549
-12.8,-77.7,11.0425
-10.3,-79.7,11.035400000000001
-15.8,-81.5,11.0131
-17.3,-81.7,11.0037
-16.1,-81.6,10.9988
-9.7,-81.0,10.9988
-13.6,-82.0,10.993699999999999
-7.9,-85.6,10.989899999999999
-15.1,-82.3,10.9881
-4.7,-85.2,10.9876
-10.2,-83.3,10.9873
-15.3,-80.7,10.9833
-9.9,-81.3,10.973799999999999
-7.7,-81.4,10.9662
-12.2,-78.4,10.9542
-11.7,-84.3,10.942599999999999
-9.8,-85.3,10.9394
-10.4,-79.7,10.9131
-9.7,-82.9,10.8999
-18.8,-83.3,10.899099999999999
-18.1,-77.7,10.8977
-16.1,-83.0,10.8849
-18.6,-77.1,10.863399999999999
-15.4,-82.5,10.8597
-4.9,-81.9,10.8555
-12.7,-83.7,10.850999999999999
-12.3,-85.4,10.850599999999998
-18.2,-77.6,10.8504
-7.6,-81.2,10.842600000000001
-15.9,-84.4,10.8408
-9.9,-82.8,10.8357
-4.4,-85.2,10.826
-10.8,-81.6,10.8141
-7.4,-85.2,10.7975
-18.9,-78.9,10.7941
-1.7,-84.6,10.7935
-15.3,-83.4,10.7921
-6.5,-85.1,10.7918
-3.1,-80.4,10.7825
-1.2,-83.8,10.781600000000001
-8.9,-83.6,10.7527
-15.5,-84.4,10.750399999999999
-12.6,-82.2,10.7479
-15.6,-85.0,10.7376
-16.0,-76.5,10.7349
-17.2,-74.1,10.7278
-10.8,-83.6,10.7257
-8.2,-85.3,10.7162
-10.2,-79.9,10.7092
-17.1,-73.3,10.7069
-15.6,-80.5,10.7018
-13.7,-81.9,10.6943
-3.5,-80.9,10.687100000000001
-1.9,-84.6,10.6828
-15.0,-82.9,10.6692
-19.2,-75.5,10.657399999999999
-16.7,-81.9,10.6531
-19.3,-83.1,10.6504
-14.5,-77.2,10.637599999999999
-15.2,-81.5,10.6325
-16.2,-84.4,10.6318
-18.6,-77.2,10.6295
-11.8,-84.1,10.627299999999998
-18.4,-71.6,10.6265
-15.1,-83.1,10.6189
-18.8,-78.9,10.6173
-7.7,-81.2,10.6167
-17.6,-82.1,10.6112
-17.2,-75.3,10.6085
-17.8,-73.9,10.5974
-18.8,-79.0,10.5871
-17.3,-82.1,10.5788
-11.9,-84.6,10.5774
-17.1,-82.4,10.5713
-16.5,-75.3,10.5692
-18.1,-72.0,10.5609
-9.3,-80.5,10.5598
-14.3,-80.2,10.559
-12.4,-79.4,10.550699999999999
-19.7,-82.9,10.5457
-12.4,-85.5,10.5336
-15.7,-81.2,10.5201
-2.3,-81.8,10.5195
-19.5,-70.7,10.513
-17.6,-83.4,10.509599999999999
-14.8,-78.0,10.504100000000001
-8.6,-81.1,10.499099999999999
-14.3,-81.8,10.4798
-10.3,-79.2,10.4793
-19.7,-82.6,10.4692
-17.5,-81.6,10.466999999999999
-17.3,-74.9,10.457
-19.8,-70.8,10.4544
-16.4,-74.4,10.447700000000001
-11.5,-79.0,10.436499999999999
-13.6,-81.9,10.4267
-7.2,-81.6,10.4207
-15.6,-81.4,10.42
-14.2,-77.8,10.415
-19.0,-82.5,10.4119
-14.7,-83.5,10.411800000000001
-17.9,-83.9,10.3932
-12.7,-82.3,10.3912
-9.9,-80.8,10.3888
-10.4,-83.6,10.387099999999998
-9.3,-83.4,10.3847
-19.8,-79.6,10.383099999999999
-1.5,-84.7,10.381799999999998
-18.4,-80.6,10.3817
-14.7,-84.2,10.377600000000001
-18.6,-83.3,10.3728
-3.4,-81.7,10.3598
-19.4,-83.1,10.3537
-12.1,-81.3,10.347900000000001
-15.5,-84.6,10.3416
-19.2,-83.1,10.3293
-18.0,-74.3,10.328199999999999
-4.6,-82.0,10.3249
-19.0,-83.9,10.3216
-13.4,-82.2,10.3152
-15.9,-82.5,10.312000000000001
-11.4,-85.5,10.3071
-7.4,-81.4,10.3063
-2.9,-81.9,10.3057
-12.8,-82.7,10.3052
-17.0,-85.1,10.289
-9.9,-85.3,10.284299999999998
-16.2,-81.0,10.2759
-15.3,-76.3,10.2726
-3.0,-84.5,10.266300000000001
-14.1,-77.3,10.2633
-18.9,-82.7,10.2479
-1.8,-84.5,10.2468
-18.3,-80.1,10.2405
-2.1,-81.4,10.2343
-16.7,-81.7,10.224
-10.4,-83.0,10.2201
-10.7,-82.3,10.2082
-13.2,-82.1,10.204799999999999
-17.6,-74.5,10.2
-18.4,-83.4,10.195
-17.1,-82.2,10.1914
-11.4,-83.4,10.1888
-7.7,-80.3,10.1846
-16.6,-83.6,10.1809
-18.8,-72.5,10.1753
-11.1,-83.1,10.1724
-11.6,-81.8,10.1628
-7.8,-81.4,10.1593
-5.6,-81.5,10.1493
-13.4,-85.4,10.1481
-10.6,-83.0,10.1471
-19.6,-79.3,10.141800000000002
-15.2,-81.4,10.1363
-8.6,-81.0,10.135100000000001
-19.6,-82.7,10.1334
-15.7,-84.3,10.1266
-16.5,-73.7,10.113800000000001
-10.6,-82.4,10.107600000000001
-13.2,-77.9,10.1055
-8.4,-80.7,10.102
-8.9,-81.1,10.0964
-7.5,-84.5,10.0936
-19.7,-70.6,10.0899
-15.3,-83.5,10.0861
-17.0,-74.8,10.0768
-18.8,-76.9,10.0687
-15.0,-83.9,10.065100000000001
-17.6,-81.6,10.0617
-16.6,-85.5,10.0504
-16.1,-84.4,10.0444
-8.4,-80.1,10.0393
-13.5,-78.4,10.0261
-11.2,-78.4,10.0261
-18.6,-79.8,10.0229
-7.2,-84.5,10.014299999999999
-4.1,-83.2,10.0063
-14.5,-78.4,10.0027
-16.4,-83.6,10.0018
-10.5,-82.4,9.9933
-1.1,-83.6,9.992799999999999
-14.7,-82.6,9.9765
-10.5,-82.6,9.9741
-2.2,-81.7,9.973500000000001
-18.1,-81.1,9.9666
-8.1,-85.5,9.9663
-17.1,-82.1,9.9594
-13.6,-82.5,9.9565
-17.5,-73.6,9.9519
-15.9,-86.0,9.9404
-7.5,-81.7,9.938699999999999
-19.1,-80.0,9.9382
-12.5,-81.2,9.9373
-16.0,-81.4,9.929
-19.2,-83.4,9.9268
-16.8,-73.5,9.9207
-18.7,-83.3,9.9114
-18.0,-79.6,9.9085
-16.1,-82.0,9.9049
-6.7,-85.3,9.8971
-8.3,-80.6,9.8765
-12.9,-83.2,9.8679
-11.8,-82.4,9.8655
-7.1,-85.5,9.8445
-3.5,-81.4,9.8415
-17.6,-74.4,9.836
-18.3,-80.7,9.833499999999999
-10.9,-82.3,9.8318
-18.9,-76.1,9.8305
-10.5,-80.2,9.8224
-3.8,-81.9,9.8188
-12.4,-81.3,9.8178
-14.2,-79.2,9.8165
-15.4,-81.6,9.8143
-12.3,-79.8,9.8029
-6.5,-84.5,9.8001
-13.8,-83.3,9.7988
-3.9,-83.7,9.7936
-11.7,-79.0,9.7935
-15.7,-81.8,9.7874
-15.4,-83.0,9.7843
-11.9,-85.2,9.783199999999999
-13.9,-77.5,9.782399999999999
-16.3,-75.0,9.7799
-11.8,-82.7,9.7777
-1.2,-84.8,9.7768
-15.4,-81.2,9.7761
-19.1,-80.4,9.7713
-10.4,-83.2,9.7577
-15.0,-83.7,9.7543
-19.0,-76.8,9.7516
-8.9,-80.5,9.747
-11.9,-85.0,9.7466
-1.4,-83.3,9.7398
-13.1,-79.8,9.7357
-18.9,-76.8,9.7357
-18.4,-80.1,9.7347
-16.6,-73.1,9.7209
-16.5,-74.4,9.7144
-4.8,-84.8,9.7135
-12.4,-84.8,9.7101
-12.7,-79.6,9.6921
-7.4,-85.3,9.6898
-19.0,-84.6,9.688
-6.5,-81.0,9.6878
-14.6,-82.2,9.6812
-14.7,-77.4,9.6807
-18.3,-74.6,9.6785
-17.1,-73.8,9.6774
-18.6,-76.8,9.6743
-13.2,-77.3,9.667
-16.9,-81.8,9.6593
-1.6,-83.1,9.656600000000001
-16.9,-81.7,9.645299999999999
-16.1,-83.9,9.6435
-17.0,-82.5,9.640699999999999
-9.0,-83.5,9.638800000000002
-13.2,-79.3,9.6365
-12.3,-78.8,9.6308
-7.8,-80.8,9.6299
-13.0,-82.3,9.6269
-17.5,-84.4,9.6177
-3.3,-81.5,9.6176
-4.9,-82.1,9.6129
-1.8,-85.5,9.606100000000001
-10.9,-85.0,9.5941
-7.8,-82.2,9.5855
-12.4,-85.2,9.5824
-17.9,-81.4,9.5802
-19.6,-83.1,9.5735
-19.4,-83.3,9.573
-1.2,-82.9,9.5716
-17.5,-74.4,9.5713
-15.1,-78.3,9.5652
-19.5,-79.0,9.5592
-17.4,-74.9,9.5533
-4.6,-85.1,9.5532
-19.0,-84.7,9.5396
-16.4,-84.5,9.537700000000001
-12.4,-84.9,9.5363
-11.7,-86.0,9.5327
-17.0,-72.3,9.5302
-1.9,-85.8,9.528400000000001
-17.9,-81.5,9.522
-16.6,-84.1,9.5196
-18.6,-72.1,9.5146
-16.9,-74.9,9.5092
-15.8,-83.5,9.5077
-14.4,-82.5,9.504299999999999
-17.2,-74.7,9.5034
-11.7,-81.3,9.4957
-17.4,-73.1,9.4926
-14.1,-81.9,9.4923
-1.1,-84.8,9.4918
-16.9,-72.4,9.490400000000001
-15.6,-80.7,9.4864
-15.0,-76.9,9.4863
-19.5,-83.1,9.4823
-15.7,-82.2,9.4763
-12.9,-85.8,9.4756
-20.0,-77.9,9.470099999999999
-17.5,-78.2,9.4685
-10.8,-82.9,9.4677
-15.4,-81.5,9.4617
-9.9,-80.4,9.457
-1.6,-81.5,9.4557
-18.7,-79.1,9.4542
-9.7,-85.6,9.4505
-10.7,-82.9,9.446000000000002
-15.7,-83.9,9.4333
-13.4,-78.6,9.431799999999999
-18.2,-70.7,9.4252
-16.4,-75.8,9.422
-14.7,-83.3,9.418099999999999
-13.7,-82.1,9.4109
-13.6,-79.2,9.4032
-14.5,-77.7,9.4027
-18.6,-80.0,9.4026
-1.6,-84.6,9.3994
-16.6,-75.3,9.389
-4.7,-82.5,9.3886
-13.7,-80.2,9.3885
-3.1,-81.7,9.3871
-12.9,-82.7,9.3857
-11.9,-81.8,9.385
-12.9,-82.3,9.3849
-1.0,-80.9,9.3848
-10.5,-84.3,9.3671
-10.3,-82.9,9.361
-15.2,-83.9,9.358
-13.8,-82.0,9.3578
-17.9,-74.3,9.3577
-17.3,-82.4,9.3562
-18.3,-83.7,9.3474
-14.2,-82.7,9.3436
-16.0,-81.1,9.3364
-11.0,-83.2,9.335700000000001
-16.2,-86.0,9.333499999999999
-13.5,-79.0,9.333200000000001
-16.8,-83.3,9.3299
-12.6,-77.7,9.3145
-19.2,-78.7,9.306000000000001
-11.7,-84.1,9.305299999999999
-14.4,-77.7,9.2963
-6.4,-81.3,9.2954
-17.1,-81.9,9.2942
-16.6,-74.7,9.290700000000001
-8.6,-80.8,9.2887
-13.4,-77.4,9.2627
-9.2,-85.9,9.2502
-19.1,-80.3,9.242799999999999
-8.2,-80.1,9.2331
-18.4,-80.0,9.230099999999998
-18.1,-74.3,9.2294
-13.5,-83.4,9.2285
-1.2,-84.4,9.2238
-15.9,-81.7,9.218100000000002
-11.4,-86.0,9.2141
-11.4,-85.4,9.2136
-16.8,-78.7,9.2134
-11.3,-85.5,9.209
-8.7,-80.7,9.2061
-1.4,-84.8,9.2045
-18.9,-79.8,9.1959
-18.6,-80.4,9.1943
-11.1,-78.4,9.1852
-9.3,-80.4,9.183499999999999
-14.4,-76.6,9.1808
-14.7,-83.4,9.1808
-9.1,-83.8,9.1786
-19.0,-74.3,9.1641
-18.8,-80.4,9.1618
-16.0,-83.9,9.158
-7.8,-84.9,9.1568
-12.4,-82.7,9.1481
-10.1,-82.4,9.1436
-16.3,-74.0,9.1436
-9.8,-81.3,9.138
-19.0,-83.3,9.1375
-18.6,-83.5,9.1285
-9.9,-84.3,9.127
-10.7,-82.6,9.122900000000001
-7.5,-84.4,9.108
-9.8,-81.1,9.0962
-9.0,-81.2,9.0941
-5.1,-82.0,9.091000000000001
-16.0,-76.9,9.088000000000001
-15.9,-85.7,9.0862
-15.8,-82.7,9.0846
-1.9,-85.4,9.0799
-18.7,-83.5,9.0769
-2.5,-80.9,9.0679
-14.9,-82.7,9.056
-1.1,-83.1,9.056
-2.8,-81.5,9.0559
-13.5,-77.1,9.0459
-7.9,-86.0,9.0438
-16.2,-83.7,9.0363
-11.9,-79.2,9.0351
-19.0,-80.4,9.0305
-15.0,-83.6,9.0066
-19.8,-80.3,9.0024
-16.0,-84.6,9.0008
-17.8,-84.5,9.0
-9.7,-80.4,8.9994
-17.4,-82.2,8.988199999999999
-10.4,-82.8,8.9803
-16.2,-85.0,8.9731
-3.9,-81.6,8.9711
-15.8,-81.6,8.969100000000001
-1.1,-82.3,8.9596
-16.9,-78.7,8.9592
-14.9,-85.8,8.9571
-14.8,-78.1,8.955400000000001
-1.9,-85.1,8.9538
-10.1,-83.7,8.9511
-10.1,-82.0,8.9473
-19.5,-82.8,8.9321
-12.1,-79.0,8.928799999999999
-19.8,-73.7,8.9261
-16.7,-82.0,8.9243
-14.1,-82.5,8.915700000000001
-16.9,-79.0,8.9094
-19.5,-71.0,8.9083
-19.6,-82.9,8.8839
-10.9,-83.6,8.8796
-16.9,-73.3,8.8796
-1.3,-82.0,8.8751
-15.2,-84.6,8.874
-11.7,-78.5,8.8718
-2.8,-83.1,8.8607
-7.3,-83.0,8.8558
-15.0,-82.6,8.848700000000001
-16.8,-73.9,8.842
-11.8,-86.0,8.8401
-12.8,-82.6,8.834
-1.0,-82.7,8.81
-19.0,-83.2,8.8074
-16.8,-74.5,8.787700000000001
-3.8,-81.4,8.7871
-14.0,-79.0,8.780899999999999
-18.9,-82.5,8.7791
-9.9,-80.6,8.7777
-15.0,-81.3,8.7681
-7.0,-80.2,8.7653
-4.8,-82.0,8.763100000000001
-16.7,-74.9,8.7515
-10.2,-82.8,8.7477
-17.9,-85.7,8.743500000000001
-8.0,-81.3,8.7435
-18.0,-73.8,8.7416
-10.3,-79.0,8.7368
-1.1,-84.1,8.735199999999999
-19.1,-76.4,8.7349
-10.5,-83.3,8.729199999999999
-15.6,-84.1,8.7233
-18.3,-79.4,8.7207
-9.8,-84.6,8.7202
-14.6,-77.5,8.717600000000001
-1.1,-85.2,8.7104
-12.3,-81.4,8.709
-16.9,-85.4,8.707999999999998
-4.4,-84.9,8.7005
-16.2,-81.3,8.6982
-14.1,-77.4,8.6979
-18.9,-80.3,8.6967
-18.1,-80.4,8.6795
-18.3,-79.5,8.6686
-10.4,-82.6,8.6648
-17.3,-74.0,8.6601
-3.7,-81.3,8.6521
-17.3,-73.7,8.6494
-19.1,-83.2,8.637
-14.4,-77.9,8.6357
-16.6,-85.1,8.6305
-6.7,-81.7,8.6229
-15.8,-76.1,8.622399999999999
-17.1,-74.3,8.616
-20.0,-77.8,8.613399999999999
-19.7,-74.4,8.606
-12.7,-79.7,8.6008
-13.4,-82.3,8.592600000000001
-15.9,-84.8,8.5822
-17.3,-75.4,8.5766
-19.3,-79.0,8.5759
-11.6,-83.2,8.5737
-20.0,-78.0,8.5639
-1.1,-82.0,8.5591
-1.1,-83.2,8.5473
-8.8,-80.3,8.546899999999999
-15.7,-82.1,8.5441
-17.8,-81.9,8.5412
-17.6,-82.4,8.5395
-11.5,-85.5,8.538
-17.7,-81.5,8.5339
-11.7,-84.9,8.5252
-9.7,-83.9,8.5152
-14.1,-78.8,8.511199999999999
-19.2,-79.1,8.494
-8.0,-81.4,8.4937
-18.1,-77.5,8.4891
-12.1,-79.4,8.4877
-18.4,-80.4,8.4858
-1.5,-83.4,8.4823
-16.3,-85.1,8.4807
-17.2,-82.0,8.473200000000002
-12.1,-82.8,8.4671
-19.8,-82.8,8.4663
-11.1,-78.8,8.466000000000001
-19.4,-79.4,8.459
-18.5,-77.3,8.4514
-18.9,-82.6,8.4454
-13.6,-82.6,8.4374
-9.7,-84.2,8.4357
-10.3,-83.4,8.4251
-10.5,-79.8,8.4163
-10.8,-85.2,8.413499999999999
-19.2,-83.8,8.4086
-10.1,-83.2,8.4084
-19.6,-84.8,8.3915
-7.5,-81.0,8.3881
-10.3,-78.8,8.3856
-19.1,-82.4,8.3838
-17.9,-80.2,8.3831
-2.0,-81.4,8.3831
-2.0,-84.1,8.3802
-3.4,-80.8,8.378900000000002
-10.0,-79.6,8.375399999999999
-17.0,-73.4,8.371500000000001
-1.1,-83.5,8.3623
-19.5,-80.4,8.3611
-12.0,-83.0,8.3543
-19.3,-83.4,8.3503
-20.0,-70.7,8.3501
-19.5,-83.0,8.3411
-18.1,-82.6,8.341000000000001
-17.7,-84.3,8.3386
-15.5,-76.3,8.3385
-15.6,-84.3,8.3347
-19.9,-77.9,8.3277
-16.8,-74.9,8.3175
-7.1,-84.6,8.3171
-14.1,-82.2,8.316400000000002
-11.8,-82.8,8.3151
-10.5,-84.0,8.3084
-18.2,-79.6,8.3083
-20.0,-85.2,8.307599999999999
-1.5,-84.3,8.3037
-13.0,-82.5,8.298
-6.9,-85.0,8.2955
-7.8,-81.0,8.2947
-2.5,-81.4,8.2859
-1.2,-82.4,8.2848
-2.0,-84.6,8.284500000000001
-19.7,-73.7,8.2743
-17.3,-82.6,8.2705
-19.4,-83.2,8.2609
-8.5,-81.2,8.2502
-8.3,-81.0,8.2406
-17.4,-74.6,8.238
-15.5,-82.1,8.2359
-12.9,-77.5,8.2354
-18.6,-83.4,8.2338
-11.6,-83.1,8.2263
-12.7,-79.8,8.2251
-14.0,-80.1,8.2177
-14.0,-83.3,8.2129
-14.7,-78.2,8.2099
-19.4,-80.2,8.2097
-1.5,-85.7,8.2076
-9.7,-84.0,8.205200000000001
-17.9,-78.1,8.2016
-1.3,-82.4,8.2005
-3.6,-81.9,8.1977
-17.4,-73.7,8.1941
-14.3,-76.6,8.1851
-17.5,-73.8,8.1822
-17.6,-72.7,8.1816
-19.9,-79.4,8.1688
-17.0,-73.3,8.1567
-1.7,-81.1,8.155
-19.5,-80.3,8.1538
-18.3,-81.2,8.1518
-8.2,-80.8,8.1397
-15.9,-74.6,8.131499999999999
-18.7,-82.8,8.1288
-7.9,-84.8,8.1183
-7.6,-81.0,8.117999999999999
-19.0,-79.0,8.1164
-13.9,-78.8,8.113199999999999
-19.7,-78.4,8.109
-10.4,-83.7,8.1088
-17.0,-74.0,8.1029
-10.0,-83.5,8.0975
-2.2,-81.4,8.094
-19.2,-70.4,8.0914
-14.8,-76.2,8.0861
-14.7,-81.4,8.0836
-18.0,-71.1,8.0758
-13.6,-83.4,8.074000000000002
-10.7,-83.7,8.0583
-16.4,-81.6,8.057300000000001
-14.6,-84.3,8.056
-8.3,-80.2,8.0515
-17.3,-74.1,8.0485
-17.1,-78.7,8.047699999999999
-17.6,-85.4,8.036000000000001
-16.0,-84.8,8.036
-7.3,-85.5,8.025500000000001
-10.0,-82.4,8.0198
-16.1,-82.6,8.015899999999998
-10.1,-80.6,8.0127
-19.7,-79.2,8.0054
-8.2,-81.3,7.999899999999999
-13.5,-77.4,7.9959
-11.2,-83.1,7.9902
-9.7,-84.4,7.9879
-17.6,-78.4,7.985099999999999
-19.5,-70.6,7.9667
-15.0,-84.5,7.9632
-16.0,-81.6,7.963
-15.5,-76.4,7.962400000000001
-16.2,-81.6,7.9483999999999995
-11.5,-79.1,7.9448
-10.8,-84.0,7.9427
-15.8,-82.2,7.9323999999999995
-19.0,-76.3,7.9276
-16.9,-85.1,7.9225
-6.4,-84.6,7.9212
-6.3,-81.5,7.9205
-7.4,-84.7,7.916799999999999
-8.3,-82.6,7.9163
-15.3,-83.9,7.911300000000001
-19.1,-76.6,7.9099
-19.4,-84.9,7.908399999999999
-19.7,-80.2,7.9071
-7.2,-84.6,7.9041
-4.0,-81.2,7.9038
-4.6,-85.0,7.9030000000000005
-18.9,-84.2,7.897499999999999
-19.8,-82.5,7.8895
-13.0,-82.8,7.8770999999999995
-15.2,-81.6,7.8741
-16.6,-73.6,7.8719
-14.3,-79.3,7.8705
-17.6,-84.5,7.8705
-15.2,-83.3,7.8653
-7.0,-84.7,7.8599
-7.6,-80.9,7.8586
-14.8,-76.3,7.8584
-15.2,-76.7,7.8558
-19.4,-78.9,7.8551
-15.8,-74.9,7.847
-7.4,-83.8,7.8412999999999995
-18.1,-81.2,7.8317
-18.8,-70.5,7.8233
-16.1,-83.6,7.8145999999999995
-2.8,-81.4,7.8144
-12.5,-81.5,7.8134999999999994
-14.8,-85.0,7.8119
-15.1,-80.8,7.8116
-13.1,-82.1,7.8107
-15.6,-80.6,7.8035
-15.2,-83.6,7.7943999999999996
-11.8,-85.7,7.7918
-10.4,-80.0,7.7857
-19.1,-74.6,7.780200000000001
-16.5,-74.1,7.7776000000000005
-17.1,-72.6,7.771800000000001
-19.1,-83.4,7.768
-11.8,-78.4,7.7678
-18.8,-84.1,7.7535
-17.5,-73.5,7.7494
-14.5,-80.1,7.7406
-12.3,-82.7,7.7297
-14.9,-82.8,7.729
-13.5,-82.0,7.719099999999999
-4.1,-81.9,7.7087
-12.3,-85.3,7.7085
-17.4,-72.7,7.7058
-14.6,-78.1,7.7051
-18.3,-79.8,7.6979
-11.0,-78.6,7.6937
-18.0,-83.3,7.6888
-17.9,-82.7,7.6827
-19.7,-83.0,7.6802
-14.4,-79.0,7.6789
-14.3,-80.1,7.6728000000000005
-3.8,-81.6,7.672700000000001
-9.5,-83.4,7.6715
-12.4,-85.1,7.664899999999999
-16.7,-81.3,7.6617999999999995
-17.7,-72.2,7.658799999999999
-12.4,-85.0,7.6502
-18.0,-81.6,7.6497
-18.2,-81.4,7.6462
-18.7,-80.3,7.6411999999999995
-16.9,-73.7,7.6327
-19.0,-82.4,7.6284
-13.8,-78.0,7.6273
-1.4,-84.6,7.6263000000000005
-17.3,-74.5,7.6259
-19.5,-79.2,7.6254
-8.4,-84.0,7.6163
-8.4,-81.2,7.6154
-16.0,-82.6,7.6152
-16.6,-82.4,7.6091
-17.9,-82.5,7.6074
-1.6,-83.7,7.6022
-18.7,-77.0,7.5926
-1.1,-82.1,7.592099999999999
-8.7,-83.8,7.5919
-13.1,-83.1,7.589599999999999
-19.8,-85.6,7.582
-19.8,-74.3,7.5782
-19.3,-84.9,7.5777
-14.4,-79.5,7.5741
-14.7,-82.5,7.5724
-18.7,-76.7,7.5713
-7.3,-85.2,7.569
-12.7,-78.8,7.5657
-8.0,-81.0,7.562799999999999
-9.0,-80.3,7.5607
-15.4,-84.8,7.5565
-19.4,-70.7,7.5549
-12.4,-78.1,7.543
-9.7,-80.6,7.5413
-10.2,-80.8,7.5405
-18.2,-77.5,7.5391
-8.5,-80.7,7.5362
-18.0,-72.0,7.5319
-15.5,-76.9,7.5241
-17.3,-82.7,7.5232
-17.5,-82.4,7.521199999999999
-14.9,-84.6,7.5148
-17.7,-82.1,7.5139
-18.8,-76.8,7.5135
-17.5,-73.7,7.5123999999999995
-10.6,-82.3,7.5092
-9.7,-80.5,7.5020999999999995
-13.5,-81.9,7.5005
-1.0,-85.0,7.5001
-1.0,-84.0,7.4989
-15.6,-83.7,7.4988
-16.9,-78.9,7.4979000000000005
-1.0,-82.5,7.4962
-19.9,-70.8,7.4938
-13.5,-83.3,7.4858
-4.8,-82.7,7.4841999999999995
-9.5,-85.9,7.478
-15.7,-76.1,7.478
-1.0,-83.4,7.4599
-2.6,-81.8,7.4566
-14.9,-84.8,7.4562
-18.3,-77.4,7.4552
-18.4,-81.2,7.4531
-15.1,-77.6,7.450100000000001
-12.2,-81.6,7.4491
-13.5,-83.0,7.4485
-15.3,-78.1,7.444599999999999
-11.9,-78.4,7.4407
-17.0,-72.5,7.434200000000001
-18.3,-72.4,7.4212
-1.3,-82.7,7.4093
-18.3,-80.8,7.4036
-18.9,-80.2,7.4024
-18.4,-71.2,7.3978
-14.6,-82.1,7.3976999999999995
-11.1,-85.8,7.396599999999999
-11.6,-84.4,7.3949
-16.1,-81.0,7.3876
-16.7,-73.5,7.3852
-15.2,-81.8,7.3802
-16.8,-81.7,7.3796
-2.3,-85.9,7.3746
-19.9,-82.6,7.366
-10.8,-78.9,7.3627
-15.0,-78.6,7.3582
-4.6,-82.5,7.356200000000001
-10.6,-85.7,7.356
-13.1,-82.6,7.3555
-9.6,-80.7,7.3552
-19.0,-83.1,7.3548
-9.5,-83.8,7.3473
-17.6,-73.7,7.343999999999999
-18.1,-74.6,7.3437
-19.6,-78.6,7.340199999999999
-10.6,-83.2,7.3311
-11.4,-85.3,7.3309
-17.0,-73.0,7.3251
-14.2,-82.1,7.3225
-2.0,-84.3,7.3208
-18.9,-83.2,7.3208
-1.4,-81.0,7.3077
-18.3,-74.1,7.304500000000001
-11.1,-80.1,7.2911
-18.7,-73.6,7.2904
-15.5,-83.2,7.2890999999999995
-19.5,-80.2,7.2872
-19.6,-79.4,7.284800000000001
-1.6,-85.3,7.2799
-13.8,-82.4,7.276400000000001
-5.6,-83.9,7.2763
-19.2,-84.5,7.2565
-1.7,-85.7,7.2523
-4.5,-82.1,7.2459
-17.0,-84.5,7.245699999999999
-7.6,-80.3,7.2449
-11.7,-85.4,7.2427
-18.6,-84.1,7.2410000000000005
-12.5,-81.6,7.2389
-18.8,-83.4,7.236
-18.5,-79.4,7.235099999999999
-8.4,-84.9,7.2269
-15.6,-83.1,7.2252
-14.2,-78.8,7.2169
-14.5,-81.8,7.2137
-13.6,-77.4,7.2077
-10.8,-82.6,7.2074
-14.1,-77.8,7.2065
-13.8,-85.6,7.2059
-15.6,-81.3,7.2049
-14.8,-77.4,7.2041
-10.6,-82.9,7.1988
-16.0,-81.8,7.1988
-14.3,-79.9,7.1982
-11.6,-85.8,7.1901
-3.4,-81.6,7.1877
-18.8,-80.3,7.1835
-11.1,-79.3,7.1701
-7.3,-81.0,7.1643
-13.1,-79.7,7.161
-10.1,-83.4,7.1598999999999995
-12.0,-80.0,7.1591
-15.9,-81.4,7.1538
-13.9,-82.8,7.1526
-17.6,-84.8,7.1513
-19.8,-70.6,7.1487
-10.0,-85.9,7.1433
-14.7,-84.7,7.140600000000001
-20.0,-80.3,7.1311
-11.6,-83.7,7.1269
-16.6,-82.5,7.1244
-4.4,-82.2,7.1221
-15.5,-81.4,7.1185
-10.7,-84.0,7.1183
-17.0,-84.0,7.118
-19.3,-80.2,7.1132
-18.8,-75.7,7.1108
-18.6,-84.7,7.1011
-14.8,-77.8,7.1001
-8.1,-86.0,7.098999999999999
-15.0,-82.3,7.0974
-15.6,-77.5,7.0952
-8.6,-84.0,7.0938
-16.4,-81.4,7.0928
-18.3,-74.2,7.0926
-7.6,-84.4,7.091
-15.4,-75.5,7.088
-18.9,-72.6,7.0873
-16.5,-81.1,7.087
-5.3,-82.7,7.0861
-16.7,-84.4,7.0843
-10.2,-83.8,7.0818
-7.3,-85.1,7.078
-19.1,-83.5,7.0778
-19.6,-74.9,7.075300000000001
-14.7,-78.0,7.072900000000001
-3.8,-81.7,7.072699999999999
-7.4,-81.0,7.0722000000000005
-17.0,-85.4,7.0702
-19.6,-71.2,7.0666
-14.3,-79.2,7.0534
-17.3,-84.5,7.0472
-12.0,-79.6,7.0346
-18.5,-73.5,7.0345
-2.7,-80.3,7.031
-19.0,-82.9,7.0245
-17.4,-78.3,7.0215000000000005
-14.5,-78.2,7.0177000000000005
-1.1,-84.9,7.0177
-16.1,-81.9,7.0149
-17.1,-74.4,7.0146
-12.7,-78.3,7.0074
-19.2,-83.0,7.0053
-13.9,-77.9,7.0052
-11.0,-84.9,7.0046
-16.9,-73.6,7.0012
-1.8,-81.1,6.9941
-16.4,-75.9,6.990399999999999
-17.2,-78.8,6.9859
-17.4,-85.6,6.9858
-18.6,-72.6,6.9847
-15.5,-85.6,6.9744
-7.1,-85.4,6.9713
-12.1,-78.5,6.9613
-18.4,-79.7,6.9608
-18.5,-79.2,6.957999999999999
-19.2,-80.5,6.9568
-12.0,-79.0,6.9568
-16.6,-75.5,6.9544
-19.7,-82.8,6.949
-3.9,-84.5,6.9471
-12.0,-78.2,6.9466
-17.6,-72.5,6.945
-13.5,-82.1,6.9434
-14.4,-82.0,6.939
-7.6,-84.9,6.9384999999999994
-15.9,-82.1,6.9383
-14.6,-76.6,6.9348
-15.1,-82.7,6.9344
-10.1,-80.0,6.9343
-8.1,-80.1,6.932
-19.2,-79.3,6.9263
-18.4,-77.3,6.9236
-18.1,-79.6,6.9163
-3.1,-81.8,6.9096
-1.5,-81.0,6.9
-13.7,-82.0,6.8986
-16.5,-81.2,6.8985
-16.5,-83.0,6.8805
-3.9,-81.8,6.8698999999999995
-15.9,-74.8,6.8586
-9.3,-80.6,6.8579
-12.7,-78.2,6.856800000000001
-15.5,-81.9,6.856300000000001
-14.6,-83.4,6.8555
-18.2,-77.3,6.853
-3.1,-81.6,6.8509
-13.1,-76.6,6.8508
-19.4,-80.4,6.848199999999999
-17.8,-83.0,6.848
-15.5,-82.4,6.8473
-16.1,-85.2,6.8443000000000005
-19.3,-82.7,6.8433
-9.6,-83.8,6.840199999999999
-10.8,-82.8,6.8301
-14.5,-78.3,6.8299
-2.7,-82.4,6.821400000000001
-10.2,-82.9,6.819
-15.2,-75.6,6.8185
-14.9,-84.9,6.8169
-2.8,-81.3,6.814
-14.8,-83.0,6.8109
-12.8,-77.6,6.810700000000001
-8.1,-80.4,6.8038
-14.9,-77.6,6.7979
-9.5,-80.4,6.7957
-14.8,-83.8,6.7951
-7.1,-80.0,6.792299999999999
-18.7,-83.4,6.7905
-18.5,-73.9,6.7836
-4.0,-84.9,6.7813
-11.1,-83.8,6.7672
-15.7,-81.9,6.7656
-2.2,-81.8,6.7655
-1.1,-81.6,6.7533
-15.4,-84.7,6.7511
-15.8,-83.6,6.744000000000001
-17.3,-78.7,6.7418
-16.3,-79.3,6.7333
-7.0,-80.6,6.7292
-19.1,-84.2,6.7277
-17.9,-83.0,6.7122
-16.0,-83.3,6.7058
-1.1,-83.9,6.7057
-18.7,-84.7,6.7034
-13.6,-80.7,6.703
-15.0,-82.5,6.7021
-12.0,-78.5,6.7016
-13.3,-83.0,6.6924
-18.6,-79.6,6.6921
-7.1,-84.5,6.6903999999999995
-3.0,-82.0,6.6885
-14.3,-77.4,6.6875
-14.5,-76.5,6.6863
-11.7,-78.4,6.683999999999999
-14.1,-76.6,6.6836
-9.4,-80.4,6.6823999999999995
-18.9,-83.5,6.6802
-10.2,-85.0,6.6768
-6.8,-83.0,6.6733
-17.5,-75.3,6.6724
-16.1,-81.3,6.6671000000000005
-16.3,-81.1,6.6619
-17.4,-82.6,6.6594
-13.4,-78.7,6.658200000000001
-13.6,-79.5,6.6582
-15.2,-76.2,6.6552
-4.7,-81.9,6.6518
-14.9,-77.8,6.6515
-15.3,-82.5,6.6463
-18.6,-82.7,6.6441
-17.5,-78.3,6.6359
-9.6,-81.2,6.6316
-19.4,-84.8,6.6278
-15.4,-82.6,6.6269
-10.5,-78.1,6.6234
-16.5,-79.0,6.6232
-15.2,-78.2,6.6224
-19.5,-83.2,6.6185
-7.1,-81.1,6.614000000000001
-7.8,-81.6,6.600899999999999
-12.2,-85.8,6.6002
-8.8,-80.5,6.5993
-13.8,-78.9,6.5976
-9.7,-83.4,6.5949
-13.1,-78.7,6.5946
-18.6,-73.9,6.594200000000001
-1.2,-84.1,6.5842
-10.7,-84.1,6.5807
-19.2,-83.5,6.5803
-19.9,-81.8,6.5792
-19.9,-70.9,6.5788
-9.3,-83.5,6.5769
-16.2,-83.6,6.573300000000001
-19.3,-80.5,6.5658
-12.1,-81.7,6.565099999999999
-3.5,-84.0,6.5646
-1.3,-82.2,6.5585
-16.5,-85.1,6.5558
-17.8,-78.2,6.5519
-17.1,-72.5,6.5489
-15.5,-85.4,6.5433
-16.9,-72.5,6.542000000000001
-15.9,-81.2,6.5354
-18.0,-77.7,6.5323
-17.7,-83.6,6.5305
-17.8,-82.3,6.5206
-15.2,-76.3,6.519400000000001
-10.5,-82.7,6.5136
-13.9,-77.6,6.5059
-18.5,-85.6,6.505800000000001
-8.8,-81.2,6.5052
-5.8,-81.3,6.5051
-19.2,-80.3,6.4979
-18.4,-81.9,6.4892
-16.3,-81.2,6.4835
-19.0,-84.2,6.4823
-18.3,-71.3,6.4804
-14.0,-78.0,6.4696
-18.5,-80.3,6.4546
-15.3,-83.3,6.4532
-19.3,-82.8,6.45
-13.1,-84.7,6.4488
-3.9,-81.5,6.4466
-12.5,-85.4,6.4429
-16.0,-82.0,6.4413
-5.6,-81.6,6.4399
-19.2,-82.3,6.4354
-7.2,-85.2,6.4349
-16.3,-74.3,6.4342999999999995
-13.5,-80.0,6.433800000000001
-16.2,-74.0,6.4291
-14.1,-78.0,6.4220999999999995
-12.8,-78.8,6.4211
-15.6,-84.6,6.4143
-16.2,-84.7,6.4047
-18.8,-75.8,6.4021
-18.6,-85.7,6.3977
-16.0,-83.7,6.3948
-16.8,-84.2,6.3872
-1.0,-83.9,6.3862
-11.5,-79.8,6.3835
-1.7,-83.8,6.383
-9.8,-80.4,6.3824000000000005
-19.1,-83.9,6.3799
-5.9,-81.1,6.3712
-19.5,-82.7,6.3627
-13.1,-78.0,6.3624
-8.3,-81.3,6.3508000000000004
-16.9,-82.6,6.35
-19.8,-71.0,6.3468
-18.3,-74.3,6.3357
-12.1,-85.9,6.3327
-18.7,-85.8,6.332599999999999
-19.2,-82.9,6.3311
-19.4,-85.0,6.3244
-18.2,-81.1,6.3238
-11.3,-83.4,6.3229999999999995
-17.5,-73.4,6.3225
-10.2,-79.2,6.3206
-11.6,-83.6,6.3118
-18.0,-84.4,6.3115000000000006
-13.1,-78.1,6.3041
-1.7,-83.3,6.3035
-4.1,-85.0,6.2994
-19.9,-81.9,6.2981
-8.2,-80.2,6.2907
-17.1,-77.5,6.2907
-3.9,-84.8,6.289000000000001
-8.0,-85.9,6.2887
-19.3,-82.0,6.285200000000001
-8.0,-79.4,6.2829
-18.4,-85.6,6.2811
-11.1,-78.6,6.2767
-9.1,-80.8,6.2675
-16.4,-73.6,6.265
-8.5,-82.4,6.2569
-16.8,-81.1,6.2557
-17.7,-81.6,6.2543
-2.5,-83.8,6.2541
-18.2,-80.0,6.2532
-19.8,-81.5,6.2376000000000005
-3.5,-82.0,6.2366
-17.9,-84.8,6.233
-12.0,-78.4,6.232
-1.0,-81.3,6.22
-16.4,-79.1,6.2168
-16.8,-74.4,6.216799999999999
-2.8,-83.0,6.2147
-8.9,-81.2,6.2138
-19.1,-84.8,6.2113
-18.5,-80.4,6.193
-16.0,-86.0,6.1905
-18.5,-77.1,6.1894
-1.9,-85.3,6.1888
-17.6,-84.2,6.1872
-15.5,-83.1,6.1854
-13.2,-82.8,6.1847
-19.7,-80.3,6.1819
-19.0,-80.2,6.1793000000000005
-19.0,-84.8,6.165900000000001
-8.0,-85.5,6.1499
-12.1,-86.0,6.148
-10.8,-82.5,6.1461
-8.2,-81.2,6.1419
-17.4,-82.3,6.1403
-6.0,-84.5,6.1393
-9.6,-84.4,6.1293
-18.9,-83.9,6.1267000000000005
-10.3,-79.9,6.1217999999999995
-18.0,-81.4,6.107
-15.4,-84.5,6.102399999999999
-11.4,-85.6,6.1009
-9.1,-84.1,6.1008
-18.7,-84.5,6.1001
-15.8,-81.8,6.0973999999999995
-15.3,-81.3,6.0937
-19.3,-80.4,6.0921
-12.5,-79.3,6.0917
-13.9,-82.4,6.0797
-4.1,-82.0,6.0771
-19.6,-82.5,6.074199999999999
-18.9,-80.4,6.0738
-18.6,-85.8,6.0733
-19.3,-84.8,6.0722
-19.4,-82.7,6.0678
-16.8,-72.6,6.065
-1.1,-84.7,6.0618
-16.7,-82.4,6.0608
-19.0,-78.7,6.0605
-16.3,-82.2,6.0497
-11.9,-78.5,6.0476
-19.0,-82.3,6.0442
-11.3,-83.7,6.0428999999999995
-9.8,-82.9,6.0419
-15.3,-82.4,6.0407
-7.2,-85.5,6.0385
-16.3,-83.1,6.0341
-1.0,-82.1,6.0288
-11.3,-84.9,6.0249
-9.4,-80.6,6.0221
-19.5,-85.0,6.0219000000000005
-15.9,-74.5,6.0123999999999995
-10.7,-85.7,6.0106
-14.4,-78.1,6.009399999999999
-14.0,-77.6,6.0073
-10.4,-83.5,6.0016
-15.7,-75.8,6.0004
-17.2,-82.7,5.9999
-10.3,-80.0,5.9927
-18.5,-85.7,5.9925
-17.5,-85.6,5.9915
-2.0,-83.9,5.9847
-13.4,-77.3,5.984100000000001
-7.0,-85.3,5.9818
-15.4,-81.7,5.9795
-15.6,-83.0,5.9794
-10.2,-83.4,5.9788
-13.1,-80.0,5.9786
-4.4,-84.8,5.978
-19.6,-81.0,5.9765999999999995
-1.5,-82.5,5.973199999999999
-17.2,-78.5,5.9539
-3.3,-84.5,5.9447
-7.7,-81.6,5.9441
-7.5,-80.4,5.9409
-3.8,-84.1,5.9405
-12.2,-78.3,5.937099999999999
-11.9,-82.8,5.9365
-6.3,-81.3,5.928999999999999
-16.4,-75.1,5.927
-19.7,-78.3,5.924
-16.5,-81.7,5.923
-19.4,-82.6,5.9227
-18.5,-72.2,5.9197
-11.4,-78.6,5.9182
-17.7,-78.1,5.9165
-12.1,-78.4,5.9161
-18.6,-82.8,5.9155
-12.1,-82.7,5.898
-19.2,-76.4,5.8975
-14.5,-82.3,5.8947
-12.3,-81.6,5.8938
-10.9,-84.0,5.8916
-1.2,-82.0,5.8856
-1.2,-84.2,5.8841
-19.8,-78.1,5.880199999999999
-3.4,-80.7,5.876
-15.8,-82.1,5.875
-8.6,-80.7,5.8545
-15.7,-75.2,5.8538
-10.0,-83.3,5.8485
-1.7,-81.3,5.8415
-16.6,-81.4,5.8412
-1.1,-81.3,5.8317
-15.8,-76.0,5.8309999999999995
-5.0,-81.6,5.8293
-18.8,-84.6,5.8256000000000006
-19.2,-80.6,5.8245
-1.8,-84.0,5.8241
-11.3,-84.4,5.8235
-13.6,-77.5,5.819000000000001
-12.4,-79.9,5.8175
-17.7,-82.2,5.8148
-15.4,-81.9,5.8108
-3.3,-81.7,5.807
-19.9,-81.3,5.8061
-18.4,-80.3,5.804600000000001
-8.0,-82.1,5.8024
-9.5,-83.5,5.8022
-18.6,-82.9,5.8003
-11.6,-85.9,5.7994
-1.0,-81.5,5.7991
-18.8,-83.2,5.7978000000000005
-4.1,-81.8,5.7976
-11.8,-79.6,5.7969
-3.6,-81.3,5.7957
-19.8,-80.4,5.7936
-16.4,-74.7,5.7927
-11.7,-79.5,5.791
-6.6,-81.6,5.7801
-18.7,-79.0,5.7779
-16.7,-83.6,5.7733
-7.2,-81.2,5.7719
-10.8,-85.1,5.7688
-8.9,-80.2,5.7666
-19.7,-70.8,5.7546
-1.7,-84.9,5.747599999999999
-2.6,-81.5,5.746
-15.4,-81.3,5.7438
-9.3,-82.5,5.743
-18.9,-70.5,5.7425
-1.3,-84.2,5.7391
-9.2,-81.3,5.738
-1.3,-82.9,5.7337
-17.8,-84.3,5.7313
-19.4,-80.3,5.7275
-12.2,-81.3,5.7273
-14.5,-76.6,5.7203
-18.7,-85.7,5.7181
-8.9,-84.1,5.7165
-19.0,-79.3,5.7136
-18.8,-84.0,5.7120999999999995
-11.3,-83.1,5.7102
-19.1,-83.8,5.7014
-1.3,-85.3,5.6949
-12.0,-79.7,5.6933
-2.1,-81.7,5.6916
-10.6,-82.8,5.6883
-1.7,-81.0,5.6869
-16.0,-84.3,5.6844
-11.9,-80.3,5.683
-6.8,-84.8,5.6812000000000005
-10.7,-83.3,5.6754999999999995
-14.9,-78.7,5.6752
-16.3,-75.8,5.6749
-18.8,-81.0,5.6691
-16.5,-79.2,5.6665
-12.6,-78.3,5.6662
-2.0,-81.0,5.6657
-19.3,-85.7,5.6589
-7.9,-81.6,5.6465
-19.7,-74.7,5.6463
-18.2,-73.8,5.645300000000001
-18.9,-84.0,5.645099999999999
-17.1,-82.3,5.644900000000001
-11.5,-78.5,5.6419
-3.0,-84.2,5.6413
-9.8,-81.0,5.6396
-15.7,-74.9,5.6381
-3.5,-81.5,5.633800000000001
-19.1,-80.5,5.6309000000000005
-18.4,-85.7,5.6281
-18.3,-73.8,5.6264
-4.7,-82.0,5.6254
-12.3,-78.7,5.6232
-1.5,-85.0,5.622
-18.6,-79.3,5.6206
-1.5,-82.6,5.6192
-18.0,-82.5,5.6171
-19.2,-80.4,5.614
-4.0,-82.9,5.6074
-13.8,-85.3,5.5987
-8.4,-80.2,5.5986
-19.2,-85.7,5.5968
-11.6,-85.1,5.5915
-13.5,-79.2,5.5899
-12.9,-82.9,5.5877
-9.7,-81.5,5.576600000000001
-14.7,-86.0,5.575
-10.2,-80.7,5.5746
-9.5,-83.9,5.5737
-10.9,-85.2,5.5721
-9.1,-80.4,5.5716
-19.6,-73.7,5.5713
-18.4,-81.6,5.5698
-10.0,-84.3,5.5669
-6.6,-84.9,5.5636
-3.0,-82.7,5.563
-14.9,-82.6,5.5585
-16.9,-73.8,5.553100000000001
-19.2,-81.7,5.5499
-16.3,-74.7,5.5493
-1.3,-84.6,5.5441
-12.7,-79.9,5.5437
-10.7,-85.5,5.5416
-20.0,-78.3,5.5402
-10.6,-84.8,5.5302
-19.1,-79.1,5.5291999999999994
-12.6,-84.1,5.526400000000001
-13.4,-83.1,5.5142
-11.6,-81.9,5.5141
-9.9,-84.0,5.5091
-18.2,-80.8,5.5058
-18.9,-79.7,5.5031
-12.3,-85.5,5.5028999999999995
-12.2,-78.1,5.502
-15.1,-78.4,5.4954
-11.8,-85.5,5.4952000000000005
-7.4,-84.5,5.4933
-16.6,-75.0,5.4901
-16.6,-73.7,5.4749
-12.1,-78.1,5.4738
-16.0,-85.3,5.4735
-15.2,-78.1,5.473
-8.7,-84.0,5.4670000000000005
-15.8,-82.5,5.4632
-18.5,-80.2,5.4603
-11.0,-83.3,5.4590000000000005
-17.0,-84.6,5.4559999999999995
-1.0,-82.4,5.455299999999999
-12.7,-78.4,5.4516
-12.3,-80.6,5.451
-18.2,-77.4,5.4505
-18.6,-84.0,5.4474
-16.1,-74.7,5.4473
-16.4,-84.7,5.4469
-14.3,-78.0,5.4417
-16.2,-83.4,5.4413
-16.6,-79.2,5.4351
-10.3,-83.5,5.4313
-13.3,-82.5,5.430499999999999
-14.3,-82.2,5.4301
-2.2,-81.5,5.425999999999999
-13.5,-82.7,5.4249
-1.8,-84.7,5.4224000000000006
-19.6,-83.0,5.4218
-11.5,-83.3,5.4184
-13.5,-83.1,5.4161
-16.4,-82.9,5.4144
-1.9,-81.3,5.4138
-15.9,-81.5,5.4115
-9.8,-79.8,5.4048
-3.5,-81.6,5.4044
-15.2,-83.4,5.4041
-13.6,-82.4,5.4021
-16.9,-82.7,5.3941
-13.8,-82.2,5.3906
-13.5,-77.7,5.388800000000001
-9.2,-80.7,5.3858
-3.7,-83.7,5.3791
-14.9,-76.1,5.3779
-12.3,-85.1,5.3763
-16.1,-76.0,5.374499999999999
-18.8,-85.3,5.3737
-1.6,-84.9,5.3724
-12.9,-79.5,5.3721
-14.0,-78.9,5.371
-15.8,-81.2,5.3628
-19.1,-82.3,5.3615
-3.7,-81.0,5.3613
-11.7,-83.0,5.3593
-18.1,-81.9,5.3568
-19.7,-80.9,5.3517
-15.0,-77.6,5.35
-18.9,-85.7,5.3477
-13.3,-82.1,5.347300000000001
-19.9,-81.0,5.3467
-15.2,-82.6,5.3439
-9.1,-85.9,5.3434
-4.7,-84.8,5.3433
-16.6,-81.7,5.3427
-19.0,-83.4,5.3406
-15.4,-84.9,5.3335
-13.4,-78.1,5.3327
-11.0,-83.1,5.3288
-13.8,-77.7,5.3278
-17.3,-73.3,5.3264
-2.8,-80.4,5.3258
-18.2,-81.8,5.3209
-1.3,-82.6,5.3182
-12.5,-78.0,5.3141
-11.2,-85.1,5.3115
-9.0,-81.1,5.3101
-4.0,-83.2,5.2986
-19.3,-80.3,5.293
-16.9,-78.4,5.2924
-17.0,-85.8,5.2924
-15.6,-77.4,5.291600000000001
-18.9,-84.6,5.291399999999999
-14.3,-78.2,5.290100000000001
-19.0,-70.6,5.2671
-19.0,-83.0,5.2645
-13.4,-77.1,5.2636
-13.0,-82.6,5.2616
-18.9,-82.4,5.2591
-14.7,-81.3,5.2584
-17.6,-73.6,5.25
-12.4,-79.2,5.2497
-15.7,-84.1,5.2469
-19.6,-78.9,5.2444
-14.2,-82.8,5.2395000000000005
-13.4,-78.4,5.2362
-10.4,-83.3,5.2358
-18.8,-76.6,5.2343
-4.0,-81.8,5.2338000000000005
-15.3,-82.6,5.2313
-16.2,-81.1,5.231
-14.2,-78.0,5.2299
-19.1,-82.2,5.2294
-12.2,-82.8,5.2202
-4.4,-82.1,5.2188
-2.0,-85.4,5.2182
-6.6,-85.2,5.2144
-11.5,-85.1,5.2119
-9.8,-84.0,5.2102
-19.5,-78.9,5.2052000000000005
-18.9,-80.1,5.2012
-2.8,-81.6,5.194500000000001
-17.3,-85.7,5.1919
-18.8,-79.7,5.191199999999999
-16.6,-79.1,5.1879
-17.2,-75.4,5.1877
-15.3,-81.5,5.1874
-19.8,-80.2,5.1858
-9.6,-80.8,5.1847
-14.3,-82.7,5.1762
-17.5,-84.7,5.1758
-6.3,-82.3,5.1744
-11.4,-83.2,5.1615
-18.3,-81.8,5.1606
-3.6,-81.6,5.1604
-19.6,-80.3,5.1583
-16.1,-75.2,5.1531
-1.4,-82.6,5.1524
-11.8,-83.1,5.1507
-20.0,-81.8,5.1498
-13.6,-77.3,5.1476999999999995
-8.4,-85.3,5.1455
-19.0,-79.1,5.1450000000000005
-18.8,-80.9,5.139
-15.6,-76.8,5.1373999999999995
-20.0,-81.9,5.1357
-10.2,-83.6,5.131
-15.5,-77.2,5.1285
-3.7,-81.1,5.1277
-15.6,-79.5,5.1255
-13.3,-78.0,5.1224
-7.4,-86.0,5.1222
-19.6,-85.9,5.1211
-12.5,-79.4,5.1177
-19.9,-85.1,5.1167
-11.8,-79.1,5.1160000000000005
-13.8,-82.5,5.1148
-9.9,-83.5,5.1135
-1.0,-85.4,5.1132
-7.2,-85.1,5.1122000000000005
-1.8,-81.0,5.1119
-19.9,-82.5,5.1111
-7.9,-80.9,5.1038
-18.5,-72.3,5.1018
-19.1,-83.0,5.0996
-14.0,-78.8,5.0988
-10.9,-80.8,5.0952
-16.1,-80.9,5.0918
-4.7,-82.2,5.091
-18.7,-82.6,5.0891
-7.1,-82.8,5.088
-11.4,-84.7,5.0816
-1.0,-85.2,5.0694
-17.8,-73.8,5.0672
-16.1,-75.1,5.0666
-20.0,-81.6,5.0655
-13.4,-79.1,5.0627
-15.5,-76.5,5.058199999999999
-18.7,-79.4,5.0538
-1.2,-82.3,5.0531999999999995
-2.2,-81.0,5.0454
-19.8,-82.7,5.0445
-20.0,-82.1,5.0428
-15.7,-75.3,5.0424
-17.0,-82.3,5.0416
-9.4,-81.9,5.0413
-19.7,-79.3,5.038
-12.5,-85.0,5.0377
-12.4,-79.8,5.029
-9.7,-81.2,5.0282
-9.9,-80.7,5.0269
-18.2,-81.9,5.0264
-16.5,-74.5,5.0251
-10.2,-85.5,5.023
-17.4,-81.8,5.0212
-8.1,-81.3,5.0207999999999995
-15.6,-83.4,5.0186
-13.2,-77.7,5.016
-11.2,-84.9,5.0152
-19.3,-83.5,5.0123
-18.4,-79.4,5.0123
-12.7,-82.4,5.0087
-19.9,-81.6,5.0018
-18.9,-83.4,4.9966
-14.8,-79.8,4.9948999999999995
-18.5,-84.2,4.9946
-1.0,-85.6,4.9936
-16.3,-75.7,4.9934
-13.7,-78.9,4.9868
-20.0,-82.0,4.9863
-14.6,-82.6,4.9826
-9.1,-80.7,4.9732
-19.0,-79.4,4.972300000000001
-14.0,-82.1,4.9689
-18.9,-84.8,4.9689
-14.6,-78.2,4.9641
-16.7,-84.3,4.9627
-1.3,-81.3,4.9606
-17.1,-82.0,4.9602
-10.4,-80.2,4.9579
-19.0,-74.6,4.9577
-19.1,-80.2,4.9533
-2.1,-83.3,4.953
-19.5,-83.7,4.9528
-5.2,-81.9,4.9526
-18.8,-85.8,4.9514
-15.9,-82.2,4.9505
-18.7,-80.0,4.9487
-16.5,-73.8,4.9482
-10.0,-79.9,4.9421
-4.9,-81.8,4.9367
-4.5,-82.6,4.9358
-1.4,-82.7,4.9338
-10.5,-79.5,4.9338
-16.1,-82.5,4.9338
-11.4,-83.6,4.9336
-19.0,-84.3,4.9284
-16.5,-85.0,4.9266000000000005
-16.2,-74.7,4.9262999999999995
-19.5,-82.5,4.9249
-17.7,-82.4,4.9239
-17.9,-72.0,4.9201999999999995
-17.8,-81.5,4.9142
-18.4,-80.7,4.9137
-2.8,-84.4,4.9133
-12.5,-77.8,4.9113
-9.2,-85.5,4.9111
-18.7,-79.8,4.9018
-4.2,-81.6,4.901
-15.0,-83.8,4.9006
-17.4,-73.2,4.8995
-13.9,-83.3,4.8985
-13.8,-77.2,4.8897
-9.8,-80.8,4.8863
-10.6,-79.8,4.8844
-3.7,-82.2,4.8838
-12.1,-78.2,4.883
-15.7,-84.7,4.8669
-10.9,-83.4,4.8653
-18.8,-83.5,4.8551
-14.9,-84.0,4.8551
-16.7,-73.8,4.843500000000001
-18.6,-84.6,4.8376
-7.4,-80.9,4.8352
-18.0,-74.4,4.8343
-19.7,-81.5,4.8339
-19.7,-81.4,4.8276
-17.4,-82.4,4.8267
-9.6,-81.5,4.8227
-17.5,-81.9,4.822699999999999
-17.4,-83.5,4.8163
-1.3,-84.4,4.8152
-18.4,-74.4,4.8152
-5.8,-81.6,4.8136
-17.7,-82.3,4.811
-19.2,-84.3,4.8104
-18.0,-81.5,4.8103
-5.5,-82.6,4.8098
-7.5,-83.4,4.809
-19.5,-81.2,4.805899999999999
-13.8,-82.3,4.8029
-9.1,-81.0,4.7993999999999994
-19.7,-71.0,4.7993
-17.8,-71.4,4.7978
-18.6,-80.2,4.7977
-17.1,-73.2,4.7943
-5.1,-83.0,4.7891
-17.5,-74.6,4.7844
-19.1,-82.5,4.775
-13.2,-78.6,4.7747
-15.2,-77.5,4.7707
-13.3,-78.2,4.7696000000000005
-18.4,-84.1,4.769
-7.5,-80.5,4.7687
-6.9,-84.9,4.7653
-16.0,-76.7,4.7644
-8.9,-80.3,4.7636
-18.5,-70.8,4.7626
-11.7,-83.2,4.7626
-10.6,-85.3,4.7622
-19.0,-84.5,4.7461
-17.6,-84.7,4.7444
-19.6,-80.2,4.7311
-10.1,-83.5,4.7251
-16.3,-74.5,4.7251
-17.4,-74.7,4.7216
-18.8,-76.3,4.7175
-16.0,-76.1,4.7164
-13.4,-77.5,4.716
-19.9,-78.1,4.71
-13.7,-80.7,4.7084
-18.8,-73.9,4.7077
-16.6,-74.3,4.7058
-18.9,-76.3,4.7007
-4.3,-83.7,4.6947
-19.2,-82.8,4.6934000000000005
-18.9,-73.3,4.6934
-19.2,-70.7,4.693
-11.2,-79.6,4.6922
-19.6,-80.1,4.692
-19.0,-85.7,4.6906
-14.8,-78.7,4.6872
-17.5,-73.1,4.6838
-19.2,-80.2,4.6818
-16.2,-82.0,4.6785
-19.9,-82.7,4.6764
-9.8,-79.9,4.6756
-3.4,-82.2,4.6672
-18.4,-81.0,4.6642
-15.5,-77.5,4.6641
-19.0,-76.4,4.662
-19.8,-80.1,4.6619
-10.5,-85.8,4.6588
-8.0,-83.8,4.6552
-19.7,-84.9,4.6539
-18.5,-81.2,4.6489
-19.7,-86.0,4.6421
-19.8,-82.9,4.6383
-7.9,-81.1,4.6308
-10.6,-80.0,4.621899999999999
-5.5,-82.7,4.6216
-3.7,-81.7,4.6209999999999996
-15.8,-81.1,4.618
-2.5,-83.9,4.6158
-12.6,-79.9,4.6152
-18.8,-77.0,4.6143
-8.1,-81.1,4.612
-11.2,-79.7,4.6106
-16.2,-81.8,4.6074
-9.4,-83.8,4.606800000000001
-16.3,-83.3,4.6041
-18.2,-74.2,4.6025
-19.7,-70.7,4.598199999999999
-16.7,-82.9,4.598
-9.6,-80.0,4.592
-5.4,-82.7,4.5891
-2.5,-82.8,4.5886
-16.9,-82.8,4.5872
-16.5,-85.7,4.5870999999999995
-8.6,-80.2,4.5855
-18.8,-85.7,4.583
-15.0,-75.8,4.581300000000001
-19.3,-83.8,4.5784
-15.8,-74.6,4.5738
-18.9,-76.7,4.5736
-19.3,-82.9,4.5729999999999995
-18.5,-81.9,4.5645
-19.4,-83.7,4.5639
-19.5,-82.6,4.5579
-9.5,-83.2,4.5561
-10.1,-83.1,4.5522
-9.3,-80.7,4.5498
-13.4,-77.8,4.5424
-13.7,-79.0,4.5421
-18.5,-80.6,4.5405
-4.5,-82.0,4.539000000000001
-19.3,-81.9,4.5381
-18.5,-79.6,4.5369
-14.2,-81.9,4.5305
-13.7,-77.1,4.5286
-9.5,-83.7,4.5276
-10.2,-80.0,4.5248
-17.8,-77.9,4.5235
-17.9,-82.0,4.5227
-7.2,-81.0,4.5200000000000005
-16.3,-74.1,4.5174
-16.1,-75.9,4.5169999999999995
-17.1,-74.5,4.5111
-7.5,-83.3,4.511
-2.1,-81.0,4.5087
-9.8,-80.9,4.5008
-4.7,-84.7,4.5007
-14.2,-78.7,4.5
-17.1,-84.9,4.4997
-6.8,-81.1,4.4964
-18.8,-84.8,4.4923
-17.3,-72.5,4.4861
-19.0,-74.5,4.486000000000001
-19.6,-85.0,4.4845
-1.4,-83.4,4.4813
-14.1,-77.7,4.4804
-18.7,-84.1,4.4734
-10.7,-85.4,4.4683
-19.9,-80.2,4.4628
-4.7,-85.0,4.4620999999999995
-19.8,-80.9,4.461399999999999
-18.1,-81.6,4.4604
-19.0,-76.6,4.4536999999999995
-16.2,-75.0,4.4536
-17.7,-78.3,4.452999999999999
-12.9,-79.0,4.4524
-1.9,-84.7,4.452
-9.7,-84.6,4.4519
-1.5,-85.8,4.4496
-14.7,-83.8,4.4491
-11.3,-84.1,4.4458
-4.0,-82.0,4.4421
-19.8,-78.6,4.4397
-1.2,-83.6,4.439
-13.4,-82.5,4.4374
-15.7,-82.4,4.4371
-10.3,-82.4,4.4365000000000006
-4.3,-84.9,4.436
-18.7,-79.6,4.4321
-14.9,-83.3,4.4268
-18.3,-81.7,4.424799999999999
-19.4,-82.5,4.4244
-12.0,-82.8,4.4223
-3.5,-83.9,4.4211
-15.8,-84.4,4.4194
-19.0,-83.5,4.4193999999999996
-12.6,-78.9,4.4193
-15.6,-79.0,4.4147
-10.8,-85.4,4.4135
-19.9,-80.5,4.4119
-18.2,-74.6,4.4117999999999995
-12.3,-84.7,4.4117999999999995
-15.3,-76.7,4.4112
-1.4,-83.2,4.4109
-15.4,-75.4,4.408
-19.7,-85.1,4.4074
-3.9,-81.9,4.4046
-15.5,-82.6,4.3982
-13.7,-78.4,4.3972
-18.8,-85.5,4.3964
-17.8,-74.6,4.396000000000001
-2.7,-82.5,4.3949
-18.7,-85.5,4.3934
-18.8,-82.4,4.3918
-17.0,-78.7,4.391299999999999
-9.0,-80.2,4.3900999999999994
-16.5,-75.7,4.3894
-1.0,-82.2,4.3876
-19.0,-73.3,4.3835
-1.1,-81.4,4.3821
-11.2,-85.0,4.3805
-15.6,-83.6,4.38
-18.9,-82.9,4.3790000000000004
-19.6,-82.6,4.3783
-18.6,-85.5,4.3693
-18.4,-72.7,4.3668
-3.5,-80.7,4.3665
-10.3,-83.2,4.3617
-13.9,-77.8,4.3599
-18.3,-79.9,4.3583
-1.2,-83.7,4.3532
-10.7,-82.8,4.3507
-19.2,-82.4,4.3437
-19.8,-83.0,4.3417
-16.1,-85.6,4.3386
-2.9,-82.1,4.3374
-19.7,-73.9,4.334
-2.3,-81.9,4.3326
-19.7,-78.5,4.3308
-19.1,-85.7,4.3301
-18.4,-74.0,4.3297
-11.3,-83.6,4.3293
-14.0,-77.4,4.3288
-4.1,-83.4,4.3241
-16.2,-81.7,4.3215
-13.8,-80.2,4.3202
-11.8,-78.5,4.3182
-12.0,-79.2,4.3172
-18.9,-76.9,4.3146
-19.9,-81.7,4.3103
-8.1,-80.7,4.3075
-19.4,-80.5,4.3062000000000005
-9.4,-83.5,4.303
-18.8,-72.4,4.3027999999999995
-18.5,-84.3,4.3021
-18.5,-84.1,4.3018
-14.9,-77.3,4.300800000000001
-8.7,-80.4,4.3008
-1.2,-84.6,4.3007
-10.3,-83.3,4.2973
-19.2,-79.7,4.294
-16.8,-81.8,4.2866
-12.7,-84.8,4.2857
-11.1,-86.0,4.285
-17.8,-78.0,4.2837
-18.9,-84.9,4.2827
-17.4,-73.6,4.2826
-8.2,-84.9,4.2816
-18.0,-82.1,4.2801
-13.7,-82.8,4.2779
-12.8,-77.8,4.2774
-7.4,-84.6,4.271
-16.6,-81.6,4.265
-19.0,-79.9,4.2631
-8.1,-80.8,4.2621
-6.5,-81.8,4.2616
-7.0,-80.3,4.2574000000000005
-8.1,-81.5,4.2527
-13.6,-78.4,4.2501999999999995
-14.7,-83.7,4.25
-10.0,-80.0,4.2494
-10.1,-79.9,4.2407
-19.4,-85.9,4.2388
-17.4,-78.5,4.228
-1.5,-81.4,4.2264
-12.9,-77.9,4.2246
-3.7,-81.9,4.2215
-3.6,-81.4,4.2191
-18.8,-73.4,4.218
-19.3,-78.9,4.2167
-20.0,-85.1,4.2139
-19.1,-84.3,4.2127
-19.0,-82.7,4.2115
-18.6,-80.9,4.2112
-17.6,-78.2,4.2088
-18.7,-84.6,4.2036999999999995
-1.7,-84.5,4.2015
-18.3,-81.9,4.201
-18.3,-77.3,4.2002
-8.5,-85.0,4.1851
-13.1,-79.2,4.1841
-18.8,-82.8,4.1823
-16.4,-81.7,4.1738
-7.9,-81.0,4.1727
-19.7,-70.9,4.1716
-13.8,-78.7,4.1697
-19.2,-83.6,4.1653
-18.1,-82.2,4.164
-17.5,-72.5,4.1594
-4.0,-81.7,4.1583
-11.4,-84.6,4.1574
-3.9,-81.4,4.1572
-1.3,-84.8,4.157
-13.7,-82.4,4.156499999999999
-18.5,-82.8,4.1533
-15.2,-77.4,4.1491
-10.3,-84.9,4.1457
-12.0,-78.9,4.1401
-7.7,-81.7,4.1399
-10.4,-83.1,4.1325
-19.3,-84.3,4.1274
-1.7,-85.5,4.1272
-12.6,-78.8,4.1249
-1.7,-85.0,4.1247
-16.9,-74.5,4.1189
-14.9,-76.2,4.1172
-11.2,-83.7,4.1163
-19.5,-78.8,4.1152
-13.6,-82.8,4.1126000000000005
-13.5,-77.3,4.1107
-19.3,-70.7,4.1066
-19.0,-70.5,4.106
-17.1,-73.6,4.1056
-18.1,-73.7,4.0998
-10.1,-85.6,4.0997
-17.0,-73.7,4.0985000000000005
-18.6,-80.5,4.0965
-12.1,-85.6,4.095
-18.0,-80.4,4.0938
-18.2,-74.3,4.0912999999999995
-18.6,-81.4,4.0837
-3.4,-81.5,4.0793
-18.7,-71.8,4.0775
-15.1,-76.8,4.075
-10.3,-85.4,4.0688
-19.6,-81.8,4.0679
-19.6,-71.1,4.066
-14.1,-82.3,4.0585
-19.9,-82.8,4.057
-10.7,-80.7,4.0535
-10.2,-83.5,4.0529
-19.7,-80.4,4.0512
-16.4,-74.6,4.0474
-9.4,-80.7,4.0449
-9.7,-84.5,4.0446
-4.7,-82.1,4.0440000000000005
-13.1,-79.0,4.0438
-4.3,-84.7,4.0416
-13.0,-82.7,4.0399
-18.3,-83.5,4.0393
-18.9,-72.7,4.0384
-10.9,-79.9,4.036
-19.2,-76.7,4.0225
-18.4,-71.4,4.0214
-18.9,-84.1,4.0197
-3.3,-82.2,4.0194
-18.4,-80.9,4.0187
-19.4,-81.0,4.0141
-19.6,-83.7,4.0104999999999995
-19.9,-80.4,4.0064
-13.1,-82.5,4.0013
-19.1,-78.9,4.0008
-20.0,-82.8,4.0006
-15.4,-76.2,3.9999
-4.5,-84.9,3.9958
-17.9,-84.7,3.9908
-18.1,-72.8,3.9879
-6.8,-84.9,3.985
-8.2,-81.5,3.983
-7.4,-85.4,3.9816
-18.9,-76.6,3.9804
-3.8,-82.1,3.9799
-3.1,-84.1,3.9791
-6.2,-81.6,3.978
-17.8,-82.0,3.9779
-11.9,-79.7,3.9747
-7.2,-82.8,3.9747
-18.9,-78.8,3.9746000000000006
-18.1,-81.5,3.9718
-9.7,-85.5,3.9707000000000003
-17.5,-82.0,3.9699999999999998
-9.2,-84.0,3.9696000000000002
-16.2,-74.6,3.969
-19.3,-79.7,3.9545000000000003
-18.5,-83.6,3.9528
-1.8,-85.6,3.95
-15.7,-76.5,3.9442000000000004
-19.2,-79.4,3.9434
-19.3,-84.7,3.9417999999999997
-15.1,-76.4,3.9391
-13.2,-82.6,3.9371
-9.6,-84.3,3.9318
-18.7,-84.2,3.9292
-14.5,-82.7,3.9269
-19.8,-78.3,3.9181
-18.7,-83.2,3.9156
-6.5,-86.0,3.9107000000000003
-19.9,-78.0,3.9103
-8.3,-84.7,3.9088
-12.3,-79.5,3.9071000000000002
-18.5,-72.7,3.9032999999999998
-18.0,-82.2,3.9021
-15.0,-78.5,3.9019
-13.1,-82.3,3.8976
-6.8,-82.8,3.8974
-18.4,-74.1,3.8967
-15.8,-76.7,3.8944
-17.7,-83.2,3.8918999999999997
-19.9,-85.6,3.8872999999999998
-11.0,-84.5,3.8766
-18.4,-84.2,3.8762
-18.8,-82.6,3.8747000000000003
-3.7,-81.6,3.8743999999999996
-5.3,-83.0,3.8738
-19.0,-79.7,3.8726000000000003
-7.5,-81.3,3.8697
-10.4,-84.1,3.8669
-18.3,-74.0,3.8608000000000002
-12.1,-78.7,3.8577
-13.5,-82.9,3.8547
-16.7,-83.8,3.8543
-19.7,-82.4,3.8543
-8.2,-85.2,3.8524000000000003
-19.4,-82.8,3.8512
-13.7,-78.8,3.8505000000000003
-14.8,-76.7,3.8493000000000004
-1.6,-83.2,3.8487
-17.1,-73.7,3.8486
-7.1,-79.9,3.8484000000000003
-3.6,-81.2,3.8479
-1.0,-84.9,3.8413000000000004
-19.1,-78.8,3.8413
-18.3,-71.5,3.8387
-18.2,-79.5,3.8374
-18.6,-85.6,3.8369999999999997
-17.7,-83.8,3.8336
-18.4,-81.4,3.8331999999999997
-19.3,-82.6,3.8326000000000002
-3.2,-84.5,3.8324
-8.0,-82.0,3.8318
-10.0,-83.4,3.8286000000000002
-4.6,-82.6,3.8272
-3.3,-80.3,3.826
-18.6,-84.2,3.8247999999999998
-19.5,-80.9,3.8204000000000002
-16.3,-83.6,3.819
-18.3,-81.3,3.8155
-19.7,-85.0,3.8132
-16.3,-76.1,3.8099
-18.7,-72.4,3.8095000000000003
-19.7,-80.5,3.8083
-13.8,-77.4,3.808
-19.0,-86.0,3.8062
-1.1,-81.5,3.8033
-5.6,-81.7,3.8027
-13.6,-80.0,3.8011
-19.6,-79.5,3.7992999999999997
-16.2,-83.0,3.7983
-1.7,-83.1,3.7977
-19.3,-84.0,3.7938
-16.0,-74.3,3.7935
-17.6,-73.2,3.7911
-5.7,-81.2,3.7885
-11.9,-79.6,3.7879
-16.8,-78.5,3.7851999999999997
-12.1,-80.0,3.7777
-12.9,-78.9,3.7761
-8.9,-85.4,3.7724
-4.1,-83.9,3.7716
-18.6,-83.6,3.7698
-18.6,-72.5,3.766
-15.1,-75.8,3.7616
-1.3,-82.5,3.7587
-2.8,-82.9,3.7549
-16.9,-83.1,3.7535
-1.1,-82.5,3.7531
-10.5,-83.2,3.752
-15.4,-82.3,3.7516000000000003
-15.5,-77.7,3.7477
-14.0,-80.5,3.7443999999999997
-14.4,-79.1,3.7398000000000002
-19.5,-83.8,3.7351
-11.5,-84.3,3.7346
-19.6,-85.5,3.7334
-19.0,-76.5,3.7298999999999998
-19.8,-82.4,3.7289
-13.4,-77.2,3.7258999999999998
-10.8,-79.4,3.7258
-19.1,-82.9,3.7226
-1.4,-84.2,3.721
-8.1,-81.0,3.7179
-18.8,-84.7,3.7161999999999997
-18.7,-82.9,3.7103
-8.5,-80.0,3.7091
-19.7,-79.4,3.7077
-8.0,-81.1,3.7039
-13.4,-77.7,3.7015
-9.1,-85.8,3.6988
-19.9,-82.9,3.6929
-19.0,-84.9,3.6923
-16.5,-84.6,3.6888
-13.6,-82.3,3.6858
-19.3,-79.3,3.6851000000000003
-10.5,-83.7,3.679
-18.6,-80.6,3.6752000000000002
-2.4,-81.7,3.6738
-19.2,-82.7,3.6721000000000004
-10.4,-82.9,3.6707
-17.8,-82.2,3.6696
-7.8,-82.3,3.6693000000000002
-11.3,-84.5,3.6655
-10.3,-80.8,3.6616
-8.1,-80.6,3.6605
-11.2,-85.4,3.6602
-17.5,-82.2,3.6594
-8.3,-81.1,3.6590000000000003
-18.1,-82.0,3.6543
-12.0,-78.7,3.6502
-4.6,-82.2,3.6491
-13.8,-82.6,3.6485
-18.7,-84.0,3.6477000000000004
-19.1,-85.8,3.6455
-14.2,-77.9,3.6454999999999997
-18.7,-82.5,3.6454
-8.8,-80.7,3.6448
-15.6,-78.9,3.6436
-19.6,-79.1,3.6422999999999996
-12.4,-80.6,3.6422
-19.5,-83.3,3.6418
-12.4,-85.3,3.6374
-19.5,-83.6,3.6371
-14.2,-79.1,3.6361
-18.0,-81.7,3.6349
-2.6,-83.3,3.6344
-18.0,-72.1,3.6334999999999997
-13.2,-78.3,3.631
-18.3,-85.5,3.6305
-15.8,-82.4,3.6282
-7.5,-86.0,3.6263
-13.5,-78.7,3.6227
-1.7,-85.8,3.6222000000000003
-10.8,-83.8,3.6222
-16.7,-75.3,3.6221
-6.9,-81.7,3.621
-1.8,-84.6,3.6186
-16.0,-83.8,3.6166
-18.8,-73.3,3.6159
-19.0,-85.4,3.6156
-19.2,-82.2,3.6088
-18.2,-81.7,3.6073
-14.4,-82.7,3.6052
-1.2,-84.7,3.6027
-4.5,-82.5,3.6013
-9.7,-84.1,3.6013
-13.2,-77.5,3.5999000000000003
-1.4,-85.0,3.5995
-19.4,-82.3,3.599
-16.6,-83.8,3.5952
-12.0,-83.4,3.5935
-9.5,-84.5,3.5902
-13.9,-80.1,3.5900999999999996
-7.1,-85.2,3.5875
-6.5,-85.2,3.5845
-16.7,-74.8,3.5835999999999997
-16.2,-82.7,3.5774000000000004
-10.0,-79.7,3.5712
-14.4,-78.4,3.5697
-19.6,-84.9,3.566
-19.8,-85.1,3.5647
-20.0,-78.4,3.5643000000000002
-10.0,-85.8,3.563
-7.4,-83.4,3.5626
-13.7,-78.3,3.5616
-16.0,-81.0,3.5554
-16.5,-79.1,3.5551999999999997
-19.3,-79.2,3.554
-2.0,-85.9,3.5502
-8.6,-78.9,3.548
-18.5,-81.4,3.5421
-14.3,-76.7,3.5355
-11.4,-78.7,3.5347
-16.6,-74.4,3.5316
-12.2,-81.7,3.5311
-5.8,-81.2,3.5308
-19.7,-85.6,3.5279
-12.4,-79.3,3.5241
-17.9,-86.0,3.5238
-1.5,-82.9,3.523
-13.9,-78.9,3.5205
-15.5,-82.7,3.5163
-17.9,-82.2,3.5055
-16.7,-73.6,3.5027
-19.0,-82.6,3.5023
-11.1,-85.7,3.5022
-17.7,-82.9,3.5012
-19.8,-80.7,3.4993
-16.3,-75.6,3.4966
-18.3,-81.4,3.4946
-13.8,-77.3,3.4933
-11.0,-84.0,3.4927
-18.3,-80.3,3.4924
-6.7,-85.2,3.4919000000000002
-5.1,-82.1,3.4898
-18.2,-82.1,3.4871
-18.5,-80.9,3.4865
-18.4,-83.6,3.4865
-17.8,-82.9,3.4857000000000005
-1.5,-84.4,3.481
-19.2,-82.1,3.4787
-13.1,-78.9,3.4747000000000003
-18.7,-76.6,3.4735
-19.7,-81.0,3.4711
-11.3,-78.7,3.4690000000000003
-11.9,-82.7,3.4688
-16.1,-85.9,3.4683
-9.0,-81.3,3.4674
-7.7,-85.8,3.4663
-19.8,-85.7,3.466
-19.0,-85.0,3.4646
-15.7,-83.1,3.464
-4.6,-82.4,3.4637
-18.4,-71.5,3.4623
-12.0,-79.5,3.4565
-19.5,-82.0,3.4520999999999997
-17.7,-85.8,3.4508
-13.2,-79.6,3.4504
-12.6,-85.0,3.4493
-16.7,-74.4,3.4481
-18.4,-85.8,3.4471
-12.7,-79.5,3.4446
-15.5,-82.5,3.444
-19.7,-82.5,3.4435000000000002
-1.6,-84.4,3.4432
-16.2,-81.4,3.4391
-10.2,-79.7,3.4388
-19.5,-85.8,3.4388
-11.0,-80.7,3.4377
-7.9,-84.5,3.4354999999999998
-19.1,-84.0,3.4332
-20.0,-82.7,3.432
-11.3,-78.8,3.4313
-18.3,-83.6,3.4282
-19.2,-85.6,3.4234
-8.3,-82.5,3.423
-13.4,-79.3,3.4196
-3.2,-81.5,3.418
-10.6,-80.2,3.4179000000000004
-8.7,-84.8,3.4177
-12.4,-78.7,3.4170999999999996
-10.7,-83.5,3.4151
-13.0,-83.0,3.415
-13.1,-78.2,3.4108
-18.2,-84.5,3.409
-1.0,-82.0,3.4074
-13.7,-80.1,3.4043
-13.4,-77.6,3.4041
-18.4,-80.2,3.4038
-13.6,-77.6,3.4027
-9.4,-82.0,3.4005
-19.8,-79.9,3.4002
-4.0,-84.8,3.3997
-9.1,-83.7,3.3985
-18.7,-73.9,3.3971
-15.0,-77.1,3.3904
-18.8,-76.7,3.3868
-19.8,-84.2,3.3863000000000003
-18.6,-85.4,3.3849
-11.2,-85.3,3.3813
-15.8,-81.7,3.3812
-18.5,-79.9,3.3794
-17.8,-84.4,3.3787000000000003
-18.7,-80.6,3.3742
-1.5,-81.3,3.3739
-20.0,-78.2,3.3734
-18.6,-80.8,3.3711
-15.3,-85.4,3.3688
-7.9,-84.4,3.3686
-18.5,-85.9,3.3682
-17.2,-75.0,3.3649
-18.1,-81.8,3.3646000000000003
-17.5,-84.5,3.3641
-16.7,-83.5,3.3622
-18.9,-76.2,3.3621
-19.9,-79.1,3.3618
-15.2,-78.3,3.3554
-17.2,-86.0,3.351
-16.4,-84.3,3.3494
-19.2,-84.6,3.3457
-20.0,-80.0,3.3440000000000003
-2.7,-82.2,3.3432
-6.7,-81.2,3.3419999999999996
-16.4,-83.4,3.3394
-15.5,-84.8,3.3377
-16.8,-82.9,3.3335
-19.8,-80.6,3.3334
-10.5,-79.4,3.3302
-3.2,-84.3,3.3288
-17.8,-72.0,3.3277
-16.3,-75.2,3.3243
-18.7,-79.3,3.3226
-9.1,-81.2,3.3226
-19.7,-71.1,3.3188
-19.1,-84.6,3.3179
-20.0,-83.9,3.3173
-13.0,-80.0,3.3161
-15.5,-76.8,3.3152
-19.9,-85.7,3.3098
-9.6,-83.9,3.3076999999999996
-18.4,-74.2,3.3074000000000003
-8.8,-85.7,3.3068
-13.4,-79.0,3.3026
-17.1,-85.0,3.3008
-19.9,-80.7,3.3005
-2.5,-84.0,3.3002000000000002
-3.0,-82.8,3.298
-12.7,-77.9,3.2915
-18.2,-83.4,3.2908
-17.9,-84.6,3.2896
-14.0,-77.3,3.2857000000000003
-18.8,-84.2,3.2852
-19.2,-79.5,3.2852
-10.3,-80.1,3.2833
-18.9,-85.4,3.2826
-18.4,-71.3,3.2751
-10.2,-83.0,3.2736
-1.6,-81.3,3.2725999999999997
-8.0,-84.6,3.2671
-19.5,-81.1,3.2629
-2.4,-81.6,3.259
-1.2,-85.0,3.2584999999999997
-5.6,-82.8,3.2554
-19.1,-84.9,3.2525
-11.3,-78.9,3.2504999999999997
-19.0,-84.1,3.2496
-15.7,-85.4,3.2493
-2.7,-81.5,3.2491
-19.8,-79.5,3.2461
-17.0,-73.5,3.2446
-19.7,-81.9,3.2426
-13.0,-77.9,3.2412
-12.1,-80.6,3.2327
-16.0,-83.0,3.2324
-3.1,-83.4,3.2319
-15.7,-81.3,3.2309
-17.7,-81.7,3.2304999999999997
-18.7,-79.7,3.2293999999999996
-12.6,-83.7,3.2272
-6.3,-86.0,3.2241
-15.2,-76.4,3.2235
-19.3,-79.4,3.2224999999999997
-18.3,-84.4,3.2193
-8.8,-80.6,3.2187
-19.6,-82.4,3.2146
-15.2,-75.7,3.2126
-15.1,-83.3,3.2115
-18.7,-85.4,3.2088
-10.0,-84.2,3.2019
-19.7,-80.7,3.2005
-1.9,-85.9,3.1997
-16.4,-75.7,3.1952
-8.7,-80.9,3.1896
-1.8,-84.8,3.1891
-19.0,-85.8,3.1868
-2.8,-83.7,3.1822
-19.8,-84.9,3.1789
-18.8,-85.9,3.1784
-3.8,-81.5,3.1783
-8.7,-83.7,3.1769
-19.9,-78.2,3.1756
-15.5,-77.4,3.1699
-11.9,-80.2,3.1697
-13.1,-79.5,3.1691
-20.0,-85.6,3.1687000000000003
-18.7,-74.4,3.168
-9.8,-85.2,3.1662999999999997
-8.6,-80.0,3.157
-20.0,-78.1,3.1565000000000003
-10.1,-83.8,3.1558
-19.8,-73.8,3.1552
-19.3,-82.2,3.1551
-16.6,-81.2,3.1544
-8.3,-85.2,3.1524
-19.5,-81.7,3.1510000000000002
-3.7,-81.4,3.1510000000000002
-2.1,-84.0,3.1461
-18.8,-80.6,3.1418
-17.2,-83.2,3.141
-18.8,-85.2,3.1402
-19.5,-82.4,3.1388999999999996
-17.5,-77.3,3.1383
-19.1,-81.8,3.1371
-16.0,-83.5,3.1352
-19.4,-83.8,3.134
-1.2,-81.9,3.134
-10.2,-85.8,3.1305
-20.0,-80.2,3.1285
-10.6,-84.2,3.1277
-16.4,-74.1,3.1251
-18.7,-82.4,3.1229
-15.3,-78.5,3.1224
-19.1,-79.7,3.1203000000000003
-18.2,-84.3,3.1154
-17.9,-84.9,3.1132
-15.2,-77.6,3.1113
-19.5,-84.9,3.1104
-19.8,-81.0,3.1087
-17.6,-82.9,3.108
-9.1,-81.3,3.1073999999999997
-10.6,-83.3,3.1051
-4.1,-84.9,3.1020999999999996
-10.1,-83.9,3.0986
-16.7,-81.2,3.0943
-19.3,-81.3,3.0923999999999996
-11.5,-83.2,3.0918
-15.6,-75.8,3.0911
-13.1,-80.2,3.0911
-19.2,-78.8,3.0894
-19.0,-85.9,3.0867999999999998
-1.8,-84.4,3.0822
-1.8,-82.6,3.0813
-1.9,-81.6,3.0786
-19.4,-81.2,3.0768
-20.0,-81.0,3.076
-19.8,-78.0,3.0745
-19.6,-86.0,3.0735
-18.8,-80.5,3.0709
-17.2,-72.8,3.0679999999999996
-18.7,-72.5,3.0667
-12.6,-78.0,3.0652
-19.9,-85.0,3.0627
-16.5,-75.4,3.0619
-13.1,-83.4,3.0613
-12.8,-78.5,3.0566
-8.7,-81.6,3.0563000000000002
-18.9,-85.8,3.0552
-11.1,-79.6,3.0532
-1.6,-82.9,3.0532
-18.3,-84.3,3.0518
-12.4,-78.8,3.0491
-15.0,-84.7,3.0469
-7.8,-85.7,3.0444
-16.6,-84.4,3.0433
-13.9,-77.4,3.0375
-19.6,-80.4,3.037
-19.9,-78.3,3.0332
-18.3,-85.6,3.0331
-19.2,-82.5,3.0328999999999997
-2.8,-82.4,3.0327
-19.0,-82.2,3.0305
-10.4,-79.6,3.0293
-19.7,-79.1,3.0282
-18.9,-86.0,3.0279000000000003
-13.1,-77.4,3.0277000000000003
-7.9,-85.0,3.0255
-8.0,-80.6,3.0255
-15.5,-83.3,3.0252
-13.1,-78.8,3.0213
-7.0,-81.1,3.021
-1.5,-85.4,3.0185
-19.4,-82.0,3.0174000000000003
-2.5,-81.8,3.0166
-19.6,-84.7,3.0126
-1.4,-84.9,3.0107000000000004
-19.5,-84.2,3.0103999999999997
-13.6,-79.4,3.0069
-11.3,-85.0,3.0015
-19.6,-81.5,3.0012999999999996
-3.7,-81.2,3.0007
-10.8,-85.5,2.9993
-16.1,-83.1,2.9988
-16.2,-74.8,2.9984
-18.3,-84.2,2.9943
-19.1,-84.5,2.9943
-19.4,-83.9,2.9932
-16.5,-75.6,2.9871000000000003
-1.3,-85.0,2.9871
-15.6,-75.2,2.9866
-17.3,-83.2,2.9838
-16.8,-83.0,2.9829
-19.7,-85.7,2.9802
-15.9,-81.6,2.9801
-2.1,-81.8,2.9774
-2.0,-84.2,2.9774
-14.9,-78.1,2.9762999999999997
-10.9,-79.2,2.9738
-18.7,-79.9,2.9720999999999997
-4.0,-84.6,2.9705
-8.7,-81.3,2.9694000000000003
-1.1,-83.7,2.9665
-19.0,-85.6,2.9651
-19.4,-81.1,2.964
-11.9,-80.0,2.9611
-1.2,-82.8,2.9607
-10.4,-84.3,2.9602
-11.8,-78.6,2.9588
-14.1,-78.4,2.9566
-19.6,-73.8,2.9547
-18.9,-85.1,2.9531
-16.8,-74.8,2.9526000000000003
-5.6,-82.3,2.9526000000000003
-19.2,-85.9,2.9524
-9.0,-84.0,2.9505
-17.9,-73.3,2.9501
-19.2,-80.1,2.9501
-18.2,-81.6,2.9481
-7.8,-81.8,2.9396999999999998
-9.9,-81.1,2.9371
-11.3,-85.7,2.9354
-11.4,-83.7,2.935
-13.7,-82.3,2.9345999999999997
-20.0,-80.1,2.9314
-15.4,-82.7,2.931
-9.3,-82.0,2.9263
-16.0,-83.2,2.9258
-1.5,-84.9,2.924
-10.1,-85.8,2.9227
-18.6,-73.5,2.9226
-14.1,-82.6,2.9199
-17.9,-81.8,2.9168
-18.8,-82.7,2.9164000000000003
-19.7,-79.6,2.9145
-1.6,-83.0,2.9107000000000003
-15.2,-78.5,2.9105
-8.0,-83.7,2.9088
-8.0,-85.1,2.9072
-15.6,-78.8,2.9061
-19.8,-80.5,2.9059
-14.7,-76.8,2.9052
-19.3,-81.4,2.9049
-11.4,-83.0,2.9049
-4.3,-83.1,2.9047
-19.6,-81.2,2.9037
-10.6,-85.4,2.9025
-18.7,-81.2,2.9011
-1.6,-84.3,2.901
-18.8,-83.9,2.8966000000000003
-19.8,-78.4,2.894
-1.5,-85.2,2.8932
-18.9,-73.4,2.8927
-9.9,-83.8,2.8913
-13.0,-78.5,2.8899
-19.2,-84.2,2.8876
-13.3,-79.1,2.8874
-7.6,-80.6,2.8833
-19.9,-79.6,2.8833
-6.9,-81.6,2.8811999999999998
-4.6,-81.5,2.8805
-13.9,-82.7,2.8798
-18.0,-72.2,2.8794
-19.7,-84.7,2.8788
-13.8,-80.1,2.8772
-19.7,-78.9,2.8762
-19.4,-79.7,2.8754
-16.3,-75.3,2.8749000000000002
-18.9,-83.6,2.8737
-19.9,-81.5,2.8731
-16.6,-77.6,2.8722
-11.8,-79.7,2.8718000000000004
-9.9,-83.3,2.8716
-18.5,-84.0,2.8712
-19.1,-79.8,2.871
-7.3,-82.6,2.8702
-16.9,-75.4,2.8691
-11.0,-85.1,2.8688
-15.9,-76.8,2.8683
-2.0,-84.7,2.8683
-19.2,-85.4,2.8668
-18.7,-85.9,2.8634000000000004
-17.6,-83.1,2.8624
-12.3,-78.2,2.8618
-2.9,-84.2,2.8601
-2.5,-81.5,2.859
-15.9,-85.3,2.8579
-11.4,-80.5,2.8555
-16.4,-75.6,2.8552
-9.7,-80.9,2.8519
-12.7,-80.3,2.8516
-12.8,-78.4,2.8512
-9.8,-84.1,2.8494
-19.6,-81.6,2.8471
-3.5,-81.9,2.8461
-9.6,-80.5,2.8455
-8.0,-80.2,2.8451999999999997
-17.4,-83.1,2.8443
-19.9,-84.9,2.8399
-19.3,-79.5,2.8387000000000002
-10.1,-82.7,2.8354
-19.4,-75.1,2.8333
-15.0,-78.3,2.8319
-19.5,-80.5,2.8318
-11.9,-79.3,2.8308
-2.4,-85.9,2.8294
-18.9,-70.6,2.8268999999999997
-12.0,-84.6,2.8263
-18.5,-70.9,2.8263
-19.3,-80.6,2.8225
-19.3,-81.8,2.8215
-3.3,-84.0,2.8193
-15.6,-82.4,2.8191
-19.5,-81.0,2.8189
-8.5,-84.0,2.8174
-7.2,-81.3,2.8158
-19.6,-80.6,2.8143000000000002
-19.0,-84.4,2.8133
-19.3,-82.3,2.813
-7.3,-83.5,2.8111
-15.1,-83.9,2.8096
-13.9,-82.6,2.8074
-8.0,-82.3,2.8073
-19.3,-85.9,2.8043
-18.6,-81.3,2.8021
-16.0,-74.4,2.8013
-18.7,-80.8,2.7996000000000003
-1.5,-83.5,2.7996
-5.2,-82.8,2.7994
-13.9,-77.2,2.7993
-9.3,-81.7,2.7991
-13.5,-77.5,2.7988
-14.9,-75.9,2.798
-19.2,-84.0,2.7946
-18.0,-82.9,2.7908
-19.0,-83.6,2.7884
-11.7,-79.6,2.7868999999999997
-18.7,-80.9,2.7855
-8.3,-80.5,2.7804
-15.7,-84.5,2.7796000000000003
-10.6,-81.5,2.7791
-3.9,-82.0,2.7761
-19.8,-81.9,2.7759
-17.5,-83.2,2.7749
-16.7,-85.9,2.7724
-8.7,-80.5,2.7719
-20.0,-82.5,2.769
-18.3,-82.9,2.7674
-3.7,-84.4,2.7672
-8.6,-80.9,2.7669
-13.3,-77.7,2.7656
-19.0,-80.1,2.7640000000000002
-9.9,-80.0,2.7638
-18.9,-82.8,2.7612
-18.2,-73.9,2.7592999999999996
-9.4,-82.5,2.7591
-19.4,-85.7,2.7568
-12.5,-78.8,2.7552
-9.0,-80.6,2.7552
-15.4,-76.3,2.7516
-18.6,-83.2,2.7514
-9.5,-81.8,2.7508
-11.9,-79.4,2.7482
-17.6,-83.8,2.7477
-18.8,-84.9,2.7441000000000004
-8.6,-81.6,2.7438
-15.5,-82.9,2.7434000000000003
-11.0,-79.3,2.7433
-11.6,-81.1,2.7427
-16.7,-74.7,2.7422
-7.4,-82.2,2.7337000000000002
-6.7,-84.9,2.725
-19.9,-80.1,2.7235
-12.4,-78.0,2.7179
-14.1,-77.1,2.7168
-13.6,-77.7,2.7138
-17.2,-72.7,2.7132
-5.5,-82.3,2.7116
-19.8,-78.2,2.7087000000000003
-13.5,-77.2,2.7083000000000004
-10.6,-79.2,2.7079
-10.8,-79.2,2.7041
-17.3,-74.6,2.7016
-19.7,-81.6,2.7016
-19.1,-85.6,2.6977
-18.1,-73.8,2.6963999999999997
-15.7,-75.1,2.6963
-9.3,-84.0,2.6952
-1.9,-84.4,2.6921
-18.1,-84.3,2.6918
-16.6,-85.7,2.6896
-10.0,-82.3,2.6894
-19.6,-83.4,2.6887
-12.8,-79.7,2.6886
-1.3,-85.6,2.6841
-14.0,-78.1,2.6841
-7.5,-81.4,2.6819
-12.9,-77.8,2.6816
-16.4,-76.0,2.6806
-3.2,-84.0,2.6805
-12.8,-82.3,2.6791
-11.6,-81.2,2.6755
-10.8,-82.7,2.6718
-18.0,-81.9,2.6704999999999997
-2.8,-81.9,2.6683
-19.7,-78.6,2.6657
-16.9,-78.3,2.6627
-18.2,-85.4,2.6619
-19.9,-82.1,2.6617
-13.3,-79.2,2.6555
-8.5,-80.1,2.6549
-1.6,-82.8,2.6525
-16.6,-77.9,2.6525
-17.4,-82.9,2.6524
-1.1,-84.2,2.6511
-13.2,-85.7,2.6505
-18.9,-84.4,2.6488
-16.3,-73.7,2.6485000000000003
-19.2,-84.8,2.6459
-19.4,-82.2,2.6459
-3.1,-82.9,2.6443000000000003
-6.8,-82.9,2.6383
-7.7,-81.5,2.6382000000000003
-14.8,-79.6,2.638
-9.8,-83.0,2.6376
-17.2,-72.6,2.6374
-14.2,-79.0,2.6336
-1.0,-84.8,2.6329000000000002
-16.5,-75.0,2.632
-9.6,-83.5,2.6316
-8.9,-85.5,2.63
-7.5,-80.6,2.6287000000000003
-19.8,-77.9,2.6276
-18.5,-84.7,2.6263
-18.5,-81.3,2.6252
-9.0,-80.4,2.6225
-8.9,-84.0,2.6216
-17.3,-85.8,2.6202
-15.3,-78.6,2.619
-11.9,-79.8,2.6183
-4.2,-81.4,2.616
-18.7,-83.6,2.6159
-11.0,-85.0,2.6155
-19.6,-80.8,2.6154
-2.7,-80.5,2.6136
-19.3,-79.6,2.6132
-19.4,-82.1,2.6104
-1.6,-85.5,2.6099
-11.2,-84.5,2.6088
-11.2,-85.2,2.6087999999999996
-5.1,-81.3,2.6063
-15.5,-76.6,2.6061
-18.2,-85.7,2.6035000000000004
-16.1,-76.6,2.603
-19.8,-80.8,2.5974
-20.0,-79.1,2.5965
-18.5,-82.0,2.596
-18.4,-84.4,2.5952
-19.6,-79.2,2.5946
-3.6,-82.0,2.5941
-17.3,-82.9,2.5938
-2.1,-84.1,2.5899
-5.3,-81.4,2.5899
-8.7,-81.0,2.5894
-18.6,-72.2,2.5869999999999997
-16.9,-75.5,2.5846999999999998
-14.5,-78.1,2.5845000000000002
-7.9,-84.6,2.5841000000000003
-17.0,-73.1,2.5799
-19.6,-81.3,2.5763
-3.8,-84.5,2.5747
-19.5,-84.8,2.5691
-16.2,-74.3,2.5672
-7.9,-82.0,2.5637999999999996
-14.2,-81.8,2.5633999999999997
-19.1,-76.5,2.5618
-15.4,-78.4,2.5602
-18.1,-73.6,2.5591
-18.6,-84.3,2.5554
-13.3,-79.9,2.555
-4.4,-81.8,2.5535
-9.3,-81.3,2.5521000000000003
-17.4,-74.0,2.5499
-11.4,-81.4,2.5497
-15.9,-79.3,2.5471
-18.6,-79.7,2.5449
-19.4,-81.7,2.5435
-19.7,-78.8,2.5418999999999996
-19.4,-74.6,2.5399000000000003
-16.6,-83.1,2.5361000000000002
-12.9,-78.5,2.5355
-17.2,-74.5,2.5354
-16.2,-78.9,2.5291
-20.0,-85.3,2.5283
-9.0,-84.6,2.528
-10.9,-83.9,2.5271
-13.5,-78.3,2.5266
-16.0,-81.7,2.5247
-15.5,-81.8,2.524
-6.8,-80.7,2.5237999999999996
-19.1,-82.7,2.5234
-3.5,-82.9,2.523
-19.6,-84.1,2.5227000000000004
-14.5,-77.1,2.5138
-5.5,-81.5,2.5136
-18.9,-84.3,2.5135
-18.6,-81.2,2.513
-13.9,-82.2,2.5118
-7.8,-83.4,2.5116
-16.9,-75.0,2.5115
-2.3,-81.6,2.5107999999999997
-19.3,-81.1,2.5107
-5.8,-82.8,2.5102
-19.3,-84.2,2.5084999999999997
-11.8,-83.0,2.5071000000000003
-16.6,-73.0,2.5066
-15.8,-76.4,2.5061
-9.7,-83.2,2.5058
-1.5,-85.5,2.5038
-19.1,-82.1,2.5032
-16.4,-82.1,2.503
-18.5,-80.8,2.5024
-18.5,-70.4,2.502
-18.3,-84.6,2.4999000000000002
-6.2,-81.2,2.4994
-8.1,-81.2,2.499
-4.3,-84.8,2.498
-9.9,-84.4,2.4963
-5.3,-84.2,2.4961
-17.3,-74.4,2.4959
-8.9,-81.5,2.4952
-14.7,-76.6,2.4935
-14.4,-77.8,2.4929
-19.8,-81.6,2.4913
-16.2,-84.9,2.4893
-14.4,-79.7,2.4888
-15.4,-76.1,2.4858
-2.0,-81.9,2.4852
-8.6,-80.4,2.4841
-18.9,-82.3,2.484
-19.9,-81.1,2.4838
-13.5,-82.4,2.4825
-19.9,-80.3,2.4823
-19.6,-84.0,2.4813
-18.4,-82.9,2.4808
-19.3,-83.9,2.48
-18.3,-84.1,2.4788
-12.6,-79.5,2.4761
-19.7,-79.5,2.4741
-16.3,-74.2,2.4716
-13.1,-77.9,2.4705
-8.0,-80.9,2.4685
-8.5,-82.0,2.4677
-17.6,-84.4,2.4672
-15.3,-77.5,2.4652000000000003
-3.1,-83.6,2.4649
-5.7,-81.1,2.4619
-8.4,-85.0,2.4597
-1.4,-85.1,2.4594
-20.0,-80.4,2.4588
-2.2,-81.1,2.4575
-15.0,-75.7,2.4546
-15.2,-77.2,2.4533
-17.4,-75.3,2.4526000000000003
-2.2,-81.9,2.4504
-18.8,-79.2,2.4459
-18.8,-81.1,2.4452
-18.6,-82.6,2.4431
-4.0,-85.0,2.4426
-19.1,-70.6,2.4424
-9.6,-80.6,2.4416
-12.2,-79.3,2.4415
-19.3,-81.5,2.4413
-8.0,-85.6,2.4394
-7.1,-80.3,2.4349
-17.9,-82.1,2.4346
-18.6,-81.8,2.4333
-19.6,-80.7,2.4314999999999998
-16.1,-74.3,2.4299
-18.5,-81.0,2.4293
-14.4,-77.6,2.4284999999999997
-19.1,-74.5,2.4255
-1.7,-84.4,2.4252000000000002
-14.5,-79.7,2.4222
-16.4,-74.0,2.4215
-18.6,-85.1,2.4213
-19.5,-79.7,2.4202
-11.6,-85.0,2.4175
-16.3,-74.6,2.4173999999999998
-10.5,-84.1,2.4166
-17.9,-85.8,2.4147
-19.5,-85.9,2.4137
-6.2,-81.4,2.4135
-15.6,-82.3,2.4124
-11.4,-84.1,2.4091
-19.3,-82.5,2.409
-9.3,-84.1,2.408
-17.9,-82.3,2.4049
-17.7,-74.2,2.4048
-14.0,-82.6,2.4024
-19.5,-81.8,2.4019
-7.7,-83.4,2.4019
-19.5,-70.4,2.4016
-11.5,-79.2,2.4013
-8.0,-86.0,2.4008
-16.5,-73.9,2.4007
-9.1,-81.4,2.4002
-18.2,-82.0,2.399
-12.1,-85.3,2.3977
-17.8,-83.2,2.3975
-19.3,-70.8,2.3966
-19.4,-85.8,2.3965
-10.8,-79.5,2.3965
-18.7,-84.8,2.396
-13.4,-78.3,2.3938
-12.6,-77.9,2.3937999999999997
-19.7,-85.9,2.3935
-19.0,-85.2,2.3935
-18.9,-76.5,2.3932
-1.1,-85.3,2.3931999999999998
-19.5,-81.4,2.3918
-7.6,-81.3,2.391
-15.1,-77.1,2.3894
-17.3,-77.3,2.3855
-14.9,-76.0,2.3850000000000002
-3.5,-82.7,2.3833
-3.3,-84.1,2.3827
-12.4,-79.0,2.3805
-11.5,-82.9,2.3771
-19.5,-84.7,2.3750999999999998
-7.9,-82.3,2.3744
-19.1,-80.7,2.3741000000000003
-19.6,-79.6,2.3735
-17.2,-72.5,2.3702
-7.5,-80.9,2.3696
-12.8,-77.9,2.3691
-18.2,-74.7,2.3685
-9.9,-79.9,2.3663
-17.0,-77.6,2.3644
-13.8,-82.1,2.3643
-18.6,-84.5,2.3597
-16.7,-82.8,2.3583
-20.0,-85.9,2.3552
-18.1,-86.0,2.353
-3.6,-82.9,2.3516
-17.0,-86.0,2.3502
-19.9,-80.6,2.3493
-3.9,-82.9,2.3402
-15.7,-81.7,2.3399
-17.0,-85.9,2.3382
-13.6,-79.6,2.3372
-19.4,-84.3,2.3359
-18.5,-85.4,2.3352
-8.0,-85.8,2.3347
-16.3,-76.2,2.3336
-19.7,-83.1,2.3326000000000002
-18.3,-85.7,2.3320000000000003
-18.4,-81.7,2.332
-7.6,-80.8,2.3302
-3.9,-83.9,2.3293
-18.9,-79.2,2.3269
-16.3,-82.1,2.3238
-6.1,-84.4,2.3236
-5.2,-81.4,2.3196
-14.6,-77.6,2.3179
-3.0,-83.5,2.3163
-5.4,-84.3,2.3158
-9.5,-80.7,2.3118000000000003
-13.2,-82.2,2.3097
-19.9,-71.0,2.3066
-17.7,-74.8,2.3043
-15.8,-77.2,2.3041
-19.1,-79.4,2.3032
-18.3,-83.3,2.303
-16.9,-73.1,2.3022
-19.9,-78.5,2.299
-12.3,-78.6,2.2972
-8.1,-85.4,2.2954999999999997
-19.6,-79.7,2.2938
-15.0,-76.7,2.2938
-8.5,-81.5,2.2936
-11.6,-82.9,2.2933
-17.1,-78.2,2.29
-19.8,-79.3,2.2896
-18.6,-83.7,2.2888
-5.7,-81.3,2.2849
-10.1,-84.3,2.2836
-14.9,-85.9,2.2833
-15.7,-76.2,2.2832
-3.8,-82.0,2.2813
-12.2,-82.9,2.2801
-9.4,-84.5,2.2766
-16.6,-74.9,2.2757
-17.6,-78.1,2.273
-17.0,-74.7,2.2697000000000003
-15.8,-75.2,2.2682
-19.6,-81.4,2.267
-19.9,-79.0,2.2664999999999997
-19.4,-84.0,2.2644
-18.5,-81.6,2.2576
-11.8,-82.6,2.2557
-18.3,-84.5,2.2554
-10.9,-80.7,2.2535
-17.6,-73.9,2.253
-10.9,-78.7,2.2501
-16.3,-82.7,2.2499000000000002
-10.5,-80.0,2.2469
-18.5,-73.8,2.2467
-19.6,-81.9,2.2463
-18.6,-76.9,2.2462999999999997
-10.4,-84.9,2.2462999999999997
-19.8,-80.0,2.2456
-18.1,-85.7,2.2449
-17.8,-72.7,2.2443
-19.6,-80.5,2.2420999999999998
-13.6,-80.5,2.2413
-16.9,-78.8,2.2407
-14.9,-78.0,2.2397
-3.8,-82.7,2.2388
-13.9,-82.1,2.2384000000000004
-19.0,-80.5,2.2348
-17.8,-72.4,2.2344
-18.0,-81.8,2.2326
-14.0,-82.3,2.2326
-9.2,-83.8,2.2325
-19.3,-85.3,2.2311
-18.9,-85.3,2.231
-17.6,-83.2,2.2298999999999998
-19.6,-80.9,2.2294
-17.4,-73.8,2.229
-18.5,-83.2,2.2273
-15.7,-77.5,2.2269
-11.7,-82.8,2.2255
-14.7,-83.6,2.2252
-19.1,-84.4,2.2245999999999997
-13.0,-79.4,2.2237
-6.6,-81.7,2.2229
-9.2,-84.4,2.2216
-19.0,-85.5,2.2182
-17.4,-72.9,2.2175000000000002
-14.3,-78.1,2.2162
-19.1,-85.4,2.2152
-15.3,-75.9,2.2149
-19.3,-85.8,2.214
-5.1,-82.3,2.2133
-18.2,-81.5,2.2123
-19.4,-85.6,2.2113
-19.3,-84.6,2.2113
-6.5,-81.7,2.2104
-10.6,-80.1,2.2094
-1.4,-82.4,2.209
-17.1,-83.2,2.2076000000000002
-3.3,-84.2,2.2074
-4.6,-82.3,2.2071
-18.9,-80.6,2.206
-19.1,-86.0,2.206
-19.1,-79.0,2.2049000000000003
-1.5,-85.1,2.204
-10.1,-85.5,2.2024
-4.5,-82.2,2.2005
-1.4,-82.8,2.2002
-15.2,-76.5,2.2
-12.4,-77.9,2.1994000000000002
-3.3,-81.8,2.1955
-3.9,-81.7,2.1934
-7.6,-82.0,2.1932
-9.6,-80.9,2.1902
-10.0,-84.9,2.1855
-16.8,-82.0,2.184
-19.3,-73.1,2.1824000000000003
-7.8,-86.0,2.1823
-1.7,-85.9,2.1821
-13.9,-82.5,2.1816000000000004
-11.7,-83.9,2.1754000000000002
-11.5,-78.7,2.1736
-19.1,-82.8,2.1726
-19.4,-79.6,2.1705
-8.4,-80.4,2.1691
-7.4,-81.3,2.1674
-12.2,-78.5,2.1652
-13.8,-79.9,2.1641
-16.8,-85.9,2.1624999999999996
-5.9,-81.4,2.1616
-11.0,-79.0,2.1604
-13.9,-77.1,2.1558
-1.8,-85.7,2.1516
-19.2,-84.9,2.1508
-18.1,-84.5,2.15
-11.6,-79.0,2.1499
-2.4,-82.1,2.1483
-18.8,-79.6,2.1468
-2.3,-86.0,2.1463
-18.9,-85.5,2.1452
-18.9,-80.5,2.1449
-18.3,-85.8,2.1435
-15.0,-76.0,2.1424
-13.6,-82.9,2.1421
-10.0,-83.7,2.1391
-11.2,-84.8,2.1383
-1.4,-81.8,2.1377
-20.0,-81.2,2.1368
-17.9,-81.9,2.1363
-19.1,-80.6,2.1358
-1.8,-84.9,2.134
-16.3,-82.0,2.1297
-17.8,-72.5,2.1296
-9.2,-80.8,2.1291
-15.9,-81.8,2.126
-8.0,-80.5,2.1249
-16.9,-85.9,2.1239999999999997
-9.8,-80.1,2.1205
-19.5,-79.5,2.1182
-19.4,-84.2,2.1173
-19.5,-80.6,2.1146000000000003
-4.2,-84.8,2.1144
-6.0,-84.3,2.1141
-1.6,-84.7,2.1132
-1.6,-85.2,2.1125
-17.8,-82.1,2.1124
-11.8,-82.9,2.1118
-16.4,-74.5,2.1099
-19.8,-78.9,2.1096
-18.2,-85.5,2.1093
-19.0,-80.8,2.1077000000000004
-8.5,-84.7,2.1066
-11.8,-79.8,2.1033
-17.7,-74.3,2.1031
-17.2,-82.9,2.1018
-1.4,-84.1,2.1007
-18.6,-79.4,2.0999
-5.9,-82.1,2.0982
-19.3,-70.6,2.0971
-1.5,-82.3,2.0958
-19.6,-83.3,2.0957
-4.1,-82.7,2.095
-4.5,-82.3,2.0927
-8.8,-81.5,2.0905
-18.8,-85.4,2.0853
-20.0,-78.9,2.0843
-18.4,-84.7,2.0818000000000003
-18.8,-84.4,2.0816
-13.4,-79.9,2.0769
-16.5,-82.8,2.0763
-17.5,-84.3,2.0761
-17.8,-82.4,2.0757
-17.9,-84.5,2.0754
-13.4,-77.9,2.0743
-14.3,-76.9,2.0743
-1.9,-85.0,2.0724
-18.1,-82.1,2.0709
-15.9,-82.4,2.0703
-17.6,-82.2,2.0691
-16.5,-75.9,2.0685000000000002
-11.7,-77.3,2.0682
-19.2,-81.3,2.066
-1.8,-84.2,2.0616
-16.7,-77.6,2.0613
-14.3,-76.8,2.0585
-19.2,-79.9,2.0571
-19.6,-85.1,2.0569
-18.2,-82.2,2.0563000000000002
-18.7,-84.9,2.0549
-5.0,-82.3,2.0541
-2.7,-80.6,2.0541
-2.4,-84.3,2.0505
-15.6,-75.1,2.05
-10.3,-84.3,2.0461
-2.3,-81.5,2.046
-19.3,-81.7,2.0441000000000003
-7.6,-80.4,2.0431999999999997
-6.7,-82.4,2.0413
-14.7,-76.0,2.0383
-5.0,-81.8,2.0382
-16.4,-83.0,2.0382
-9.5,-80.0,2.0360000000000005
-14.4,-82.6,2.035
-12.6,-79.8,2.0338000000000003
-19.0,-81.6,2.0311
-16.6,-82.8,2.0308
-18.2,-84.2,2.0305
-16.3,-74.4,2.0288
-18.9,-82.2,2.0287
-10.8,-83.7,2.0275999999999996
-15.8,-83.0,2.0258
-4.0,-82.8,2.0258
-18.9,-81.7,2.0255
-11.9,-85.4,2.0255
-18.2,-74.5,2.0238
-6.1,-81.2,2.0236
-16.3,-84.4,2.0188
-16.2,-75.8,2.0168
-20.0,-81.7,2.0124
-17.2,-78.7,2.011
-13.1,-78.4,2.0099
-20.0,-85.5,2.0096
-5.1,-82.4,2.0088
-6.8,-82.6,2.008
-11.0,-79.4,2.008
-1.2,-81.7,2.0052
-18.5,-82.9,2.0046
-16.2,-75.2,2.0029
-18.9,-74.0,2.0005
-18.4,-84.3,1.9974
-17.3,-78.4,1.9957
-3.4,-81.8,1.9927
-7.0,-81.3,1.9916
-8.9,-81.0,1.991
-11.5,-78.6,1.9902
-19.7,-80.6,1.9898999999999998
-2.5,-84.2,1.9897
-12.8,-78.6,1.985
-1.6,-83.6,1.9843
-19.7,-80.1,1.9837
-14.5,-79.0,1.9822
-16.8,-78.0,1.9766
-19.9,-79.9,1.9763000000000002
-12.3,-79.9,1.9744
-6.7,-80.6,1.9738
-7.8,-81.7,1.9724
-19.9,-85.8,1.9716
-15.1,-77.5,1.9708
-20.0,-84.0,1.97
-5.4,-83.5,1.9697
-9.3,-83.9,1.9691
-8.6,-81.2,1.9688
-11.5,-83.9,1.9675000000000002
-18.8,-72.8,1.9672
-17.9,-72.1,1.9632
-18.8,-84.3,1.9577
-12.0,-80.8,1.9561
-11.0,-77.7,1.9558
-14.0,-78.3,1.9547
-18.6,-72.4,1.9529
-14.0,-77.8,1.9519
-17.2,-74.4,1.9514999999999998
-1.1,-83.8,1.9508
-18.7,-81.3,1.9505
-15.0,-77.8,1.9502
-12.1,-78.6,1.9494
-11.2,-83.4,1.9493
-4.4,-82.4,1.9447
-11.2,-86.0,1.9444
-3.5,-84.5,1.9433
-12.2,-80.0,1.9433
-17.4,-85.8,1.9419
-14.4,-77.4,1.9394
-16.4,-85.2,1.9376
-19.1,-81.7,1.936
-19.2,-83.9,1.9359000000000002
-19.1,-84.7,1.9359
-5.9,-82.0,1.9341
-6.1,-81.3,1.9341
-16.4,-82.6,1.9341
-19.5,-79.4,1.9335
-19.9,-80.9,1.9333
-16.8,-74.7,1.9327
-18.4,-83.7,1.9325999999999999
-5.6,-82.5,1.9325
-10.4,-83.4,1.931
-16.7,-75.5,1.9309
-12.4,-76.9,1.9308
-9.2,-80.9,1.9274
-18.2,-84.6,1.9264999999999999
-3.9,-82.1,1.9255
-17.8,-82.6,1.9236
-4.2,-83.8,1.9222
-7.4,-81.7,1.9213
-20.0,-78.8,1.9207
-2.4,-81.8,1.9206
-6.0,-84.4,1.9205
-16.4,-82.8,1.9169
-5.7,-81.4,1.9169
-19.9,-86.0,1.9166
-19.7,-82.1,1.9160000000000001
-9.6,-84.0,1.9157
-19.9,-78.8,1.9144
-10.0,-80.8,1.9141
-17.5,-83.1,1.9141
-19.1,-83.6,1.911
-15.9,-76.3,1.9102
-10.7,-79.6,1.9089999999999998
-16.6,-85.6,1.9061
-11.6,-78.3,1.9039
-3.5,-80.6,1.9027
-16.6,-77.7,1.9008
-17.3,-78.3,1.9007
-1.6,-86.0,1.9
-17.8,-78.1,1.8992999999999998
-18.5,-82.7,1.8974
-4.6,-82.9,1.8966
-17.0,-82.0,1.8933
-18.0,-82.0,1.893
-19.6,-81.1,1.8893000000000002
-7.8,-79.5,1.8880000000000001
-12.1,-82.9,1.8832
-18.9,-79.5,1.8813
-9.2,-84.1,1.878
-2.4,-84.1,1.8777
-18.1,-82.9,1.8761
-3.7,-83.1,1.8713
-3.8,-83.0,1.87
-5.3,-84.4,1.8699000000000001
-18.8,-81.2,1.8699
-16.4,-74.9,1.8697
-18.6,-80.1,1.8685
-16.9,-86.0,1.8669
-17.8,-73.0,1.8649
-16.5,-83.6,1.8641
-2.6,-82.1,1.8636
-19.4,-85.5,1.863
-14.3,-82.4,1.8622
-17.7,-72.9,1.8613
-3.5,-84.2,1.8611
-13.1,-79.4,1.86
-16.7,-75.2,1.8577
-16.9,-85.6,1.8575
-16.5,-75.8,1.8571
-6.8,-85.0,1.8535
-15.6,-81.8,1.8516
-13.0,-82.9,1.8513
-15.5,-76.1,1.8511
-5.2,-82.0,1.8508
-18.2,-82.7,1.8507
-14.7,-77.6,1.8501999999999998
-13.2,-77.8,1.8491
-18.7,-85.6,1.846
-15.0,-78.4,1.843
-12.0,-85.3,1.8419
-6.9,-80.5,1.8416
-11.3,-79.7,1.8413
-19.5,-84.0,1.8399
-19.1,-81.3,1.8397999999999999
-18.8,-86.0,1.8385
-8.1,-84.6,1.8374
-19.1,-84.1,1.8373
-15.0,-77.9,1.8366
-19.1,-81.6,1.8349
-11.2,-83.3,1.8327
-11.0,-80.3,1.8311
-17.2,-75.2,1.8311
-15.6,-77.6,1.8308
-17.4,-77.3,1.8302
-18.1,-72.2,1.8299
-19.9,-70.3,1.8291
-5.4,-83.7,1.8272
-13.8,-78.1,1.8258
-20.0,-82.6,1.8254
-15.5,-76.0,1.8249
-16.3,-83.4,1.8238
-15.0,-76.3,1.8205
-4.4,-85.0,1.82
-15.1,-76.2,1.8155
-7.9,-84.3,1.8133
-19.8,-81.1,1.8105
-18.0,-84.3,1.8105
-19.0,-74.7,1.8066
-19.8,-78.8,1.8058
-16.8,-85.6,1.8047
-19.6,-74.8,1.8040999999999998
-14.8,-77.3,1.8027
-19.9,-79.2,1.8013
-1.1,-85.4,1.8007
-20.0,-85.8,1.8004000000000002
-9.3,-81.4,1.8004
-16.8,-74.6,1.7991000000000001
-5.5,-84.6,1.7962
-18.5,-81.7,1.7933
-5.8,-81.7,1.7919
-12.6,-78.1,1.7915
-19.3,-71.0,1.7902
-18.8,-82.9,1.7895
-2.7,-83.9,1.788
-8.7,-84.1,1.788
-18.2,-82.3,1.7861
-14.9,-78.6,1.7857
-13.2,-79.5,1.7852
-9.6,-80.4,1.7847
-19.6,-79.0,1.7846000000000002
-8.0,-82.2,1.7843
-1.2,-81.3,1.7843
-17.2,-81.9,1.784
-5.4,-83.4,1.7836
-16.6,-86.0,1.7832
-13.7,-79.2,1.783
-9.8,-83.9,1.783
-1.5,-85.6,1.7812999999999999
-10.8,-85.3,1.7810000000000001
-18.0,-86.0,1.7802
-19.2,-84.4,1.7797
-16.5,-78.1,1.7791
-3.7,-82.5,1.7788
-1.6,-85.0,1.7772999999999999
-16.7,-75.4,1.7766
-7.0,-82.1,1.7752
-18.2,-85.9,1.7747
-17.3,-72.8,1.7741
-2.7,-83.2,1.7741
-12.4,-79.5,1.7738
-18.3,-80.2,1.7733
-18.5,-83.0,1.7715999999999998
-10.0,-82.7,1.7694
-19.8,-83.3,1.7686
-17.6,-73.4,1.7668
-9.3,-82.2,1.7655
-10.6,-82.7,1.7611
-19.7,-84.0,1.7605
-18.6,-70.8,1.7605
-7.0,-80.5,1.7575
-18.3,-83.4,1.7568
-17.0,-74.6,1.756
-3.9,-84.4,1.7552
-15.0,-82.7,1.7534999999999998
-15.5,-77.1,1.7505
-17.5,-82.9,1.7502
-1.2,-84.5,1.7497
-10.1,-84.9,1.7491
-15.3,-77.2,1.7491
-18.4,-81.8,1.748
-10.5,-82.8,1.7475
-7.1,-81.5,1.7475
-12.7,-78.9,1.7469
-2.8,-83.9,1.7463
-13.2,-77.4,1.7454
-13.3,-78.3,1.7438
-10.9,-81.4,1.7416
-17.0,-75.1,1.7413
-11.4,-84.3,1.7401
-12.9,-79.7,1.7388
-5.7,-81.8,1.7385
-10.8,-80.8,1.7376999999999998
-14.2,-78.9,1.7369
-3.0,-83.7,1.7352
-17.6,-73.0,1.7352
-16.0,-81.5,1.7352
-18.6,-73.1,1.7351999999999999
-16.9,-82.4,1.7347
-19.4,-81.3,1.733
-15.4,-75.8,1.733
-17.0,-83.2,1.7316
-11.8,-79.2,1.7305
-13.7,-77.2,1.7297
-8.6,-82.3,1.7283
-18.3,-81.6,1.7282
-19.0,-77.2,1.7276
-11.6,-79.1,1.7266
-19.8,-79.8,1.7266
-16.2,-81.5,1.7258
-8.6,-84.9,1.7252
-18.1,-84.6,1.7233
-5.5,-83.1,1.7224
-6.8,-82.0,1.7221
-20.0,-82.4,1.7184
-16.8,-78.4,1.7183
-19.2,-85.2,1.7177
-1.5,-82.8,1.7169
-6.8,-83.1,1.7144
-18.7,-81.1,1.7141
-17.8,-73.2,1.7138
-15.6,-83.3,1.713
-1.8,-81.3,1.7105000000000001
-17.0,-73.2,1.7096
-11.8,-85.2,1.7091
-5.3,-81.8,1.7088
-14.0,-77.0,1.7086
-5.5,-83.0,1.7075
-19.9,-78.7,1.7065
-1.9,-84.8,1.7061
-16.7,-85.8,1.7058
-17.3,-81.8,1.7052
-1.5,-82.4,1.7031999999999998
-18.9,-85.2,1.7024
-19.1,-75.1,1.7008
-19.2,-85.8,1.7005
-19.6,-85.4,1.7002
-17.0,-85.0,1.6999
-17.6,-73.8,1.6983
-19.4,-84.7,1.698
-1.2,-82.6,1.6977
-11.7,-83.1,1.6971
-19.1,-70.4,1.6963
-20.0,-78.6,1.6963
-2.9,-83.8,1.6961
-19.7,-79.7,1.6958
-19.2,-82.0,1.6954
-13.1,-79.3,1.6949
-9.1,-83.9,1.6938
-10.6,-84.1,1.6911
-19.3,-85.5,1.6897
-14.7,-79.8,1.6894
-14.0,-82.4,1.6886
-8.7,-81.1,1.6882
-20.0,-79.9,1.688
-6.1,-82.1,1.6832
-19.4,-83.5,1.683
-19.1,-81.4,1.6821
-20.0,-81.3,1.6818
-20.0,-78.7,1.6787999999999998
-19.0,-81.7,1.6775
-10.4,-84.2,1.6775
-14.0,-76.8,1.6772
-1.2,-81.1,1.6769
-19.8,-79.2,1.6757
-15.6,-75.6,1.6744
-19.5,-84.6,1.6741
-4.0,-83.6,1.6727
-18.7,-74.1,1.6726
-10.9,-85.3,1.6694
-18.5,-83.7,1.6683
-19.2,-79.6,1.6666
-16.2,-75.9,1.6663000000000001
-18.4,-86.0,1.6652
-18.2,-84.1,1.6649
-10.0,-79.5,1.6626
-16.4,-82.7,1.6615
-19.3,-81.2,1.6609
-13.2,-79.8,1.6604999999999999
-17.3,-83.1,1.6599
-17.8,-83.9,1.6594
-1.1,-82.4,1.6590999999999998
-17.0,-73.8,1.6588
-19.5,-78.7,1.6577
-12.7,-79.3,1.6572
-3.0,-82.6,1.6560000000000001
-2.4,-83.6,1.6547
-15.5,-77.3,1.6538
-2.5,-81.9,1.6525
-18.5,-73.7,1.6522000000000001
-7.2,-81.5,1.6516
-18.7,-81.9,1.6513
-11.9,-82.6,1.649
-5.0,-83.5,1.6486
-2.6,-82.2,1.6486
-2.4,-83.4,1.6486
-12.4,-80.1,1.6388
-17.9,-73.5,1.6386
-14.7,-77.5,1.6363
-7.5,-81.6,1.6358
-11.7,-78.6,1.6327
-17.1,-72.9,1.6326999999999998
-6.0,-82.1,1.6319
-18.5,-85.8,1.6303999999999998
-18.0,-82.3,1.6302
-5.8,-82.0,1.6288
-7.3,-82.1,1.6283
-18.3,-82.8,1.6276
-11.7,-84.7,1.6269
-5.6,-81.8,1.6258
-17.1,-75.1,1.6256000000000002
-5.3,-84.0,1.6244
-2.7,-81.8,1.6216
-16.0,-81.3,1.6207
-18.5,-74.0,1.6199
-3.8,-84.0,1.6191
-10.4,-85.0,1.6169
-18.1,-85.4,1.6166
-3.6,-80.8,1.6161
-5.8,-81.8,1.6158
-13.6,-77.1,1.6141
-16.8,-82.8,1.6133000000000002
-16.3,-76.0,1.6121
-17.9,-83.1,1.6119
-7.8,-80.3,1.6116
-6.9,-84.5,1.6108000000000002
-19.8,-70.4,1.6102
-18.1,-84.2,1.6085
-18.6,-81.1,1.6083
-8.8,-83.9,1.6036
-18.2,-82.8,1.6035
-16.4,-73.5,1.6020999999999999
-1.0,-83.5,1.6016
-18.2,-74.0,1.6013000000000002
-19.6,-70.6,1.5997
-18.0,-74.7,1.5977
-16.4,-74.2,1.5963
-1.4,-82.5,1.5958
-19.4,-70.4,1.5944
-1.3,-84.0,1.5938
-18.2,-84.0,1.5920999999999998
-12.7,-79.2,1.5920999999999998
-7.9,-84.2,1.5920999999999998
-18.5,-84.5,1.5913
-12.4,-78.3,1.5901
-18.6,-84.4,1.5894
-18.6,-81.6,1.5877000000000001
-16.8,-77.2,1.5877
-1.7,-84.8,1.5872
-18.9,-85.9,1.586
-18.2,-85.1,1.5833
-16.7,-85.6,1.583
-15.7,-76.7,1.5827
-5.3,-84.6,1.5819
-1.8,-85.3,1.581
-13.5,-77.6,1.5799
-4.1,-81.6,1.5796000000000001
-13.0,-77.7,1.5791
-19.4,-79.5,1.579
-8.2,-85.6,1.5788
-5.7,-81.9,1.5779999999999998
-6.9,-85.2,1.5769
-18.4,-81.3,1.5746
-18.1,-84.4,1.574
-15.1,-78.7,1.5719
-11.0,-84.4,1.5702
-1.6,-85.9,1.5701999999999998
-7.2,-81.7,1.5683
-19.3,-83.7,1.5671000000000002
-16.6,-85.8,1.5657
-18.9,-83.7,1.5613
-18.4,-77.0,1.561
-19.4,-80.1,1.5607000000000002
-19.6,-83.5,1.5607
-13.6,-76.3,1.5584999999999998
-18.9,-80.8,1.5577
-19.8,-85.8,1.5572
-11.8,-79.0,1.5563
-18.7,-81.4,1.5544
-17.0,-73.9,1.5535
-15.9,-83.6,1.5524
-13.6,-80.1,1.5519
-12.5,-78.2,1.5516
-1.2,-82.5,1.5511
-9.5,-84.0,1.5508000000000002
-15.2,-83.5,1.55
-5.5,-82.8,1.5497
-3.5,-83.1,1.5497
-12.5,-84.8,1.5493000000000001
-17.2,-74.9,1.5493000000000001
-19.9,-85.9,1.5471000000000001
-9.1,-80.3,1.5463
-10.0,-79.8,1.5444
-5.5,-83.2,1.5436
-8.3,-85.3,1.543
-17.7,-73.8,1.5427
-12.9,-78.4,1.5426000000000002
-9.3,-81.5,1.5405
-13.0,-79.6,1.5399
-10.0,-83.1,1.5386000000000002
-18.6,-81.0,1.5383
-19.9,-82.4,1.5382
-2.2,-83.4,1.5374
-18.4,-70.4,1.5372
-18.8,-83.6,1.5357
-13.8,-79.1,1.5352
-16.5,-81.6,1.5347
-16.8,-75.1,1.5346
-12.4,-79.1,1.5334999999999999
-2.0,-84.0,1.5333
-1.3,-85.9,1.533
-15.9,-81.1,1.5327000000000002
-19.8,-79.0,1.5324
-1.3,-85.4,1.5322
-8.2,-80.7,1.5277
-18.1,-82.7,1.5252
-1.5,-84.8,1.5250000000000001
-15.9,-81.3,1.5244
-2.5,-82.1,1.5227
-10.4,-79.5,1.5226
-19.4,-79.3,1.5206999999999997
-17.4,-83.2,1.5202
-17.0,-82.4,1.5196
-19.6,-82.0,1.5192999999999999
-3.5,-83.5,1.5177
-17.7,-83.3,1.5169
-17.7,-83.9,1.5154
-19.1,-85.0,1.5144
-9.3,-80.1,1.5129
-18.3,-70.5,1.5124
-19.1,-85.5,1.5118999999999998
-18.5,-81.1,1.5107
-8.5,-82.5,1.51
-19.8,-86.0,1.5063
-2.7,-84.3,1.5052
-17.8,-83.1,1.5033
-9.0,-84.1,1.5013
-18.2,-74.1,1.5002
-1.8,-84.1,1.5002
-17.3,-75.5,1.5
-1.3,-85.5,1.4997
-1.5,-84.2,1.498
-14.8,-77.2,1.4963
-15.1,-75.7,1.4938
-4.7,-81.8,1.4934999999999998
-3.3,-82.8,1.4925
-19.9,-82.0,1.4905
-15.8,-76.5,1.4897
-19.1,-74.3,1.4896
-6.6,-81.3,1.4888
-10.6,-84.9,1.4888
-20.0,-79.8,1.4877
-13.3,-78.9,1.4869
-5.3,-84.1,1.4847
-19.1,-85.3,1.4841
-18.4,-85.4,1.483
-5.3,-83.9,1.4827
-3.6,-84.4,1.4827
-9.3,-81.9,1.4794
-9.3,-81.6,1.4775
-18.1,-85.1,1.4772
-4.0,-81.6,1.4754
-1.9,-84.9,1.4747
-10.6,-83.7,1.473
-5.4,-83.3,1.4705
-2.4,-81.9,1.4702
-3.8,-80.9,1.4672
-8.0,-84.3,1.4672
-12.3,-79.6,1.4663
-18.4,-73.7,1.466
-19.5,-85.7,1.4635
-14.4,-76.3,1.4608
-13.9,-82.3,1.4608
-8.0,-83.9,1.4605
-15.3,-76.5,1.4599
-1.1,-85.0,1.4588
-11.2,-84.4,1.4583
-18.8,-73.7,1.4574
-19.0,-84.0,1.4565000000000001
-9.9,-83.6,1.456
-15.8,-76.6,1.4547
-11.5,-83.7,1.4533
-17.3,-75.3,1.4525
-19.6,-78.7,1.4508
-8.9,-83.8,1.4474
-14.2,-76.7,1.4466
-9.1,-84.0,1.4465000000000001
-9.6,-84.5,1.4457
-4.3,-82.5,1.4455
-5.3,-83.1,1.4452
-7.3,-83.8,1.4438
-17.1,-85.9,1.4436
-19.8,-82.1,1.4432
-18.8,-79.1,1.4427
-8.8,-84.6,1.4426999999999999
-16.3,-78.9,1.4405
-13.0,-78.7,1.4402
-18.8,-83.7,1.4386
-20.0,-80.5,1.4385
-18.9,-76.4,1.4349
-18.6,-70.7,1.4327
-18.9,-84.5,1.4325999999999999
-19.1,-80.1,1.4301
-6.0,-81.2,1.4291
-19.3,-79.9,1.4287999999999998
-19.9,-83.9,1.4274
-5.8,-84.0,1.4261
-4.3,-81.8,1.4261
-19.3,-84.5,1.4245999999999999
-18.3,-85.4,1.4226999999999999
-18.8,-85.6,1.4222
-17.0,-83.4,1.4213
-13.6,-80.6,1.4208
-10.2,-84.9,1.4199
-8.2,-84.4,1.4184999999999999
-11.3,-79.2,1.4177
-19.9,-85.4,1.4166
-3.9,-84.1,1.4158
-19.8,-70.5,1.415
-18.6,-83.9,1.4146
-19.5,-84.1,1.4143
-7.0,-85.0,1.4122
-5.4,-83.6,1.412
-10.3,-79.3,1.4106999999999998
-14.4,-80.0,1.4088
-11.3,-78.4,1.4083
-19.4,-79.8,1.4074
-2.8,-81.7,1.4068999999999998
-18.7,-83.7,1.4047
-14.3,-82.6,1.4043
-19.6,-82.1,1.4041
-18.6,-83.8,1.4032
-20.0,-74.0,1.4008
-2.3,-81.1,1.4002
-8.4,-80.3,1.4
-13.2,-78.4,1.3985
-7.0,-80.4,1.3961
-19.4,-81.4,1.3955000000000002
-18.7,-83.8,1.3925
-18.8,-80.8,1.3924
-19.2,-81.6,1.3901
-16.3,-82.9,1.3891
-16.7,-78.7,1.3886
-20.0,-84.9,1.3885
-6.8,-81.2,1.3883
-12.5,-78.9,1.3883
-18.5,-72.5,1.3871
-12.6,-78.6,1.3869
-8.8,-83.8,1.3869
-20.0,-81.4,1.3849
-16.0,-75.8,1.3847
-19.1,-79.5,1.3836
-16.3,-82.6,1.3827
-18.9,-80.9,1.3827
-19.0,-83.7,1.3805
-13.3,-83.2,1.379
-20.0,-85.7,1.3788
-19.9,-84.6,1.3761
-19.7,-81.7,1.3736
-12.4,-85.4,1.3722
-10.3,-79.5,1.3716
-6.0,-84.2,1.3708
-3.1,-83.7,1.3699
-19.7,-80.0,1.3699
-20.0,-82.2,1.3691
-18.5,-83.8,1.3686
-1.3,-86.0,1.3677
-16.1,-81.8,1.3672
-14.0,-82.7,1.3664999999999998
-16.9,-74.8,1.3663
-7.9,-80.6,1.3663
-17.6,-74.1,1.3644
-16.7,-82.6,1.363
-19.6,-83.2,1.3623999999999998
-16.1,-86.0,1.3622
-13.0,-77.6,1.3608
-6.8,-82.1,1.3599
-19.9,-78.4,1.3586999999999998
-5.6,-82.6,1.358
-17.6,-82.3,1.3574
-19.4,-70.5,1.3571
-9.2,-81.0,1.3561
-19.3,-83.6,1.3544
-17.1,-83.1,1.3532
-6.3,-81.9,1.3527
-18.0,-82.4,1.3525
-10.9,-80.1,1.3522
-17.7,-78.0,1.3519
-10.2,-80.4,1.3502
-4.9,-81.7,1.3488
-8.8,-81.1,1.3485
-17.4,-74.2,1.348
-19.7,-79.0,1.3463
-19.0,-79.5,1.3418999999999999
-18.9,-83.0,1.3411
-14.4,-78.3,1.3394
-8.5,-82.3,1.3383
-4.8,-81.9,1.3374
-18.7,-82.3,1.3372
-8.0,-80.7,1.3338
-13.1,-78.6,1.3322
-3.5,-80.8,1.3316
-20.0,-82.9,1.3288
-19.4,-81.8,1.3283
-13.4,-80.4,1.3272
-16.5,-82.9,1.3269
-4.1,-82.3,1.3269
-18.8,-82.2,1.3255
-18.7,-80.7,1.3255
-13.3,-82.9,1.3244
-7.6,-86.0,1.3244
-10.3,-79.6,1.3241
-14.6,-78.3,1.3216
-3.5,-82.5,1.3213
-4.9,-82.3,1.3194
-10.4,-79.9,1.3188
-14.3,-78.5,1.3177
-10.0,-82.6,1.3172
-19.7,-83.6,1.3149
-9.5,-83.3,1.3128
-1.5,-82.7,1.3083
-19.7,-85.5,1.3072
-13.0,-81.0,1.3057
-17.4,-78.4,1.305
-16.1,-83.3,1.3044
-11.8,-79.5,1.3038
-3.5,-81.7,1.3036
-10.1,-85.7,1.3033
-13.0,-79.9,1.2993
-19.7,-81.1,1.2974
-19.6,-84.2,1.2972
-8.8,-81.4,1.2941
-19.7,-84.1,1.2941
-18.4,-79.8,1.293
-18.5,-85.1,1.2905
-19.4,-85.3,1.288
-18.5,-79.8,1.2877
-18.6,-81.5,1.2874
-5.6,-82.7,1.2872
-8.8,-84.5,1.2868
-8.8,-84.4,1.286
-15.4,-77.1,1.2841
-8.1,-85.6,1.2838
-7.9,-80.2,1.283
-8.1,-85.7,1.2827
-1.3,-84.1,1.2824
-19.8,-81.7,1.2814999999999999
-9.7,-83.0,1.2811
-16.1,-77.3,1.2799
-19.2,-81.2,1.2797
-16.1,-74.2,1.2797
-13.5,-79.1,1.2792999999999999
-18.1,-80.2,1.2783
-11.8,-82.1,1.2779
-18.1,-84.0,1.2775
-17.1,-86.0,1.2768000000000002
-19.6,-78.5,1.2757999999999998
-18.5,-76.9,1.2754
-19.7,-85.3,1.2752
-9.2,-81.1,1.2741
-10.3,-82.7,1.2733
-17.3,-81.9,1.2729000000000001
-19.9,-84.8,1.2727
-7.4,-83.5,1.2722
-19.2,-79.0,1.268
-2.2,-85.9,1.2677
-8.2,-85.4,1.2647
-9.1,-82.3,1.2641
-3.9,-84.2,1.2638
-16.2,-74.9,1.2638
-15.1,-75.9,1.2627
-18.6,-70.4,1.2621
-15.9,-76.5,1.2616
-16.8,-82.6,1.2611
-19.8,-81.4,1.2608000000000001
-8.5,-84.8,1.2605
-4.8,-82.1,1.2591
-3.6,-82.6,1.2588
-15.3,-75.7,1.2583
-15.6,-76.3,1.2563
-3.6,-83.6,1.2555
-18.9,-84.7,1.2554
-4.4,-82.3,1.2552
-19.1,-81.5,1.2551999999999999
-12.7,-78.5,1.2549
-13.3,-80.9,1.2544
-18.0,-74.8,1.2543
-18.4,-84.5,1.253
-18.9,-85.6,1.2523
-15.2,-75.8,1.2513
-9.7,-81.1,1.2513
-3.2,-81.8,1.2496
-1.0,-83.7,1.2494
-4.7,-84.4,1.2488
-17.5,-74.5,1.2486
-17.9,-74.1,1.2482
-16.1,-82.9,1.2455
-19.9,-80.0,1.2438
-18.2,-80.2,1.2433
-18.7,-81.6,1.2427
-19.8,-82.0,1.2425
-20.0,-84.6,1.2422
-15.0,-78.1,1.2411
-19.9,-79.8,1.2397
-18.0,-85.9,1.2386
-6.9,-82.7,1.238
-8.1,-85.3,1.2366
-9.0,-82.3,1.2358
-19.2,-86.0,1.2352
-12.5,-77.9,1.2349
-16.9,-84.6,1.2347
-11.4,-84.5,1.2336
-16.9,-77.1,1.2325
-5.0,-82.5,1.2322
-15.7,-77.4,1.2316
-17.9,-84.3,1.2313
-5.2,-84.5,1.2286
-14.3,-78.3,1.2266
-18.6,-83.0,1.2263
-1.3,-81.5,1.2247
-19.7,-83.4,1.2247
-19.4,-86.0,1.2222
-8.8,-85.1,1.2219
-1.4,-85.8,1.2186
-10.3,-80.9,1.2177
-11.7,-79.1,1.2174
-10.1,-85.0,1.2163
-1.4,-85.9,1.2163
-14.4,-82.1,1.2138
-16.9,-75.1,1.2105000000000001
-19.3,-80.1,1.2105
-9.6,-83.4,1.2099
-7.9,-80.7,1.2093
-1.9,-84.3,1.2091
-7.4,-81.2,1.2065000000000001
-18.7,-86.0,1.2052
-16.2,-74.4,1.2051999999999998
-19.8,-85.5,1.2049
-20.0,-85.4,1.2027
-19.1,-81.2,1.2018
-4.0,-84.7,1.2016
-3.2,-83.3,1.2008
-1.2,-85.5,1.2005
-11.1,-81.5,1.2004
-11.0,-85.7,1.1997
-1.4,-85.5,1.1994
-19.5,-80.8,1.1966
-4.8,-84.1,1.1958
-18.4,-83.8,1.1958
-18.6,-81.7,1.1958
-5.2,-84.4,1.1958
-18.5,-81.8,1.1955
-1.2,-85.3,1.1919
-3.1,-83.5,1.1913
-5.4,-84.2,1.1911
-18.0,-84.6,1.1885
-18.7,-82.2,1.1863
-18.4,-82.7,1.1861
-19.0,-80.6,1.1855
-18.4,-79.9,1.1844
-13.3,-79.0,1.1827
-18.7,-84.4,1.1822000000000001
-5.2,-84.6,1.1822
-9.1,-86.0,1.1821000000000002
-14.3,-79.1,1.1821
-7.2,-83.3,1.1816
-11.8,-83.9,1.1813
-1.4,-85.7,1.1786
-14.2,-82.5,1.1775
-18.3,-85.1,1.1769
-18.6,-85.9,1.1763
-14.2,-82.6,1.1760000000000002
-15.8,-77.5,1.1755
-18.6,-72.0,1.1755
-19.1,-85.1,1.1752
-18.3,-84.0,1.1749
-8.9,-80.8,1.1745999999999999
-12.1,-80.1,1.1738
-10.9,-79.4,1.1722
-12.5,-78.3,1.17
-11.5,-78.3,1.1699000000000002
-16.8,-85.8,1.1694
-5.8,-83.9,1.1691
-18.9,-80.7,1.165
-18.1,-72.3,1.1632000000000002
-16.4,-78.1,1.1622
-9.1,-84.2,1.1619
-19.5,-80.1,1.1618
-15.6,-76.0,1.1602
-17.2,-78.6,1.1588
-18.3,-82.7,1.1555
-11.8,-79.4,1.1538
-10.5,-83.5,1.153
-18.1,-72.5,1.1529
-17.2,-83.1,1.1524
-15.8,-77.1,1.1519
-16.2,-82.9,1.1505
-17.2,-83.4,1.1502
-5.7,-82.9,1.1486
-5.1,-81.9,1.1486
-5.1,-83.5,1.1481999999999999
-19.4,-80.6,1.1479
-5.7,-81.7,1.1472
-19.3,-84.4,1.1469
-19.8,-84.7,1.1466
-16.0,-74.7,1.1458
-8.1,-81.4,1.1438
-14.9,-83.2,1.1413
-3.7,-83.6,1.1397
-14.9,-75.8,1.1394
-19.8,-85.0,1.1391
-16.0,-82.1,1.1391
-4.8,-84.0,1.1388
-8.0,-85.7,1.1386
-5.9,-81.3,1.1377
-18.9,-85.0,1.1377
-3.2,-82.9,1.1341
-1.5,-83.3,1.1338
-1.6,-85.4,1.1336
-2.5,-82.7,1.1336
-18.6,-82.0,1.1329
-18.1,-83.0,1.1322
-15.1,-76.6,1.1313
-19.6,-83.9,1.13
-6.0,-82.0,1.1283
-4.2,-81.5,1.128
-10.7,-79.0,1.1266
-19.7,-79.9,1.1263
-11.5,-77.5,1.1253
-19.4,-71.0,1.1252
-1.6,-83.3,1.1252
-15.7,-77.3,1.1241
-18.7,-85.3,1.1205
-3.5,-83.0,1.12
-11.0,-80.6,1.1199
-8.1,-84.7,1.118
-19.5,-84.4,1.1179000000000001
-17.8,-74.8,1.1169
-19.7,-85.4,1.1149
-2.6,-81.6,1.1141
-6.1,-82.0,1.1135
-18.7,-82.7,1.1132
-19.0,-83.8,1.1120999999999999
-8.2,-86.0,1.1116
-18.1,-85.3,1.1111
-17.1,-83.4,1.1111
-18.6,-79.9,1.1111
-13.2,-78.1,1.1111
-19.3,-85.4,1.1097
-5.9,-81.9,1.1088
-19.9,-74.0,1.1079999999999999
-19.1,-85.9,1.1074000000000002
-5.1,-81.4,1.1066
-8.6,-80.3,1.1063
-19.5,-84.3,1.1058
-16.1,-74.8,1.1055
-19.5,-82.1,1.1049
-18.4,-83.2,1.1032
-3.5,-82.6,1.1025
-9.2,-80.4,1.1024
-17.2,-78.4,1.1019
-13.6,-82.2,1.1008
-8.8,-85.2,1.1002
-17.1,-78.5,1.1
-17.9,-71.2,1.0986
-16.5,-75.5,1.0979
-16.2,-81.2,1.0962999999999998
-18.1,-77.4,1.093
-11.2,-78.6,1.093
-19.6,-81.7,1.0929
-17.6,-83.3,1.0925
-11.9,-78.2,1.0919
-20.0,-83.8,1.0899
-10.9,-79.7,1.0885
-19.7,-78.7,1.0858
-14.6,-76.1,1.0852
-13.3,-78.6,1.0852
-1.2,-82.7,1.085
-3.6,-81.8,1.0838
-11.6,-79.8,1.0836
-14.2,-82.3,1.0816
-1.6,-83.8,1.0794000000000001
-11.4,-83.9,1.0766
-14.0,-82.5,1.0763
-17.2,-75.1,1.0752
-11.5,-85.6,1.0747
-18.4,-85.3,1.0747
-2.5,-83.6,1.0741
-18.8,-85.1,1.0736
-14.5,-77.6,1.073
-3.6,-81.5,1.0708
-18.8,-80.1,1.0705
-9.7,-83.1,1.0694
-16.2,-82.5,1.0694
-2.5,-84.1,1.0694
-17.9,-82.4,1.0658
-18.7,-81.8,1.0641
-19.5,-79.6,1.0618
-15.9,-82.3,1.061
-18.7,-81.0,1.0605
-18.5,-74.2,1.0605
-16.1,-83.8,1.06
-19.2,-84.7,1.0591
-5.6,-82.2,1.0588
-16.0,-82.2,1.0586
-11.6,-83.0,1.058
-18.0,-74.2,1.0575
-16.7,-82.7,1.0566
-17.4,-75.4,1.0555
-17.4,-83.3,1.0525
-18.2,-83.5,1.0494
-8.8,-80.9,1.0488
-17.1,-82.6,1.0486
-17.9,-74.8,1.0468
-8.5,-85.2,1.0458
-19.2,-85.3,1.0455
-9.1,-80.2,1.0422
-9.4,-81.8,1.0419
-7.7,-80.9,1.0417999999999998
-7.8,-80.2,1.041
-7.6,-81.5,1.0408
-19.4,-79.2,1.0393000000000001
-7.3,-83.9,1.0388
-11.5,-78.9,1.0386
-10.8,-79.7,1.0377
-19.7,-81.8,1.0377
-19.7,-84.2,1.0377
-19.4,-82.4,1.0372
-17.0,-83.1,1.0365
-9.0,-82.2,1.0363
-16.0,-82.3,1.0363
-16.8,-82.4,1.0355
-19.5,-83.5,1.0348
-8.1,-82.0,1.0341
-18.4,-85.1,1.0341
-2.5,-82.3,1.0338
-1.5,-85.3,1.0336
-19.8,-85.3,1.0336
-10.9,-85.4,1.0335
-15.0,-77.7,1.0325
-18.6,-85.2,1.0315
-3.5,-82.2,1.0305
-18.6,-81.9,1.0288
-1.8,-83.9,1.0258
-10.5,-83.4,1.0246
-19.5,-71.1,1.0244
-18.7,-85.0,1.0219
-16.7,-82.5,1.0211
-19.5,-81.9,1.0210000000000001
-1.9,-84.0,1.0208
-15.0,-83.0,1.019
-19.1,-74.0,1.0186
-19.8,-84.8,1.016
-19.2,-81.8,1.0138
-18.1,-81.7,1.0122
-19.5,-80.7,1.0108
-17.6,-74.8,1.0107
-19.1,-85.2,1.0073999999999999
-16.9,-74.7,1.0052
-18.1,-82.4,1.0038
-17.4,-84.4,1.0005
-2.5,-83.7,0.9997
-5.5,-82.9,0.9994
-11.7,-85.8,0.9961
-9.4,-81.2,0.9938
-9.4,-84.6,0.9902
-13.3,-79.7,0.9902
-16.6,-82.9,0.9897
-17.2,-74.8,0.9860000000000001
-19.5,-81.5,0.9846
-10.0,-80.6,0.9844
-4.1,-83.3,0.9824
-1.3,-85.2,0.9805
-20.0,-85.0,0.98
-18.7,-84.3,0.9788
-9.9,-83.7,0.9777
-4.8,-81.7,0.9769
-8.9,-84.4,0.9763
-1.9,-81.0,0.9758
-18.0,-84.2,0.9747
-5.4,-83.8,0.9747
-19.2,-80.0,0.9733
-4.1,-84.0,0.9724
-14.8,-77.9,0.9722
-12.9,-79.4,0.9719
-10.6,-79.7,0.9719
-16.7,-73.7,0.9716
-19.5,-70.5,0.9708
-4.8,-84.9,0.9708
-19.1,-83.7,0.97
-18.9,-79.4,0.97
-4.6,-83.5,0.9697
-17.6,-83.9,0.9691
-11.4,-77.7,0.969
-5.6,-84.1,0.9688
-13.9,-76.9,0.9682
-18.6,-82.1,0.9675
-7.2,-80.9,0.9638
-14.5,-79.6,0.9613
-17.4,-81.9,0.961
-19.8,-84.6,0.9608
-17.4,-84.8,0.9608
-1.3,-82.1,0.9572
-12.5,-78.7,0.9563
-19.9,-70.5,0.9561
-4.2,-83.2,0.9555
-18.2,-83.6,0.9555
-12.2,-85.2,0.955
-17.5,-85.4,0.9549000000000001
-8.4,-85.2,0.9547
-18.7,-73.1,0.9513
-19.5,-85.6,0.9504999999999999
-18.0,-74.1,0.9497
-2.8,-84.2,0.9494
-3.4,-84.2,0.9494
-7.1,-82.1,0.9491
-11.0,-79.1,0.948
-19.9,-83.8,0.9475
-17.3,-83.5,0.9466
-8.2,-84.3,0.9452
-7.6,-83.4,0.9441
-4.9,-84.7,0.9425
-12.5,-78.4,0.9402
-4.5,-81.5,0.94
-15.4,-79.1,0.9397
-14.2,-77.3,0.9388
-5.2,-81.8,0.938
-4.6,-82.1,0.9375
-17.4,-82.7,0.9363
-16.0,-82.4,0.9361
-17.6,-72.4,0.9357
-18.9,-73.1,0.9338
-3.9,-82.8,0.9321
-10.9,-79.3,0.9316
-9.3,-83.1,0.9313
-4.2,-84.0,0.9311
-12.5,-79.8,0.9308
-14.9,-77.4,0.93
-18.8,-79.3,0.9297
-11.2,-78.5,0.9286
-14.8,-82.5,0.9286
-18.4,-85.9,0.928
-6.6,-80.6,0.925
-12.3,-82.8,0.9241
-15.7,-76.6,0.9238000000000001
-2.1,-82.5,0.9219
-20.0,-80.6,0.9216
-18.5,-77.2,0.9213
-19.5,-81.6,0.921
-3.3,-83.9,0.921
-10.8,-79.6,0.9204
-9.6,-83.1,0.9197
-1.2,-83.1,0.9185
-14.1,-76.8,0.9184
-10.1,-81.5,0.9183
-19.9,-84.2,0.9175
-3.2,-83.4,0.9155
-15.0,-76.2,0.9152
-9.9,-79.7,0.9151999999999999
-9.7,-81.7,0.9141
-8.4,-84.2,0.9122
-18.9,-83.1,0.9119
-18.3,-85.3,0.9105
-17.5,-83.3,0.9097
-11.0,-79.7,0.9094
-19.3,-85.6,0.9093
-19.2,-81.4,0.9088
-10.9,-80.0,0.9086
-17.0,-77.8,0.9083
-16.7,-79.0,0.9075
-16.3,-75.1,0.9072
-13.2,-76.5,0.9069
-18.4,-82.0,0.9058
-11.7,-80.6,0.905
-16.9,-83.3,0.9047
-18.5,-72.8,0.9044
-8.2,-84.7,0.9027
-1.4,-81.6,0.9013
-11.1,-83.3,0.9005
-19.3,-81.0,0.9005
-15.9,-76.0,0.9005
-2.9,-83.0,0.8997
-11.9,-83.5,0.8996
-1.6,-84.8,0.8983
-19.7,-70.4,0.8983
-9.1,-80.5,0.8981000000000001
-11.3,-79.5,0.8975
-6.0,-81.4,0.8972
-19.9,-83.2,0.8958
-15.1,-77.8,0.8955
-3.9,-84.7,0.8955
-12.8,-78.3,0.8944
-4.2,-82.6,0.8938
-19.3,-79.8,0.893
-18.0,-85.3,0.893
-17.5,-73.2,0.8922
-18.0,-83.9,0.8922
-9.4,-84.1,0.8916
-3.9,-84.3,0.8902
-14.2,-80.3,0.8896
-9.1,-85.4,0.8894
-4.5,-83.5,0.8883
-18.5,-82.2,0.8862
-3.3,-83.5,0.885
-18.5,-85.2,0.8844
-3.0,-83.0,0.8838
-3.2,-81.7,0.8838
-17.1,-85.7,0.8838
-16.9,-83.0,0.8836
-2.9,-82.8,0.8833
-19.0,-81.2,0.883
-11.9,-85.3,0.8825
-1.7,-83.4,0.8808
-18.9,-74.7,0.8794
-16.7,-85.7,0.8786
-18.0,-85.0,0.8775
-2.6,-84.0,0.8761
-9.9,-79.6,0.8757
-16.6,-79.0,0.8747
-18.8,-74.0,0.8702
-17.3,-83.3,0.8697
-14.3,-82.5,0.8672
-20.0,-83.2,0.8669
-1.1,-82.7,0.8663
-19.5,-82.3,0.8648
-13.9,-83.2,0.8647
-19.0,-81.8,0.8647
-14.4,-78.9,0.8638
-17.1,-77.6,0.8633
-16.0,-75.4,0.8627
-2.9,-84.4,0.8627
-15.7,-84.6,0.8622
-9.3,-82.1,0.8616
-11.9,-80.6,0.8605
-3.3,-83.3,0.8594
-11.6,-79.7,0.8585
-10.9,-84.6,0.8583
-6.7,-81.3,0.8575
-19.8,-79.1,0.8571
-19.0,-75.8,0.8561
-18.8,-85.0,0.8552
-17.4,-72.8,0.855
-11.6,-78.9,0.8527
-14.4,-77.1,0.8511
-16.0,-75.0,0.8511
-4.1,-84.7,0.8497
-1.6,-83.5,0.8497
-2.1,-82.1,0.8497
-16.2,-75.1,0.8491
-1.3,-81.7,0.8488
-7.1,-81.4,0.8463
-16.0,-82.8,0.8463
-18.3,-77.2,0.8455
-19.4,-81.6,0.8436
-4.3,-82.1,0.8422
-6.4,-81.5,0.8408
-10.6,-85.5,0.8408
-11.8,-80.6,0.84
-8.9,-85.3,0.8386
-1.8,-82.9,0.8366
-1.6,-84.0,0.8366
-17.6,-72.8,0.8344
-14.9,-76.3,0.8336
-4.8,-82.3,0.8331999999999999
-19.9,-84.7,0.833
-12.3,-84.8,0.8322
-19.9,-83.0,0.8308
-8.3,-84.3,0.83
-1.4,-85.4,0.8291
-10.6,-83.4,0.8291
-18.8,-80.0,0.8288
-17.6,-75.8,0.8286
-15.6,-75.9,0.8227
-19.0,-80.9,0.8219
-19.4,-81.9,0.8218
-16.5,-85.4,0.8216
-6.7,-82.8,0.8213
-18.5,-85.5,0.8211
-1.7,-81.7,0.8197
-19.9,-79.3,0.8183
-7.9,-85.9,0.8183
-19.2,-74.8,0.8177
-8.1,-84.1,0.8177
-19.7,-80.8,0.8174
-8.8,-85.0,0.8158
-7.6,-84.7,0.8141
-8.3,-84.4,0.8136
-16.5,-77.7,0.8125
-18.3,-84.7,0.8122
-9.8,-80.3,0.8116
-7.7,-84.7,0.8105
-1.7,-81.6,0.81
-20.0,-79.2,0.8083
-19.3,-86.0,0.8069000000000001
-7.0,-84.6,0.8027
-16.0,-75.9,0.8025
-8.6,-84.8,0.8022
-1.3,-83.8,0.8013
-19.6,-84.5,0.8
-2.3,-83.4,0.7994
-1.3,-84.9,0.7988
-1.9,-83.6,0.796
-19.2,-81.9,0.7958
-19.5,-70.8,0.7952
-19.5,-82.2,0.7948999999999999
-12.0,-79.8,0.7941
-19.3,-82.1,0.7938000000000001
-16.1,-82.4,0.7933
-3.4,-83.1,0.7919
-1.6,-84.5,0.79
-12.5,-79.6,0.7883
-18.4,-80.8,0.7866
-19.1,-82.6,0.7863
-1.1,-82.2,0.7825
-14.4,-78.5,0.7822
-4.1,-83.8,0.7811
-16.5,-78.0,0.7797
-2.9,-80.4,0.7766
-18.7,-74.0,0.776
-13.7,-77.3,0.7757000000000001
-19.7,-82.0,0.7727
-8.9,-84.3,0.7722
-10.5,-84.9,0.7697
-6.8,-81.9,0.7691
-1.0,-82.3,0.7674
-10.7,-85.2,0.7666
-10.2,-84.3,0.7655
-17.2,-73.1,0.7641
-6.2,-81.3,0.761
-7.9,-80.5,0.7602
-16.1,-77.2,0.7597
-16.7,-79.1,0.7593000000000001
-14.0,-79.1,0.7586
-2.8,-83.2,0.7574
-5.0,-83.7,0.7566
-7.5,-81.2,0.7565000000000001
-2.7,-81.7,0.7558
-19.9,-73.8,0.7549
-9.7,-80.3,0.753
-6.8,-82.5,0.7519
-1.6,-82.7,0.75
-17.2,-85.9,0.7488
-8.9,-80.9,0.7474
-1.9,-83.7,0.7469
-9.2,-80.5,0.7458
-11.5,-79.4,0.7455
-17.0,-77.5,0.7449
-13.0,-80.1,0.7436
-18.8,-74.1,0.7421
-13.2,-78.5,0.7391
-17.9,-85.1,0.7386
-11.3,-79.8,0.7377
-14.9,-77.0,0.7375
-7.8,-83.8,0.7375
-11.7,-85.3,0.7369
-6.3,-81.7,0.7336
-18.7,-83.9,0.7322
-19.6,-80.0,0.7306999999999999
-17.2,-77.5,0.7291
-3.6,-81.7,0.7286
-8.9,-81.6,0.728
-14.6,-76.9,0.7272
-1.3,-85.1,0.7266
-18.5,-84.4,0.7265999999999999
-10.6,-79.3,0.7219
-3.9,-84.0,0.7219
-14.4,-76.4,0.7203999999999999
-2.9,-81.5,0.72
-5.3,-83.8,0.7197
-3.9,-81.0,0.7166
-1.9,-82.8,0.7152
-19.1,-81.9,0.715
-18.6,-73.8,0.7113
-19.4,-78.7,0.7111
-6.9,-80.4,0.7105
-1.8,-81.4,0.71
-10.5,-85.0,0.7099
-17.5,-72.4,0.7098
-3.4,-83.2,0.7091
-14.8,-83.2,0.7081999999999999
-12.4,-78.2,0.7079
-2.8,-84.1,0.7066
-15.9,-81.9,0.7062999999999999
-10.2,-82.7,0.7061
-17.1,-74.8,0.7049
-20.0,-80.7,0.7038
-4.2,-82.7,0.703
-19.2,-79.2,0.7027
-20.0,-81.5,0.7013
-18.4,-77.2,0.7011
-1.7,-83.6,0.7005
-12.4,-78.4,0.7005
-14.6,-82.4,0.6999
-4.2,-84.1,0.6999
-17.9,-85.0,0.698
-18.7,-80.1,0.6975
-16.2,-81.9,0.6975
-17.3,-73.0,0.6958
-15.7,-83.8,0.6955
-4.1,-82.2,0.6955
-8.6,-84.5,0.6952
-17.7,-72.3,0.6944
-9.1,-80.1,0.6944
-19.2,-82.6,0.6941
-15.3,-78.4,0.6936
-10.9,-84.1,0.6911
-19.7,-83.9,0.6883
-18.7,-80.5,0.6868
-1.9,-83.5,0.6866
-11.4,-80.0,0.6852
-19.2,-83.7,0.6847000000000001
-18.3,-83.8,0.6847
-3.8,-82.2,0.6838
-16.5,-82.6,0.6836
-18.0,-83.0,0.6822
-12.8,-79.3,0.6822
-20.0,-84.8,0.6805
-11.7,-85.7,0.6797
-13.2,-80.2,0.6794
-14.2,-82.4,0.6769
-17.9,-84.2,0.6758
-17.7,-83.0,0.6755
-14.1,-82.7,0.6749
-7.0,-80.1,0.6729
-7.4,-83.7,0.6725
-10.7,-79.5,0.6722
-18.9,-79.6,0.6716
-15.1,-76.7,0.6694
-1.3,-81.6,0.6677
-10.2,-85.7,0.6666
-2.0,-83.5,0.6633
-13.7,-79.6,0.6605
-15.7,-75.5,0.6602
-1.8,-83.0,0.6594
-17.8,-72.1,0.6582
-14.6,-79.6,0.658
-2.4,-83.1,0.6561
-18.6,-86.0,0.6552
-18.3,-81.1,0.6547
-4.2,-84.2,0.6547
-14.4,-78.2,0.6527
-19.8,-82.3,0.6513
-18.3,-82.1,0.6508
-7.9,-81.8,0.6504
-3.8,-81.0,0.6502
-5.0,-81.4,0.6478999999999999
-3.2,-83.5,0.6475
-19.6,-71.0,0.6447
-2.7,-83.1,0.6438
-2.9,-83.1,0.6419
-15.8,-76.3,0.6416000000000001
-3.7,-80.9,0.6413
-8.7,-84.5,0.6408
-11.2,-78.9,0.638
-4.5,-83.0,0.6375
-8.5,-80.2,0.6369
-14.6,-77.7,0.6363
-8.5,-84.9,0.6352
-19.5,-79.8,0.635
-19.3,-85.2,0.6338
-18.4,-84.0,0.6338
-18.5,-72.4,0.6336
-13.8,-80.3,0.6305
-6.4,-81.7,0.63
-3.7,-83.0,0.63
-9.7,-81.8,0.6291
-10.2,-83.7,0.628
-18.5,-80.7,0.628
-6.1,-82.2,0.6274
-4.5,-82.4,0.6269
-7.5,-81.5,0.6255
-16.8,-85.7,0.623
-5.5,-81.3,0.6225
-15.2,-78.6,0.6219
-8.3,-85.1,0.6188
-2.6,-81.4,0.6174
-12.9,-78.7,0.6166
-19.8,-82.2,0.6158
-19.8,-84.0,0.6141
-17.3,-85.9,0.6127
-16.9,-73.9,0.6117999999999999
-19.0,-76.7,0.6116
-16.8,-78.9,0.6116
-15.3,-78.0,0.6099
-2.8,-82.2,0.6091
-19.9,-73.9,0.6085
-3.9,-82.4,0.608
-9.3,-82.3,0.608
-9.5,-84.1,0.6072
-17.6,-72.6,0.6069
-4.9,-81.6,0.6066
-15.1,-77.2,0.6052
-13.2,-79.9,0.603
-10.9,-79.5,0.6019
-14.8,-78.2,0.6002
-18.3,-77.1,0.6002
-15.0,-75.9,0.5997
-14.8,-76.0,0.5997
-9.8,-82.7,0.5994
-15.4,-77.6,0.5975
-8.2,-84.8,0.5972
-9.1,-81.6,0.5961
-4.3,-82.7,0.5958
-10.9,-79.8,0.5957
-12.0,-80.6,0.5955
-19.5,-83.9,0.5952
-1.2,-81.8,0.5941
-3.5,-83.4,0.5916
-18.9,-74.3,0.5908
-18.9,-79.1,0.5894
-3.6,-84.3,0.5888
-9.3,-80.0,0.5886
-9.6,-81.8,0.5863
-19.9,-81.2,0.5858
-17.7,-78.2,0.5852
-18.7,-85.1,0.5846
-16.2,-79.2,0.5822
-15.6,-79.1,0.5816
-15.7,-82.0,0.5811
-16.5,-74.7,0.5803999999999999
-19.4,-84.6,0.58
-2.5,-83.1,0.5772
-13.6,-78.9,0.5769
-15.0,-76.6,0.5722
-19.0,-80.7,0.5707
-8.8,-84.7,0.5705
-17.5,-72.9,0.5699
-12.4,-81.5,0.5697
-8.3,-84.0,0.5675
-16.4,-74.8,0.5674
-12.8,-78.7,0.5666
-6.5,-82.3,0.5663
-19.5,-84.5,0.5663
-9.7,-81.9,0.5647
-8.0,-84.1,0.5638
-10.5,-81.5,0.5627
-15.6,-76.6,0.5625
-10.2,-79.6,0.5624
-1.8,-83.8,0.5619
-5.6,-82.1,0.5602
-19.2,-80.7,0.5602
-8.1,-84.4,0.558
-19.7,-83.3,0.5569
-19.9,-85.5,0.5525
-18.3,-81.5,0.5525
-13.5,-82.8,0.5522
-13.4,-82.1,0.5521
-1.0,-83.6,0.55
-12.0,-78.6,0.5499
-13.7,-78.2,0.5496000000000001
-12.0,-78.8,0.5486
-17.0,-74.5,0.5482
-17.2,-85.7,0.5477
-10.3,-79.4,0.5436
-2.9,-84.3,0.5425
-19.3,-81.6,0.5425
-20.0,-83.1,0.5422
-3.2,-82.8,0.5416
-1.5,-84.1,0.5411
-20.0,-80.9,0.5409999999999999
-18.4,-81.5,0.5388
-1.4,-84.7,0.5363
-19.2,-79.8,0.5355
-18.7,-81.5,0.5343
-19.9,-81.4,0.5338
-17.0,-85.6,0.5297
-8.2,-80.6,0.5297
-17.8,-74.3,0.5291
-16.8,-82.7,0.5282
-19.8,-79.4,0.5277
-19.8,-83.9,0.5269
-10.0,-80.4,0.5266
-10.5,-79.7,0.5266
-17.3,-77.2,0.5261
-8.5,-84.3,0.5227
-16.9,-83.4,0.5225
-5.6,-82.4,0.5225
-12.7,-78.6,0.5216
-10.8,-85.6,0.5188
-18.5,-80.1,0.5186
-10.9,-85.1,0.5163
-18.4,-76.9,0.515
-13.2,-79.0,0.5143
-18.6,-82.5,0.5141
-18.8,-81.7,0.5138
-9.3,-81.1,0.5138
-16.9,-73.5,0.513
-3.6,-80.7,0.5127
-13.3,-80.4,0.5124
-15.7,-75.4,0.5119
-19.5,-85.5,0.5111
-15.8,-77.3,0.5108
-17.8,-72.8,0.5091
-11.9,-79.9,0.5091
-1.0,-84.4,0.5086
-12.5,-79.2,0.5077
-7.2,-82.9,0.5074
-9.4,-80.0,0.5069
-15.4,-79.6,0.5065
-12.4,-78.5,0.5063
-11.8,-77.3,0.5043
-16.0,-74.8,0.5036
-19.5,-73.3,0.5032000000000001
-18.3,-85.9,0.5027
-2.2,-81.6,0.5026999999999999
-1.9,-81.1,0.5011
-5.4,-82.0,0.5011
-2.0,-86.0,0.5008
-18.1,-85.9,0.5005
-19.0,-85.3,0.4996
-10.4,-79.4,0.4986
-18.1,-83.6,0.4986
-12.3,-79.4,0.4974
-9.2,-81.4,0.4969
-9.8,-81.5,0.4958
-13.5,-82.6,0.4958
-19.0,-81.3,0.4952
-19.3,-85.0,0.4944
-2.3,-83.2,0.4938
-19.4,-83.4,0.4936
-4.7,-82.3,0.4927
-18.2,-80.3,0.4919
-7.2,-83.2,0.4916
-15.6,-76.5,0.4908
-3.2,-83.6,0.4905
-16.2,-82.6,0.4905
-19.7,-74.6,0.4902
-19.2,-70.6,0.4893
-15.3,-76.6,0.4863
-7.4,-83.3,0.4863
-11.8,-78.2,0.485
-9.0,-83.8,0.4841
-9.1,-82.4,0.4836
-18.4,-84.6,0.4833
-8.2,-85.1,0.483
-20.0,-80.8,0.4819
-17.9,-84.4,0.4811
-16.8,-75.2,0.481
-13.5,-78.9,0.4808
-4.2,-83.3,0.478
-18.8,-82.3,0.4777
-6.9,-80.1,0.4772
-18.6,-72.7,0.4763
-12.2,-79.6,0.4763
-19.6,-79.8,0.4749
-13.1,-78.3,0.4741
-10.7,-85.1,0.4736
-6.0,-81.9,0.4727
-1.2,-84.9,0.4716
-10.3,-85.5,0.4694
-19.5,-86.0,0.4688
-8.1,-84.5,0.4657
-8.5,-84.2,0.4655
-19.7,-79.8,0.465
-11.4,-79.7,0.465
-11.6,-80.6,0.4636
-16.2,-74.2,0.4632
-4.4,-81.4,0.4627
-17.7,-74.1,0.4622
-4.1,-82.9,0.4611
-13.1,-79.6,0.4594
-16.9,-76.3,0.4588
-16.0,-81.9,0.4586
-9.1,-83.5,0.4583
-18.4,-82.2,0.4577
-16.1,-79.2,0.4561
-5.3,-84.5,0.4544
-17.7,-73.1,0.4538
-7.3,-82.4,0.453
-13.1,-79.9,0.4527
-17.9,-73.4,0.4527
-19.8,-85.9,0.4526
-1.5,-85.9,0.4519
-18.0,-73.5,0.4505
-4.3,-81.9,0.4502
-10.3,-83.6,0.4502
-4.8,-83.9,0.4497
-9.8,-82.8,0.4488
-18.4,-85.5,0.4463
-1.4,-86.0,0.4427
-15.7,-76.4,0.4419
-10.7,-79.7,0.44020000000000004
-4.0,-83.3,0.44
-8.2,-84.5,0.4366
-19.6,-85.6,0.4363
-4.4,-82.6,0.4352
-19.9,-83.3,0.4338
-6.8,-82.7,0.4338
-18.0,-73.9,0.4338
-18.2,-84.4,0.433
-5.6,-81.2,0.4319
-13.4,-82.4,0.4316
-13.1,-77.7,0.4316
-16.2,-82.8,0.4315
-17.5,-74.0,0.4299
-19.8,-81.8,0.428
-18.9,-80.0,0.428
-17.6,-73.1,0.4266
-1.7,-86.0,0.4252
-18.0,-72.6,0.4215
-18.8,-84.5,0.4208
-13.7,-79.1,0.4208
-17.3,-78.6,0.4115
-7.8,-84.6,0.4111
-17.2,-77.4,0.4108
-10.8,-79.3,0.4102
-3.6,-80.9,0.4097
-3.1,-82.0,0.4083
-1.2,-82.2,0.4083
-10.7,-79.3,0.4047
-17.0,-85.7,0.4047
-1.5,-83.2,0.4013
-18.0,-85.2,0.4011
-16.9,-85.2,0.3991
-11.0,-79.6,0.3963
-17.8,-74.5,0.39570000000000005
-15.5,-75.6,0.3938
-8.2,-84.0,0.3925
-4.5,-82.7,0.39080000000000004
-19.2,-85.5,0.3897
-18.3,-72.3,0.3897
-14.2,-78.1,0.3894
-15.9,-75.4,0.3877
-16.1,-75.6,0.3852
-4.7,-84.3,0.385
-11.5,-83.1,0.3847
-8.3,-82.1,0.3838
-17.1,-74.9,0.3836
-18.8,-79.4,0.3836
-6.5,-81.6,0.3833
-14.7,-76.7,0.3824
-19.6,-85.8,0.3824
-14.1,-80.4,0.3822
-11.1,-85.0,0.3797
-4.9,-83.8,0.3786
-8.2,-84.1,0.3783
-8.1,-80.2,0.378
-15.3,-77.6,0.3755
-18.7,-75.9,0.373
-4.8,-82.5,0.3722
-16.1,-75.5,0.3716
-19.3,-74.8,0.37
-6.9,-80.2,0.3691
-13.2,-80.3,0.368
-8.0,-83.2,0.3677
-7.0,-84.5,0.3663
-8.1,-83.2,0.3655
-5.6,-81.1,0.3652
-13.6,-79.1,0.3643
-7.2,-83.0,0.3638
-8.6,-84.6,0.3636
-18.1,-72.7,0.3627
-11.1,-80.2,0.3627
-13.5,-79.5,0.3588
-11.9,-78.7,0.3586
-19.7,-83.7,0.3575
-19.1,-75.2,0.355
-14.3,-78.7,0.355
-16.5,-82.5,0.3547
-4.3,-82.4,0.35409999999999997
-8.6,-82.4,0.3533
-18.5,-81.5,0.3522
-14.8,-76.6,0.3516
-1.6,-85.6,0.3508
-5.3,-82.9,0.3505
-1.8,-85.0,0.35
-1.3,-81.4,0.35
-12.9,-80.9,0.3491
-3.1,-83.8,0.3483
-17.2,-85.8,0.3436
-3.0,-83.4,0.343
-16.8,-79.0,0.3425
-2.0,-81.5,0.3419
-8.6,-84.3,0.3416
-13.6,-78.3,0.3413
-18.2,-84.7,0.3413
-11.6,-78.5,0.3408
-1.8,-82.0,0.3397
-18.0,-84.0,0.3388
-8.4,-84.3,0.3372
-16.8,-82.5,0.3368
-19.6,-70.8,0.3363
-5.2,-82.3,0.3355
-18.8,-81.6,0.3355
-8.1,-80.9,0.3347
-13.4,-79.6,0.3341
-7.6,-79.6,0.3336
-16.8,-75.5,0.3333
-3.8,-82.9,0.3327
-6.8,-80.1,0.33240000000000003
-9.6,-82.0,0.3305
-2.5,-83.5,0.33
-9.5,-86.0,0.33
-3.4,-81.9,0.3283
-5.9,-81.5,0.3277
-8.1,-80.5,0.3277
-18.2,-73.6,0.323
-17.8,-86.0,0.323
-15.4,-77.5,0.3227
-12.6,-84.9,0.3227
-2.0,-82.5,0.3219
-6.8,-80.4,0.3219
-7.2,-83.1,0.3216
-11.5,-78.4,0.3216
-18.6,-71.9,0.32
-3.7,-82.3,0.32
-16.3,-78.5,0.3191
-13.4,-80.0,0.3191
-13.7,-79.9,0.3188
-4.6,-84.8,0.318
-6.4,-82.0,0.318
-16.7,-83.0,0.3177
-3.0,-83.3,0.3172
-19.6,-74.7,0.3166
-18.8,-80.7,0.3158
-17.3,-83.4,0.3144
-8.4,-85.1,0.3144
-8.2,-80.5,0.3127
-13.1,-78.5,0.3127
-19.6,-78.8,0.3125
-9.0,-84.2,0.3116
-11.6,-79.9,0.3108
-10.8,-78.7,0.3102
-15.1,-78.6,0.3102
-10.7,-84.8,0.3097
-6.3,-81.4,0.3091
-4.6,-84.5,0.3086
-16.1,-74.5,0.3083
-17.3,-72.9,0.3077
-18.5,-85.3,0.3036
-19.8,-84.1,0.3015
-5.6,-81.4,0.3013
-12.6,-79.3,0.3011
-7.6,-84.5,0.3011
-16.3,-76.9,0.3008
-3.5,-84.4,0.3005
-18.8,-76.2,0.3
-1.4,-84.0,0.2994
-16.9,-73.0,0.2983
-11.0,-79.8,0.2972
-13.1,-77.8,0.2969
-19.0,-74.0,0.2969
-17.0,-75.3,0.2955
-17.4,-73.0,0.295
-4.7,-81.4,0.2947
-9.0,-81.7,0.2947
-11.2,-83.6,0.2936
-12.3,-81.2,0.2933
-17.9,-74.6,0.2916
-9.6,-82.1,0.2911
-12.1,-79.5,0.2902
-19.9,-80.8,0.2897
-13.8,-77.1,0.2894
-20.0,-73.9,0.2886
-19.4,-80.7,0.2844
-8.9,-84.6,0.2836
-10.6,-79.4,0.2827
-17.7,-73.2,0.2824
-16.5,-74.8,0.2822
-17.8,-75.2,0.2802
-4.3,-83.2,0.278
-5.6,-83.6,0.2774
-6.6,-82.6,0.2766
-1.0,-81.9,0.275
-6.8,-80.2,0.2744
-18.4,-76.0,0.2733
-18.6,-85.3,0.2727
-14.8,-77.6,0.2727
-14.7,-76.1,0.2727
-9.9,-85.2,0.2722
-12.2,-80.9,0.2719
-13.7,-80.3,0.2719
-10.7,-79.4,0.2708
-19.8,-78.7,0.27
-18.9,-83.8,0.2686
-11.8,-80.3,0.2677
-12.6,-78.7,0.2677
-15.7,-84.2,0.2669
-17.9,-84.0,0.2669
-2.6,-82.5,0.2666
-12.9,-80.0,0.2663
-1.4,-85.2,0.2658
-12.1,-79.3,0.2647
-19.6,-83.6,0.2647
-7.3,-81.8,0.2636
-15.8,-74.8,0.2611
-16.2,-74.1,0.2605
-13.8,-83.4,0.2605
-8.6,-82.0,0.2602
-15.1,-75.6,0.2601
-18.8,-73.0,0.2591
-19.5,-80.0,0.2591
-12.9,-78.8,0.2566
-4.0,-81.9,0.256
-8.7,-84.4,0.2558
-14.4,-76.7,0.255
-17.7,-72.8,0.2536
-17.9,-83.2,0.2533
-17.4,-76.0,0.2533
-5.1,-82.2,0.2527
-9.6,-81.7,0.2525
-18.2,-73.7,0.2516
-11.5,-79.7,0.2515
-7.0,-85.4,0.2511
-17.9,-85.9,0.2511
-18.0,-73.1,0.2505
-18.4,-77.1,0.2502
-2.8,-82.6,0.2499
-5.0,-83.1,0.2497
-16.5,-73.2,0.2497
-9.7,-80.2,0.2491
-18.0,-71.0,0.2477
-5.0,-81.5,0.2461
-17.5,-82.3,0.2441
-14.9,-78.9,0.2438
-16.9,-83.2,0.2413
-19.3,-74.6,0.2413
-8.5,-83.9,0.2413
-3.1,-81.9,0.2411
-16.8,-75.3,0.2405
-11.9,-78.6,0.2402
-10.4,-80.1,0.24
-19.1,-73.9,0.24
-12.7,-80.8,0.2391
-7.5,-83.7,0.2388
-11.7,-82.9,0.238
-19.9,-71.1,0.2375
-19.6,-83.8,0.2372
-6.6,-84.3,0.2366
-13.2,-79.4,0.2355
-16.0,-75.5,0.2355
-13.0,-78.1,0.235
-20.0,-82.3,0.2347
-4.2,-82.2,0.2347
-10.9,-84.5,0.2333
-16.1,-74.6,0.2325
-14.4,-76.9,0.2322
-16.1,-81.5,0.2313
-17.9,-72.5,0.2308
-8.4,-82.5,0.2302
-5.2,-81.3,0.2302
-7.7,-82.0,0.2294
-11.6,-85.5,0.2288
-16.5,-82.1,0.2288
-15.3,-75.5,0.2247
-11.0,-78.8,0.2222
-15.0,-78.8,0.2213
-12.9,-82.4,0.2205
-10.6,-80.8,0.2202
-14.0,-77.1,0.2191
-15.0,-78.2,0.2163
-19.4,-84.4,0.2155
-18.1,-74.4,0.2149
-13.8,-78.3,0.2125
-16.0,-76.2,0.2111
-14.9,-78.2,0.2111
-14.2,-80.1,0.2108
-10.9,-80.5,0.2105
-13.5,-80.5,0.2086
-18.9,-72.4,0.208
-1.8,-82.8,0.2077
-7.8,-80.4,0.2075
-7.3,-81.7,0.2066
-15.6,-77.7,0.2036
-4.2,-82.3,0.2033
-9.1,-80.6,0.203
-2.2,-82.1,0.2024
-18.8,-81.4,0.2019
-13.0,-77.8,0.2007
-14.4,-78.7,0.1997
-11.0,-80.1,0.1977
-19.0,-85.1,0.1977
-19.7,-85.8,0.1977
-18.8,-72.2,0.1972
-11.3,-85.2,0.195
-7.0,-81.7,0.1938
-17.2,-78.3,0.1925
-13.2,-80.5,0.1922
-14.0,-76.4,0.1916
-5.4,-81.5,0.1913
-14.6,-82.3,0.1905
-8.5,-82.2,0.1894
-19.7,-74.3,0.1894
-20.0,-73.8,0.1891
-10.1,-84.8,0.1888
-15.5,-76.7,0.188
-12.8,-80.2,0.1866
-19.6,-84.6,0.18519999999999998
-14.8,-77.1,0.1836
-19.8,-83.6,0.18259999999999998
-19.4,-70.8,0.1825
-8.0,-84.2,0.1811
-16.8,-83.1,0.1811
-16.8,-75.7,0.1805
-10.0,-82.8,0.1802
-16.2,-74.5,0.1791
-12.7,-78.0,0.1783
-6.8,-81.8,0.1777
-7.2,-79.8,0.1774
-10.1,-81.6,0.1772
-13.3,-80.0,0.1769
-11.3,-79.6,0.1758
-16.9,-74.6,0.1758
-10.5,-81.6,0.1752
-19.5,-85.1,0.1752
-8.7,-84.2,0.175
-15.7,-76.0,0.1744
-19.6,-73.9,0.1724
-14.7,-79.6,0.1719
-17.4,-75.2,0.1716
-12.2,-79.2,0.1702
-4.0,-81.5,0.1697
-11.3,-80.8,0.1697
-13.0,-78.4,0.1691
-9.9,-80.3,0.1691
-10.9,-79.6,0.1688
-19.1,-74.7,0.1688
-15.8,-77.4,0.1686
-13.3,-76.4,0.1666
-12.7,-79.0,0.1661
-2.0,-85.3,0.1658
-13.8,-78.5,0.165
-7.1,-81.3,0.1644
-19.4,-81.5,0.1638
-10.2,-81.1,0.1633
-1.7,-84.3,0.1627
-9.6,-81.3,0.1627
-15.4,-79.2,0.1616
-17.9,-72.4,0.1613
-10.5,-83.6,0.1601
-8.1,-82.2,0.1594
-12.3,-79.7,0.1566
-14.2,-77.0,0.1561
-17.8,-73.3,0.1561
-19.5,-75.0,0.1555
-16.2,-76.2,0.1555
-6.6,-82.0,0.1555
-14.1,-79.9,0.1552
-6.7,-82.2,0.1538
-1.3,-81.8,0.1527
-12.6,-77.8,0.1527
-19.0,-73.0,0.1525
-15.6,-84.0,0.1522
-13.0,-78.6,0.1516
-13.8,-78.2,0.1508
-9.5,-78.5,0.1494
-8.4,-84.4,0.1488
-10.7,-80.5,0.1488
-5.0,-83.0,0.1477
-10.9,-80.2,0.1477
-14.2,-80.2,0.1477
-8.6,-84.7,0.1475
-12.0,-79.3,0.1455
-17.8,-74.0,0.1452
-14.0,-78.6,0.1447
-11.2,-80.2,0.1424
-12.5,-80.7,0.1422
-4.0,-81.3,0.1422
-18.2,-85.6,0.1419
-12.4,-80.7,0.1419
-9.3,-83.3,0.1413
-9.1,-80.9,0.1408
-11.3,-85.3,0.1405
-13.9,-78.0,0.1388
-14.2,-79.8,0.1383
-17.0,-75.2,0.1377
-8.8,-81.0,0.1366
-18.7,-72.7,0.1358
-10.7,-80.4,0.1358
-12.6,-79.4,0.1352
-18.6,-82.2,0.1347
-12.2,-77.1,0.1341
-19.8,-85.4,0.1316
-18.9,-81.0,0.1311
-17.8,-74.2,0.1311
-18.9,-72.5,0.131
-5.0,-82.9,0.1297
-9.0,-83.0,0.1294
-16.1,-82.8,0.1283
-2.0,-83.4,0.1283
-16.5,-76.0,0.1277
-10.7,-84.9,0.1277
-1.0,-81.6,0.1275
-13.4,-79.2,0.1272
-18.2,-86.0,0.1252
-10.2,-80.5,0.125
-8.0,-84.5,0.125
-17.7,-74.7,0.1247
-2.3,-83.5,0.1244
-12.6,-79.1,0.1241
-18.0,-85.4,0.1238
-18.5,-77.0,0.1227
-5.1,-82.5,0.1222
-17.8,-84.0,0.1216
-9.5,-84.4,0.1216
-17.1,-78.4,0.1216
-17.8,-84.1,0.1213
-19.9,-82.3,0.1211
-17.2,-73.3,0.1205
-10.5,-80.4,0.1197
-14.2,-77.1,0.1188
-3.8,-84.6,0.1177
-15.6,-82.5,0.1169
-10.2,-79.4,0.1166
-4.9,-83.9,0.1161
-16.0,-76.3,0.1158
-15.4,-77.0,0.115
-12.9,-80.2,0.1147
-9.9,-81.2,0.1138
-16.6,-83.7,0.1122
-17.6,-75.6,0.1119
-2.5,-82.2,0.1111
-14.5,-79.1,0.11
-12.2,-80.5,0.11
-8.3,-79.0,0.1099
-18.4,-76.1,0.1097
-9.2,-80.6,0.1097
-11.3,-84.8,0.108
-9.5,-82.3,0.1075
-10.8,-80.7,0.1072
-8.2,-82.2,0.1063
-10.5,-79.9,0.1055
-7.5,-83.1,0.1052
-15.9,-75.6,0.1047
-17.6,-73.5,0.1041
-18.9,-81.1,0.1038
-11.4,-84.8,0.1022
-10.0,-80.5,0.1019
-14.3,-77.0,0.1013
-11.8,-80.2,0.1011
-19.4,-74.7,0.1002
-10.0,-84.0,0.0997
-18.2,-74.4,0.0991
-7.6,-81.7,0.0983
-11.3,-78.6,0.098
-13.0,-79.5,0.098
-7.4,-82.0,0.098
-7.3,-80.9,0.0972
-5.1,-83.7,0.0958
-16.3,-79.1,0.0955
-13.8,-78.4,0.0941
-4.2,-82.4,0.0941
-18.9,-74.5,0.0936
-9.3,-81.8,0.0933
-11.2,-80.3,0.0916
-17.8,-77.8,0.0913
-5.5,-82.1,0.0902
-7.8,-82.1,0.0888
-1.5,-84.5,0.0886
-7.6,-81.9,0.0861
-18.1,-72.6,0.0852
-9.4,-83.3,0.0838
-7.0,-83.4,0.0836
-5.6,-81.9,0.0833
-15.8,-75.0,0.083
-12.2,-85.6,0.0783
-15.1,-76.1,0.0777
-14.7,-76.9,0.0772
-15.4,-75.3,0.0772
-13.8,-80.6,0.0772
-2.5,-81.6,0.0755
-19.9,-85.2,0.0747
-10.7,-80.6,0.0747
-19.1,-80.8,0.0744
-3.6,-81.1,0.0733
-19.3,-80.7,0.073
-9.8,-80.2,0.073
-3.9,-82.7,0.0722
-12.3,-80.5,0.0719
-16.6,-75.6,0.0708
-17.2,-73.0,0.0702
-7.3,-79.7,0.0697
-11.7,-79.7,0.0683
-13.3,-77.9,0.0683
-10.6,-85.0,0.068
-14.2,-78.3,0.068
-16.8,-78.8,0.0675
-9.9,-83.0,0.0669
-7.6,-81.8,0.0669
-11.1,-80.0,0.0666
-11.8,-78.8,0.0666
-10.6,-83.6,0.0666
-14.5,-76.7,0.065
-19.3,-82.4,0.0641
-18.4,-81.1,0.0641
-19.7,-74.5,0.0638
-17.3,-74.7,0.0633
-19.1,-79.2,0.0627
-8.8,-83.4,0.0627
-9.7,-80.0,0.0625
-8.7,-81.2,0.0625
-11.0,-84.7,0.0611
-18.2,-72.1,0.0611
-13.5,-80.6,0.0608
-5.6,-83.5,0.0605
-20.0,-70.3,0.06
-10.2,-80.6,0.0594
-19.0,-74.2,0.0591
-18.1,-85.2,0.0583
-6.3,-81.0,0.0583
-7.9,-81.9,0.0575
-7.7,-83.8,0.0561
-8.3,-85.0,0.0561
-5.2,-82.7,0.0558
-14.8,-83.7,0.0558
-14.3,-77.9,0.0555
-17.3,-73.2,0.0538
-17.3,-73.1,0.0536
-15.4,-75.7,0.0536
-10.3,-85.0,0.0527
-10.7,-80.8,0.0519
-12.9,-80.3,0.0516
-18.1,-84.1,0.0511
-17.6,-78.3,0.0505
-4.7,-84.5,0.05
-17.7,-72.4,0.05
-8.6,-84.2,0.05
-1.4,-81.2,0.05
-7.8,-84.7,0.0497
-8.6,-82.6,0.0494
-10.7,-81.3,0.0494
-15.1,-77.7,0.0494
-13.6,-79.3,0.0491
-19.9,-82.2,0.0483
-19.4,-85.4,0.0472
-7.2,-81.4,0.0461
-14.7,-78.6,0.0461
-13.4,-80.5,0.0455
-8.9,-83.5,0.0444
-13.2,-82.5,0.0416
-11.5,-78.8,0.0408
-13.9,-78.1,0.0388
-8.3,-84.8,0.0388
-18.4,-72.8,0.0383
-9.3,-83.2,0.038
-2.6,-83.7,0.0366
-5.1,-82.9,0.0361
-18.4,-74.3,0.0361
-17.6,-72.9,0.033
-5.5,-83.6,0.0325
-11.1,-79.7,0.0322
-16.5,-74.0,0.0313
-14.4,-77.3,0.0283
-1.1,-81.1,0.028
-7.7,-86.0,0.0269
-10.7,-79.2,0.0255
-9.0,-81.6,0.0255
-16.8,-75.4,0.023
-17.7,-73.9,0.0222
-12.0,-82.7,0.0205
-7.4,-82.3,0.02
-4.6,-81.9,0.0194
-16.8,-84.0,0.0172
-14.1,-79.1,0.0166
-15.7,-75.9,0.0163
-3.6,-80.6,0.0138
-15.1,-77.9,0.0125
-9.8,-81.6,0.0108
