<?xml version="1.0" encoding="UTF-8"?>
<kml xmlns="http://www.opengis.net/kml/2.2" xmlns:gx="http://www.google.com/kml/ext/2.2">
    <Document id="1">
        <Style id="4">
            <LineStyle id="5">
                <color>ff000000</color>
                <colorMode>normal</colorMode>
                <width>3</width>
            </LineStyle>
        </Style>
        <name>Ruta Completa del Cable Submarino</name>
        <Placemark id="3">
            <name>Ruta completa del cable</name>
            <styleUrl>#4</styleUrl>
            <LineString id="2">
                <coordinates>-82.1655,-2.3846666666666665,0.0 -82.18816666666666,-2.4353333333333333,0.0 -82.1935,-2.472,0.0 -82.2395,-2.783,0.0 -82.28466666666667,-3.087833333333333,0.0 -82.3155,-3.296333333333333,0.0 -82.33883333333333,-3.3413333333333335,0.0 -82.349,-3.4088333333333334,0.0 -82.35466666666667,-3.4473333333333334,0.0 -82.361,-3.4888333333333335,0.0 -82.39066666666666,-3.7983333333333333,0.0 -82.41916666666667,-3.996,0.0 -82.48116666666667,-4.4095,0.0 -82.5095,-4.599166666666667,0.0 -82.578,-5.057166666666666,0.0 -82.586,-5.111666666666666,0.0 -82.593,-5.158166666666666,0.0 -82.6065,-5.246833333333333,0.0 -82.61116666666666,-5.278,0.0 -82.60966666666667,-5.294666666666667,0.0 -82.60533333333333,-5.354166666666667,0.0 -82.56966666666666,-5.852166666666667,0.0 -82.5375,-6.3035,0.0 -82.52716666666667,-6.445833333333334,0.0 -82.48483333333333,-7.04,0.0 -82.481,-7.091666666666667,0.0 -82.46716666666667,-7.2828333333333335,0.0 -82.42333333333333,-7.8995,0.0 -82.39833333333333,-8.252333333333333,0.0 -82.37983333333334,-8.509333333333334,0.0 -82.36083333333333,-8.7775,0.0 -82.21466666666667,-9.088166666666666,0.0 -82.19216666666667,-9.136666666666667,0.0 -82.17266666666667,-9.178166666666666,0.0 -81.93216666666666,-9.691,0.0 -81.7575,-10.062166666666666,0.0 -81.66733333333333,-10.253666666666666,0.0 -81.5775,-10.444166666666666,0.0 -81.42933333333333,-10.612833333333333,0.0 -81.39616666666667,-10.651166666666667,0.0 -81.31266666666667,-10.745833333333334,0.0 -81.228,-10.8425,0.0 -81.2135,-10.858833333333333,0.0 -80.91216666666666,-11.200666666666667,0.0 -80.86383333333333,-11.2555,0.0 -80.5585,-11.601,0.0 -80.49733333333333,-11.670166666666667,0.0 -80.08566666666667,-12.133666666666667,0.0 -79.90166666666667,-12.339666666666666,0.0 -79.7875,-12.4675,0.0 -79.7555,-12.503333333333334,0.0 -79.69816666666667,-12.5675,0.0 -79.27916666666667,-13.0345,0.0 -79.26283333333333,-13.0525,0.0 -78.84433333333334,-13.516,0.0 -78.6375,-13.744166666666667,0.0 -78.62883333333333,-13.755,0.0 -78.5705,-13.8295,0.0 -78.5525,-13.8525,0.0 -78.54983333333334,-13.856166666666667,0.0 -78.51916666666666,-13.8165,0.0 -78.51783333333333,-13.815,0.0 -78.51783333333333,-13.815,0.0 -78.50133333333333,-13.7975,0.0 -78.48433333333334,-13.779166666666667,0.0 -78.47183333333334,-13.765833333333333,0.0 -78.4625,-13.755833333333333,0.0 -78.454,-13.71565,0.0 -78.16765,-13.480333333333334,0.0 -78.11533333333334,-13.439216666666667,0.0 -78.02745,-13.359933333333334,0.0 -78.0135,-13.348533333333334,0.0 -77.82103333333333,-13.191133333333333,0.0 -77.80541666666667,-13.183683333333333,0.0 -77.76726666666667,-13.112516666666666,0.0 -77.71295,-13.065783333333334,0.0 -77.6038,-12.960183333333333,0.0 -77.58933333333333,-12.956,0.0 -77.51366666666667,-12.8925,0.0 -77.49916666666667,-12.8805,0.0 -77.46016666666667,-12.848333333333333,0.0 -77.42316666666666,-12.817666666666666,0.0 -77.41883333333334,-12.814166666666667,0.0 -77.17183333333334,-12.61,0.0 -77.17083333333333,-12.609166666666667,0.0 -77.10766666666666,-12.553166666666666,0.0 -77.029,-12.483166666666667,0.0 -77.01916666666666,-12.4775,0.0 -77.0115,-12.468,0.0 -76.9875,-12.445666666666666,0.0 -76.93783333333333,-12.400166666666667,0.0 -76.93133333333333,-12.390333333333333,0.0 -76.92133333333334,-12.3755,0.0 -76.917,-12.368833333333333,0.0 -76.907,-12.3525,0.0 -76.88816666666666,-12.344833333333334,0.0 -76.88216666666666,-12.336833333333333,0.0 -76.87216666666667,-12.321833333333334,0.0 -76.867,-12.315333333333333,0.0 -76.85355,-12.30085,0.0 -78.51783333333333,-13.815,0.0 -78.522,-13.889333333333333,0.0 -78.50983333333333,-13.906666666666666,0.0 -78.475,-13.953166666666666,0.0 -78.43816666666666,-14.002,0.0 -78.0615,-14.499166666666667,0.0 -77.847,-14.781333333333333,0.0 -77.81433333333334,-14.824666666666667,0.0 -77.79183333333333,-14.854,0.0 -77.7495,-14.909166666666666,0.0 -77.66916666666667,-15.015,0.0 -77.5975,-15.108666666666666,0.0 -77.5075,-15.226833333333333,0.0 -77.40933333333334,-15.355,0.0 -77.39483333333334,-15.374,0.0 -77.16516666666666,-15.673666666666668,0.0 -77.0325,-15.846166666666667,0.0 -76.94416666666666,-15.960833333333333,0.0 -76.87366666666667,-16.034833333333335,0.0 -76.86,-16.049166666666668,0.0 -76.5325,-16.392166666666668,0.0 -76.47316666666667,-16.454166666666666,0.0 -76.04,-16.904833333333332,0.0 -76.00633333333333,-16.939333333333334,0.0 -75.749,-17.206,0.0 -75.5665,-17.394166666666667,0.0 -75.47783333333334,-17.486,0.0 -75.323,-17.579666666666668,0.0 -75.13266666666667,-17.69483333333333,0.0 -75.058,-17.74,0.0 -74.9315,-17.816333333333333,0.0 -74.7405,-17.9315,0.0 -74.59316666666666,-18.019833333333334,0.0 -74.454,-18.103166666666667,0.0 -74.05766666666666,-18.3395,0.0 -74.01166666666667,-18.3665,0.0 -73.98333333333333,-18.38383333333333,0.0 -73.76916666666666,-18.510666666666665,0.0 -73.49733333333333,-18.632833333333334,0.0 -73.42233333333333,-18.666333333333334,0.0 -73.10583333333334,-18.8075,0.0 -72.85766666666666,-18.9175,0.0 -72.85416666666667,-18.919166666666666,0.0 -72.74333333333334,-18.9375,0.0 -72.71183333333333,-18.9455,0.0 -72.65383333333334,-18.955166666666667,0.0 -72.4675,-18.985833333333332,0.0 -72.06916666666666,-19.000666666666667,0.0 -72.06733333333334,-19.0,0.0 -71.64666666666666,-18.8615,0.0 -71.4815,-18.806666666666665,0.0 -71.31433333333334,-18.751,0.0 -71.21916666666667,-18.719166666666666,0.0 -71.13583333333334,-18.692166666666665,0.0 -71.06616666666666,-18.6695,0.0 -70.87716666666667,-18.608166666666666,0.0 -70.762,-18.5705,0.0 -70.64183333333334,-18.531333333333333,0.0 -70.62516666666667,-18.525833333333335,0.0 -70.6155,-18.522666666666666,0.0 -70.6115,-18.520666666666667,0.0 -70.60966666666667,-18.5195,0.0 -70.58583333333333,-18.506833333333333,0.0 -70.55383333333333,-18.5025,0.0 -70.46916666666667,-18.469333333333335,0.0 -70.41143333333333,-18.448416666666667,0.0 -70.39353333333334,-18.44585,0.0 -70.3796,-18.441533333333332,0.0 -70.3577,-18.437583333333333,0.0 -70.33418333333333,-18.4293,0.0 -70.31798333333333,-18.424,0.0</coordinates>
            </LineString>
        </Placemark>
        <Folder id="6">
            <Style id="9">
                <LineStyle id="10">
                    <color>ff0000ff</color>
                    <colorMode>normal</colorMode>
                    <width>4</width>
                </LineStyle>
            </Style>
            <name>Segmento A</name>
            <Placemark id="8">
                <name>Segmento A</name>
                <styleUrl>#9</styleUrl>
                <LineString id="7">
                    <coordinates>-82.1655,-2.3846666666666665,0.0 -82.18816666666666,-2.4353333333333333,0.0 -82.1935,-2.472,0.0 -82.2395,-2.783,0.0 -82.28466666666667,-3.087833333333333,0.0 -82.3155,-3.296333333333333,0.0 -82.33883333333333,-3.3413333333333335,0.0 -82.349,-3.4088333333333334,0.0 -82.35466666666667,-3.4473333333333334,0.0 -82.361,-3.4888333333333335,0.0 -82.39066666666666,-3.7983333333333333,0.0 -82.41916666666667,-3.996,0.0 -82.48116666666667,-4.4095,0.0 -82.5095,-4.599166666666667,0.0 -82.578,-5.057166666666666,0.0 -82.586,-5.111666666666666,0.0 -82.593,-5.158166666666666,0.0 -82.6065,-5.246833333333333,0.0 -82.61116666666666,-5.278,0.0 -82.60966666666667,-5.294666666666667,0.0 -82.60533333333333,-5.354166666666667,0.0 -82.56966666666666,-5.852166666666667,0.0 -82.5375,-6.3035,0.0 -82.52716666666667,-6.445833333333334,0.0 -82.48483333333333,-7.04,0.0 -82.481,-7.091666666666667,0.0 -82.46716666666667,-7.2828333333333335,0.0 -82.42333333333333,-7.8995,0.0 -82.39833333333333,-8.252333333333333,0.0 -82.37983333333334,-8.509333333333334,0.0 -82.36083333333333,-8.7775,0.0 -82.21466666666667,-9.088166666666666,0.0 -82.19216666666667,-9.136666666666667,0.0 -82.17266666666667,-9.178166666666666,0.0 -81.93216666666666,-9.691,0.0 -81.7575,-10.062166666666666,0.0 -81.66733333333333,-10.253666666666666,0.0 -81.5775,-10.444166666666666,0.0 -81.42933333333333,-10.612833333333333,0.0 -81.39616666666667,-10.651166666666667,0.0 -81.31266666666667,-10.745833333333334,0.0 -81.228,-10.8425,0.0 -81.2135,-10.858833333333333,0.0 -80.91216666666666,-11.200666666666667,0.0 -80.86383333333333,-11.2555,0.0 -80.5585,-11.601,0.0 -80.49733333333333,-11.670166666666667,0.0 -80.08566666666667,-12.133666666666667,0.0 -79.90166666666667,-12.339666666666666,0.0 -79.7875,-12.4675,0.0 -79.7555,-12.503333333333334,0.0 -79.69816666666667,-12.5675,0.0 -79.27916666666667,-13.0345,0.0 -79.26283333333333,-13.0525,0.0 -78.84433333333334,-13.516,0.0 -78.6375,-13.744166666666667,0.0 -78.62883333333333,-13.755,0.0 -78.5705,-13.8295,0.0 -78.5525,-13.8525,0.0 -78.54983333333334,-13.856166666666667,0.0 -78.51916666666666,-13.8165,0.0 -78.51783333333333,-13.815,0.0</coordinates>
                </LineString>
            </Placemark>
            <Folder id="11">
                <Style id="14">
                    <IconStyle id="15">
                        <color>ff0000ff</color>
                        <colorMode>normal</colorMode>
                        <scale>0.7</scale>
                        <heading>0</heading>
                        <Icon id="16">
                            <href>http://maps.google.com/mapfiles/kml/pushpin/ylw-pushpin.png</href>
                        </Icon>
                    </IconStyle>
                </Style>
                <Style id="19">
                    <IconStyle id="20">
                        <color>ff0000ff</color>
                        <colorMode>normal</colorMode>
                        <scale>0.7</scale>
                        <heading>0</heading>
                        <Icon id="21">
                            <href>http://maps.google.com/mapfiles/kml/pushpin/ylw-pushpin.png</href>
                        </Icon>
                    </IconStyle>
                </Style>
                <Style id="24">
                    <IconStyle id="25">
                        <color>ff0000ff</color>
                        <colorMode>normal</colorMode>
                        <scale>0.7</scale>
                        <heading>0</heading>
                        <Icon id="26">
                            <href>http://maps.google.com/mapfiles/kml/pushpin/ylw-pushpin.png</href>
                        </Icon>
                    </IconStyle>
                </Style>
                <Style id="29">
                    <IconStyle id="30">
                        <color>ff0000ff</color>
                        <colorMode>normal</colorMode>
                        <scale>0.7</scale>
                        <heading>0</heading>
                        <Icon id="31">
                            <href>http://maps.google.com/mapfiles/kml/pushpin/ylw-pushpin.png</href>
                        </Icon>
                    </IconStyle>
                </Style>
                <Style id="34">
                    <IconStyle id="35">
                        <color>ff0000ff</color>
                        <colorMode>normal</colorMode>
                        <scale>0.7</scale>
                        <heading>0</heading>
                        <Icon id="36">
                            <href>http://maps.google.com/mapfiles/kml/pushpin/ylw-pushpin.png</href>
                        </Icon>
                    </IconStyle>
                </Style>
                <Style id="39">
                    <IconStyle id="40">
                        <color>ff0000ff</color>
                        <colorMode>normal</colorMode>
                        <scale>0.7</scale>
                        <heading>0</heading>
                        <Icon id="41">
                            <href>http://maps.google.com/mapfiles/kml/pushpin/ylw-pushpin.png</href>
                        </Icon>
                    </IconStyle>
                </Style>
                <Style id="44">
                    <IconStyle id="45">
                        <color>ff0000ff</color>
                        <colorMode>normal</colorMode>
                        <scale>0.7</scale>
                        <heading>0</heading>
                        <Icon id="46">
                            <href>http://maps.google.com/mapfiles/kml/pushpin/ylw-pushpin.png</href>
                        </Icon>
                    </IconStyle>
                </Style>
                <Style id="49">
                    <IconStyle id="50">
                        <color>ff0000ff</color>
                        <colorMode>normal</colorMode>
                        <scale>0.7</scale>
                        <heading>0</heading>
                        <Icon id="51">
                            <href>http://maps.google.com/mapfiles/kml/pushpin/ylw-pushpin.png</href>
                        </Icon>
                    </IconStyle>
                </Style>
                <Style id="54">
                    <IconStyle id="55">
                        <color>ff0000ff</color>
                        <colorMode>normal</colorMode>
                        <scale>0.7</scale>
                        <heading>0</heading>
                        <Icon id="56">
                            <href>http://maps.google.com/mapfiles/kml/pushpin/ylw-pushpin.png</href>
                        </Icon>
                    </IconStyle>
                </Style>
                <Style id="59">
                    <IconStyle id="60">
                        <color>ff0000ff</color>
                        <colorMode>normal</colorMode>
                        <scale>0.7</scale>
                        <heading>0</heading>
                        <Icon id="61">
                            <href>http://maps.google.com/mapfiles/kml/pushpin/ylw-pushpin.png</href>
                        </Icon>
                    </IconStyle>
                </Style>
                <Style id="64">
                    <IconStyle id="65">
                        <color>ff0000ff</color>
                        <colorMode>normal</colorMode>
                        <scale>0.7</scale>
                        <heading>0</heading>
                        <Icon id="66">
                            <href>http://maps.google.com/mapfiles/kml/pushpin/ylw-pushpin.png</href>
                        </Icon>
                    </IconStyle>
                </Style>
                <Style id="69">
                    <IconStyle id="70">
                        <color>ff0000ff</color>
                        <colorMode>normal</colorMode>
                        <scale>0.7</scale>
                        <heading>0</heading>
                        <Icon id="71">
                            <href>http://maps.google.com/mapfiles/kml/pushpin/ylw-pushpin.png</href>
                        </Icon>
                    </IconStyle>
                </Style>
                <Style id="74">
                    <IconStyle id="75">
                        <color>ff0000ff</color>
                        <colorMode>normal</colorMode>
                        <scale>0.7</scale>
                        <heading>0</heading>
                        <Icon id="76">
                            <href>http://maps.google.com/mapfiles/kml/pushpin/ylw-pushpin.png</href>
                        </Icon>
                    </IconStyle>
                </Style>
                <Style id="79">
                    <IconStyle id="80">
                        <color>ff0000ff</color>
                        <colorMode>normal</colorMode>
                        <scale>0.7</scale>
                        <heading>0</heading>
                        <Icon id="81">
                            <href>http://maps.google.com/mapfiles/kml/pushpin/ylw-pushpin.png</href>
                        </Icon>
                    </IconStyle>
                </Style>
                <Style id="84">
                    <IconStyle id="85">
                        <color>ff0000ff</color>
                        <colorMode>normal</colorMode>
                        <scale>0.7</scale>
                        <heading>0</heading>
                        <Icon id="86">
                            <href>http://maps.google.com/mapfiles/kml/pushpin/ylw-pushpin.png</href>
                        </Icon>
                    </IconStyle>
                </Style>
                <Style id="89">
                    <IconStyle id="90">
                        <color>ff0000ff</color>
                        <colorMode>normal</colorMode>
                        <scale>0.7</scale>
                        <heading>0</heading>
                        <Icon id="91">
                            <href>http://maps.google.com/mapfiles/kml/pushpin/ylw-pushpin.png</href>
                        </Icon>
                    </IconStyle>
                </Style>
                <Style id="94">
                    <IconStyle id="95">
                        <color>ff0000ff</color>
                        <colorMode>normal</colorMode>
                        <scale>0.7</scale>
                        <heading>0</heading>
                        <Icon id="96">
                            <href>http://maps.google.com/mapfiles/kml/pushpin/ylw-pushpin.png</href>
                        </Icon>
                    </IconStyle>
                </Style>
                <Style id="99">
                    <IconStyle id="100">
                        <color>ff0000ff</color>
                        <colorMode>normal</colorMode>
                        <scale>0.7</scale>
                        <heading>0</heading>
                        <Icon id="101">
                            <href>http://maps.google.com/mapfiles/kml/pushpin/ylw-pushpin.png</href>
                        </Icon>
                    </IconStyle>
                </Style>
                <Style id="104">
                    <IconStyle id="105">
                        <color>ff0000ff</color>
                        <colorMode>normal</colorMode>
                        <scale>0.7</scale>
                        <heading>0</heading>
                        <Icon id="106">
                            <href>http://maps.google.com/mapfiles/kml/pushpin/ylw-pushpin.png</href>
                        </Icon>
                    </IconStyle>
                </Style>
                <Style id="109">
                    <IconStyle id="110">
                        <color>ff0000ff</color>
                        <colorMode>normal</colorMode>
                        <scale>0.7</scale>
                        <heading>0</heading>
                        <Icon id="111">
                            <href>http://maps.google.com/mapfiles/kml/pushpin/ylw-pushpin.png</href>
                        </Icon>
                    </IconStyle>
                </Style>
                <Style id="114">
                    <IconStyle id="115">
                        <color>ff0000ff</color>
                        <colorMode>normal</colorMode>
                        <scale>0.7</scale>
                        <heading>0</heading>
                        <Icon id="116">
                            <href>http://maps.google.com/mapfiles/kml/pushpin/ylw-pushpin.png</href>
                        </Icon>
                    </IconStyle>
                </Style>
                <Style id="119">
                    <IconStyle id="120">
                        <color>ff0000ff</color>
                        <colorMode>normal</colorMode>
                        <scale>0.7</scale>
                        <heading>0</heading>
                        <Icon id="121">
                            <href>http://maps.google.com/mapfiles/kml/pushpin/ylw-pushpin.png</href>
                        </Icon>
                    </IconStyle>
                </Style>
                <Style id="124">
                    <IconStyle id="125">
                        <color>ff0000ff</color>
                        <colorMode>normal</colorMode>
                        <scale>0.7</scale>
                        <heading>0</heading>
                        <Icon id="126">
                            <href>http://maps.google.com/mapfiles/kml/pushpin/ylw-pushpin.png</href>
                        </Icon>
                    </IconStyle>
                </Style>
                <Style id="129">
                    <IconStyle id="130">
                        <color>ff0000ff</color>
                        <colorMode>normal</colorMode>
                        <scale>0.7</scale>
                        <heading>0</heading>
                        <Icon id="131">
                            <href>http://maps.google.com/mapfiles/kml/pushpin/ylw-pushpin.png</href>
                        </Icon>
                    </IconStyle>
                </Style>
                <Style id="134">
                    <IconStyle id="135">
                        <color>ff0000ff</color>
                        <colorMode>normal</colorMode>
                        <scale>0.7</scale>
                        <heading>0</heading>
                        <Icon id="136">
                            <href>http://maps.google.com/mapfiles/kml/pushpin/ylw-pushpin.png</href>
                        </Icon>
                    </IconStyle>
                </Style>
                <Style id="139">
                    <IconStyle id="140">
                        <color>ff0000ff</color>
                        <colorMode>normal</colorMode>
                        <scale>0.7</scale>
                        <heading>0</heading>
                        <Icon id="141">
                            <href>http://maps.google.com/mapfiles/kml/pushpin/ylw-pushpin.png</href>
                        </Icon>
                    </IconStyle>
                </Style>
                <Style id="144">
                    <IconStyle id="145">
                        <color>ff0000ff</color>
                        <colorMode>normal</colorMode>
                        <scale>0.7</scale>
                        <heading>0</heading>
                        <Icon id="146">
                            <href>http://maps.google.com/mapfiles/kml/pushpin/ylw-pushpin.png</href>
                        </Icon>
                    </IconStyle>
                </Style>
                <Style id="149">
                    <IconStyle id="150">
                        <color>ff0000ff</color>
                        <colorMode>normal</colorMode>
                        <scale>0.7</scale>
                        <heading>0</heading>
                        <Icon id="151">
                            <href>http://maps.google.com/mapfiles/kml/pushpin/ylw-pushpin.png</href>
                        </Icon>
                    </IconStyle>
                </Style>
                <Style id="154">
                    <IconStyle id="155">
                        <color>ff0000ff</color>
                        <colorMode>normal</colorMode>
                        <scale>0.7</scale>
                        <heading>0</heading>
                        <Icon id="156">
                            <href>http://maps.google.com/mapfiles/kml/pushpin/ylw-pushpin.png</href>
                        </Icon>
                    </IconStyle>
                </Style>
                <Style id="159">
                    <IconStyle id="160">
                        <color>ff0000ff</color>
                        <colorMode>normal</colorMode>
                        <scale>0.7</scale>
                        <heading>0</heading>
                        <Icon id="161">
                            <href>http://maps.google.com/mapfiles/kml/pushpin/ylw-pushpin.png</href>
                        </Icon>
                    </IconStyle>
                </Style>
                <Style id="164">
                    <IconStyle id="165">
                        <color>ff0000ff</color>
                        <colorMode>normal</colorMode>
                        <scale>0.7</scale>
                        <heading>0</heading>
                        <Icon id="166">
                            <href>http://maps.google.com/mapfiles/kml/pushpin/ylw-pushpin.png</href>
                        </Icon>
                    </IconStyle>
                </Style>
                <Style id="169">
                    <IconStyle id="170">
                        <color>ff0000ff</color>
                        <colorMode>normal</colorMode>
                        <scale>0.7</scale>
                        <heading>0</heading>
                        <Icon id="171">
                            <href>http://maps.google.com/mapfiles/kml/pushpin/ylw-pushpin.png</href>
                        </Icon>
                    </IconStyle>
                </Style>
                <Style id="174">
                    <IconStyle id="175">
                        <color>ff0000ff</color>
                        <colorMode>normal</colorMode>
                        <scale>0.7</scale>
                        <heading>0</heading>
                        <Icon id="176">
                            <href>http://maps.google.com/mapfiles/kml/pushpin/ylw-pushpin.png</href>
                        </Icon>
                    </IconStyle>
                </Style>
                <Style id="179">
                    <IconStyle id="180">
                        <color>ff0000ff</color>
                        <colorMode>normal</colorMode>
                        <scale>0.7</scale>
                        <heading>0</heading>
                        <Icon id="181">
                            <href>http://maps.google.com/mapfiles/kml/pushpin/ylw-pushpin.png</href>
                        </Icon>
                    </IconStyle>
                </Style>
                <Style id="184">
                    <IconStyle id="185">
                        <color>ff0000ff</color>
                        <colorMode>normal</colorMode>
                        <scale>0.7</scale>
                        <heading>0</heading>
                        <Icon id="186">
                            <href>http://maps.google.com/mapfiles/kml/pushpin/ylw-pushpin.png</href>
                        </Icon>
                    </IconStyle>
                </Style>
                <Style id="189">
                    <IconStyle id="190">
                        <color>ff0000ff</color>
                        <colorMode>normal</colorMode>
                        <scale>0.7</scale>
                        <heading>0</heading>
                        <Icon id="191">
                            <href>http://maps.google.com/mapfiles/kml/pushpin/ylw-pushpin.png</href>
                        </Icon>
                    </IconStyle>
                </Style>
                <Style id="194">
                    <IconStyle id="195">
                        <color>ff0000ff</color>
                        <colorMode>normal</colorMode>
                        <scale>0.7</scale>
                        <heading>0</heading>
                        <Icon id="196">
                            <href>http://maps.google.com/mapfiles/kml/pushpin/ylw-pushpin.png</href>
                        </Icon>
                    </IconStyle>
                </Style>
                <Style id="199">
                    <IconStyle id="200">
                        <color>ff0000ff</color>
                        <colorMode>normal</colorMode>
                        <scale>0.7</scale>
                        <heading>0</heading>
                        <Icon id="201">
                            <href>http://maps.google.com/mapfiles/kml/pushpin/ylw-pushpin.png</href>
                        </Icon>
                    </IconStyle>
                </Style>
                <Style id="204">
                    <IconStyle id="205">
                        <color>ff0000ff</color>
                        <colorMode>normal</colorMode>
                        <scale>0.7</scale>
                        <heading>0</heading>
                        <Icon id="206">
                            <href>http://maps.google.com/mapfiles/kml/pushpin/ylw-pushpin.png</href>
                        </Icon>
                    </IconStyle>
                </Style>
                <Style id="209">
                    <IconStyle id="210">
                        <color>ff0000ff</color>
                        <colorMode>normal</colorMode>
                        <scale>0.7</scale>
                        <heading>0</heading>
                        <Icon id="211">
                            <href>http://maps.google.com/mapfiles/kml/pushpin/ylw-pushpin.png</href>
                        </Icon>
                    </IconStyle>
                </Style>
                <Style id="214">
                    <IconStyle id="215">
                        <color>ff0000ff</color>
                        <colorMode>normal</colorMode>
                        <scale>0.7</scale>
                        <heading>0</heading>
                        <Icon id="216">
                            <href>http://maps.google.com/mapfiles/kml/pushpin/ylw-pushpin.png</href>
                        </Icon>
                    </IconStyle>
                </Style>
                <Style id="219">
                    <IconStyle id="220">
                        <color>ff0000ff</color>
                        <colorMode>normal</colorMode>
                        <scale>0.7</scale>
                        <heading>0</heading>
                        <Icon id="221">
                            <href>http://maps.google.com/mapfiles/kml/pushpin/ylw-pushpin.png</href>
                        </Icon>
                    </IconStyle>
                </Style>
                <Style id="224">
                    <IconStyle id="225">
                        <color>ff0000ff</color>
                        <colorMode>normal</colorMode>
                        <scale>0.7</scale>
                        <heading>0</heading>
                        <Icon id="226">
                            <href>http://maps.google.com/mapfiles/kml/pushpin/ylw-pushpin.png</href>
                        </Icon>
                    </IconStyle>
                </Style>
                <Style id="229">
                    <IconStyle id="230">
                        <color>ff0000ff</color>
                        <colorMode>normal</colorMode>
                        <scale>0.7</scale>
                        <heading>0</heading>
                        <Icon id="231">
                            <href>http://maps.google.com/mapfiles/kml/pushpin/ylw-pushpin.png</href>
                        </Icon>
                    </IconStyle>
                </Style>
                <Style id="234">
                    <IconStyle id="235">
                        <color>ff0000ff</color>
                        <colorMode>normal</colorMode>
                        <scale>0.7</scale>
                        <heading>0</heading>
                        <Icon id="236">
                            <href>http://maps.google.com/mapfiles/kml/pushpin/ylw-pushpin.png</href>
                        </Icon>
                    </IconStyle>
                </Style>
                <Style id="239">
                    <IconStyle id="240">
                        <color>ff0000ff</color>
                        <colorMode>normal</colorMode>
                        <scale>0.7</scale>
                        <heading>0</heading>
                        <Icon id="241">
                            <href>http://maps.google.com/mapfiles/kml/pushpin/ylw-pushpin.png</href>
                        </Icon>
                    </IconStyle>
                </Style>
                <Style id="244">
                    <IconStyle id="245">
                        <color>ff0000ff</color>
                        <colorMode>normal</colorMode>
                        <scale>0.7</scale>
                        <heading>0</heading>
                        <Icon id="246">
                            <href>http://maps.google.com/mapfiles/kml/pushpin/ylw-pushpin.png</href>
                        </Icon>
                    </IconStyle>
                </Style>
                <Style id="249">
                    <IconStyle id="250">
                        <color>ff0000ff</color>
                        <colorMode>normal</colorMode>
                        <scale>0.7</scale>
                        <heading>0</heading>
                        <Icon id="251">
                            <href>http://maps.google.com/mapfiles/kml/pushpin/ylw-pushpin.png</href>
                        </Icon>
                    </IconStyle>
                </Style>
                <Style id="254">
                    <IconStyle id="255">
                        <color>ff0000ff</color>
                        <colorMode>normal</colorMode>
                        <scale>0.7</scale>
                        <heading>0</heading>
                        <Icon id="256">
                            <href>http://maps.google.com/mapfiles/kml/pushpin/ylw-pushpin.png</href>
                        </Icon>
                    </IconStyle>
                </Style>
                <Style id="259">
                    <IconStyle id="260">
                        <color>ff0000ff</color>
                        <colorMode>normal</colorMode>
                        <scale>0.7</scale>
                        <heading>0</heading>
                        <Icon id="261">
                            <href>http://maps.google.com/mapfiles/kml/pushpin/ylw-pushpin.png</href>
                        </Icon>
                    </IconStyle>
                </Style>
                <Style id="264">
                    <IconStyle id="265">
                        <color>ff0000ff</color>
                        <colorMode>normal</colorMode>
                        <scale>0.7</scale>
                        <heading>0</heading>
                        <Icon id="266">
                            <href>http://maps.google.com/mapfiles/kml/pushpin/ylw-pushpin.png</href>
                        </Icon>
                    </IconStyle>
                </Style>
                <Style id="269">
                    <IconStyle id="270">
                        <color>ff0000ff</color>
                        <colorMode>normal</colorMode>
                        <scale>0.7</scale>
                        <heading>0</heading>
                        <Icon id="271">
                            <href>http://maps.google.com/mapfiles/kml/pushpin/ylw-pushpin.png</href>
                        </Icon>
                    </IconStyle>
                </Style>
                <Style id="274">
                    <IconStyle id="275">
                        <color>ff0000ff</color>
                        <colorMode>normal</colorMode>
                        <scale>0.7</scale>
                        <heading>0</heading>
                        <Icon id="276">
                            <href>http://maps.google.com/mapfiles/kml/pushpin/ylw-pushpin.png</href>
                        </Icon>
                    </IconStyle>
                </Style>
                <Style id="279">
                    <IconStyle id="280">
                        <color>ff0000ff</color>
                        <colorMode>normal</colorMode>
                        <scale>0.7</scale>
                        <heading>0</heading>
                        <Icon id="281">
                            <href>http://maps.google.com/mapfiles/kml/pushpin/ylw-pushpin.png</href>
                        </Icon>
                    </IconStyle>
                </Style>
                <Style id="284">
                    <IconStyle id="285">
                        <color>ff0000ff</color>
                        <colorMode>normal</colorMode>
                        <scale>0.7</scale>
                        <heading>0</heading>
                        <Icon id="286">
                            <href>http://maps.google.com/mapfiles/kml/pushpin/ylw-pushpin.png</href>
                        </Icon>
                    </IconStyle>
                </Style>
                <Style id="289">
                    <IconStyle id="290">
                        <color>ff0000ff</color>
                        <colorMode>normal</colorMode>
                        <scale>0.7</scale>
                        <heading>0</heading>
                        <Icon id="291">
                            <href>http://maps.google.com/mapfiles/kml/pushpin/ylw-pushpin.png</href>
                        </Icon>
                    </IconStyle>
                </Style>
                <Style id="294">
                    <IconStyle id="295">
                        <color>ff0000ff</color>
                        <colorMode>normal</colorMode>
                        <scale>0.7</scale>
                        <heading>0</heading>
                        <Icon id="296">
                            <href>http://maps.google.com/mapfiles/kml/pushpin/ylw-pushpin.png</href>
                        </Icon>
                    </IconStyle>
                </Style>
                <Style id="299">
                    <IconStyle id="300">
                        <color>ff0000ff</color>
                        <colorMode>normal</colorMode>
                        <scale>0.7</scale>
                        <heading>0</heading>
                        <Icon id="301">
                            <href>http://maps.google.com/mapfiles/kml/pushpin/ylw-pushpin.png</href>
                        </Icon>
                    </IconStyle>
                </Style>
                <Style id="304">
                    <IconStyle id="305">
                        <color>ff0000ff</color>
                        <colorMode>normal</colorMode>
                        <scale>0.7</scale>
                        <heading>0</heading>
                        <Icon id="306">
                            <href>http://maps.google.com/mapfiles/kml/pushpin/ylw-pushpin.png</href>
                        </Icon>
                    </IconStyle>
                </Style>
                <Style id="309">
                    <IconStyle id="310">
                        <color>ff0000ff</color>
                        <colorMode>normal</colorMode>
                        <scale>0.7</scale>
                        <heading>0</heading>
                        <Icon id="311">
                            <href>http://maps.google.com/mapfiles/kml/pushpin/ylw-pushpin.png</href>
                        </Icon>
                    </IconStyle>
                </Style>
                <Style id="314">
                    <IconStyle id="315">
                        <color>ff0000ff</color>
                        <colorMode>normal</colorMode>
                        <scale>0.7</scale>
                        <heading>0</heading>
                        <Icon id="316">
                            <href>http://maps.google.com/mapfiles/kml/pushpin/ylw-pushpin.png</href>
                        </Icon>
                    </IconStyle>
                </Style>
                <Style id="319">
                    <IconStyle id="320">
                        <color>ff0000ff</color>
                        <colorMode>normal</colorMode>
                        <scale>0.7</scale>
                        <heading>0</heading>
                        <Icon id="321">
                            <href>http://maps.google.com/mapfiles/kml/pushpin/ylw-pushpin.png</href>
                        </Icon>
                    </IconStyle>
                </Style>
                <name>Puntos originales - Segmento A</name>
                <Placemark id="13">
                    <name>A-01</name>
                    <description>Punto A-01 | Segmento A | Lat: -2.384667, Lon: -82.165500</description>
                    <styleUrl>#14</styleUrl>
                    <Point id="12">
                        <coordinates>-82.1655,-2.3846666666666665,0.0</coordinates>
                    </Point>
                </Placemark>
                <Placemark id="18">
                    <name>A-02</name>
                    <description>Punto A-02 | Segmento A | Lat: -2.435333, Lon: -82.188167</description>
                    <styleUrl>#19</styleUrl>
                    <Point id="17">
                        <coordinates>-82.18816666666666,-2.4353333333333333,0.0</coordinates>
                    </Point>
                </Placemark>
                <Placemark id="23">
                    <name>A-03</name>
                    <description>Punto A-03 | Segmento A | Lat: -2.472000, Lon: -82.193500</description>
                    <styleUrl>#24</styleUrl>
                    <Point id="22">
                        <coordinates>-82.1935,-2.472,0.0</coordinates>
                    </Point>
                </Placemark>
                <Placemark id="28">
                    <name>A-04</name>
                    <description>Punto A-04 | Segmento A | Lat: -2.783000, Lon: -82.239500</description>
                    <styleUrl>#29</styleUrl>
                    <Point id="27">
                        <coordinates>-82.2395,-2.783,0.0</coordinates>
                    </Point>
                </Placemark>
                <Placemark id="33">
                    <name>A-05</name>
                    <description>Punto A-05 | Segmento A | Lat: -3.087833, Lon: -82.284667</description>
                    <styleUrl>#34</styleUrl>
                    <Point id="32">
                        <coordinates>-82.28466666666667,-3.087833333333333,0.0</coordinates>
                    </Point>
                </Placemark>
                <Placemark id="38">
                    <name>A-06</name>
                    <description>Punto A-06 | Segmento A | Lat: -3.296333, Lon: -82.315500</description>
                    <styleUrl>#39</styleUrl>
                    <Point id="37">
                        <coordinates>-82.3155,-3.296333333333333,0.0</coordinates>
                    </Point>
                </Placemark>
                <Placemark id="43">
                    <name>A-07</name>
                    <description>Punto A-07 | Segmento A | Lat: -3.341333, Lon: -82.338833</description>
                    <styleUrl>#44</styleUrl>
                    <Point id="42">
                        <coordinates>-82.33883333333333,-3.3413333333333335,0.0</coordinates>
                    </Point>
                </Placemark>
                <Placemark id="48">
                    <name>A-08</name>
                    <description>Punto A-08 | Segmento A | Lat: -3.408833, Lon: -82.349000</description>
                    <styleUrl>#49</styleUrl>
                    <Point id="47">
                        <coordinates>-82.349,-3.4088333333333334,0.0</coordinates>
                    </Point>
                </Placemark>
                <Placemark id="53">
                    <name>A-09</name>
                    <description>Punto A-09 | Segmento A | Lat: -3.447333, Lon: -82.354667</description>
                    <styleUrl>#54</styleUrl>
                    <Point id="52">
                        <coordinates>-82.35466666666667,-3.4473333333333334,0.0</coordinates>
                    </Point>
                </Placemark>
                <Placemark id="58">
                    <name>A-10</name>
                    <description>Punto A-10 | Segmento A | Lat: -3.488833, Lon: -82.361000</description>
                    <styleUrl>#59</styleUrl>
                    <Point id="57">
                        <coordinates>-82.361,-3.4888333333333335,0.0</coordinates>
                    </Point>
                </Placemark>
                <Placemark id="63">
                    <name>A-11</name>
                    <description>Punto A-11 | Segmento A | Lat: -3.798333, Lon: -82.390667</description>
                    <styleUrl>#64</styleUrl>
                    <Point id="62">
                        <coordinates>-82.39066666666666,-3.7983333333333333,0.0</coordinates>
                    </Point>
                </Placemark>
                <Placemark id="68">
                    <name>A-12</name>
                    <description>Punto A-12 | Segmento A | Lat: -3.996000, Lon: -82.419167</description>
                    <styleUrl>#69</styleUrl>
                    <Point id="67">
                        <coordinates>-82.41916666666667,-3.996,0.0</coordinates>
                    </Point>
                </Placemark>
                <Placemark id="73">
                    <name>A-13</name>
                    <description>Punto A-13 | Segmento A | Lat: -4.409500, Lon: -82.481167</description>
                    <styleUrl>#74</styleUrl>
                    <Point id="72">
                        <coordinates>-82.48116666666667,-4.4095,0.0</coordinates>
                    </Point>
                </Placemark>
                <Placemark id="78">
                    <name>A-14</name>
                    <description>Punto A-14 | Segmento A | Lat: -4.599167, Lon: -82.509500</description>
                    <styleUrl>#79</styleUrl>
                    <Point id="77">
                        <coordinates>-82.5095,-4.599166666666667,0.0</coordinates>
                    </Point>
                </Placemark>
                <Placemark id="83">
                    <name>A-15</name>
                    <description>Punto A-15 | Segmento A | Lat: -5.057167, Lon: -82.578000</description>
                    <styleUrl>#84</styleUrl>
                    <Point id="82">
                        <coordinates>-82.578,-5.057166666666666,0.0</coordinates>
                    </Point>
                </Placemark>
                <Placemark id="88">
                    <name>A-16</name>
                    <description>Punto A-16 | Segmento A | Lat: -5.111667, Lon: -82.586000</description>
                    <styleUrl>#89</styleUrl>
                    <Point id="87">
                        <coordinates>-82.586,-5.111666666666666,0.0</coordinates>
                    </Point>
                </Placemark>
                <Placemark id="93">
                    <name>A-17</name>
                    <description>Punto A-17 | Segmento A | Lat: -5.158167, Lon: -82.593000</description>
                    <styleUrl>#94</styleUrl>
                    <Point id="92">
                        <coordinates>-82.593,-5.158166666666666,0.0</coordinates>
                    </Point>
                </Placemark>
                <Placemark id="98">
                    <name>A-18</name>
                    <description>Punto A-18 | Segmento A | Lat: -5.246833, Lon: -82.606500</description>
                    <styleUrl>#99</styleUrl>
                    <Point id="97">
                        <coordinates>-82.6065,-5.246833333333333,0.0</coordinates>
                    </Point>
                </Placemark>
                <Placemark id="103">
                    <name>A-19</name>
                    <description>Punto A-19 | Segmento A | Lat: -5.278000, Lon: -82.611167</description>
                    <styleUrl>#104</styleUrl>
                    <Point id="102">
                        <coordinates>-82.61116666666666,-5.278,0.0</coordinates>
                    </Point>
                </Placemark>
                <Placemark id="108">
                    <name>A-20</name>
                    <description>Punto A-20 | Segmento A | Lat: -5.294667, Lon: -82.609667</description>
                    <styleUrl>#109</styleUrl>
                    <Point id="107">
                        <coordinates>-82.60966666666667,-5.294666666666667,0.0</coordinates>
                    </Point>
                </Placemark>
                <Placemark id="113">
                    <name>A-21</name>
                    <description>Punto A-21 | Segmento A | Lat: -5.354167, Lon: -82.605333</description>
                    <styleUrl>#114</styleUrl>
                    <Point id="112">
                        <coordinates>-82.60533333333333,-5.354166666666667,0.0</coordinates>
                    </Point>
                </Placemark>
                <Placemark id="118">
                    <name>A-22</name>
                    <description>Punto A-22 | Segmento A | Lat: -5.852167, Lon: -82.569667</description>
                    <styleUrl>#119</styleUrl>
                    <Point id="117">
                        <coordinates>-82.56966666666666,-5.852166666666667,0.0</coordinates>
                    </Point>
                </Placemark>
                <Placemark id="123">
                    <name>A-23</name>
                    <description>Punto A-23 | Segmento A | Lat: -6.303500, Lon: -82.537500</description>
                    <styleUrl>#124</styleUrl>
                    <Point id="122">
                        <coordinates>-82.5375,-6.3035,0.0</coordinates>
                    </Point>
                </Placemark>
                <Placemark id="128">
                    <name>A-24</name>
                    <description>Punto A-24 | Segmento A | Lat: -6.445833, Lon: -82.527167</description>
                    <styleUrl>#129</styleUrl>
                    <Point id="127">
                        <coordinates>-82.52716666666667,-6.445833333333334,0.0</coordinates>
                    </Point>
                </Placemark>
                <Placemark id="133">
                    <name>A-25</name>
                    <description>Punto A-25 | Segmento A | Lat: -7.040000, Lon: -82.484833</description>
                    <styleUrl>#134</styleUrl>
                    <Point id="132">
                        <coordinates>-82.48483333333333,-7.04,0.0</coordinates>
                    </Point>
                </Placemark>
                <Placemark id="138">
                    <name>A-26</name>
                    <description>Punto A-26 | Segmento A | Lat: -7.091667, Lon: -82.481000</description>
                    <styleUrl>#139</styleUrl>
                    <Point id="137">
                        <coordinates>-82.481,-7.091666666666667,0.0</coordinates>
                    </Point>
                </Placemark>
                <Placemark id="143">
                    <name>A-27</name>
                    <description>Punto A-27 | Segmento A | Lat: -7.282833, Lon: -82.467167</description>
                    <styleUrl>#144</styleUrl>
                    <Point id="142">
                        <coordinates>-82.46716666666667,-7.2828333333333335,0.0</coordinates>
                    </Point>
                </Placemark>
                <Placemark id="148">
                    <name>A-28</name>
                    <description>Punto A-28 | Segmento A | Lat: -7.899500, Lon: -82.423333</description>
                    <styleUrl>#149</styleUrl>
                    <Point id="147">
                        <coordinates>-82.42333333333333,-7.8995,0.0</coordinates>
                    </Point>
                </Placemark>
                <Placemark id="153">
                    <name>A-29</name>
                    <description>Punto A-29 | Segmento A | Lat: -8.252333, Lon: -82.398333</description>
                    <styleUrl>#154</styleUrl>
                    <Point id="152">
                        <coordinates>-82.39833333333333,-8.252333333333333,0.0</coordinates>
                    </Point>
                </Placemark>
                <Placemark id="158">
                    <name>A-30</name>
                    <description>Punto A-30 | Segmento A | Lat: -8.509333, Lon: -82.379833</description>
                    <styleUrl>#159</styleUrl>
                    <Point id="157">
                        <coordinates>-82.37983333333334,-8.509333333333334,0.0</coordinates>
                    </Point>
                </Placemark>
                <Placemark id="163">
                    <name>A-31</name>
                    <description>Punto A-31 | Segmento A | Lat: -8.777500, Lon: -82.360833</description>
                    <styleUrl>#164</styleUrl>
                    <Point id="162">
                        <coordinates>-82.36083333333333,-8.7775,0.0</coordinates>
                    </Point>
                </Placemark>
                <Placemark id="168">
                    <name>A-32</name>
                    <description>Punto A-32 | Segmento A | Lat: -9.088167, Lon: -82.214667</description>
                    <styleUrl>#169</styleUrl>
                    <Point id="167">
                        <coordinates>-82.21466666666667,-9.088166666666666,0.0</coordinates>
                    </Point>
                </Placemark>
                <Placemark id="173">
                    <name>A-33</name>
                    <description>Punto A-33 | Segmento A | Lat: -9.136667, Lon: -82.192167</description>
                    <styleUrl>#174</styleUrl>
                    <Point id="172">
                        <coordinates>-82.19216666666667,-9.136666666666667,0.0</coordinates>
                    </Point>
                </Placemark>
                <Placemark id="178">
                    <name>A-34</name>
                    <description>Punto A-34 | Segmento A | Lat: -9.178167, Lon: -82.172667</description>
                    <styleUrl>#179</styleUrl>
                    <Point id="177">
                        <coordinates>-82.17266666666667,-9.178166666666666,0.0</coordinates>
                    </Point>
                </Placemark>
                <Placemark id="183">
                    <name>A-35</name>
                    <description>Punto A-35 | Segmento A | Lat: -9.691000, Lon: -81.932167</description>
                    <styleUrl>#184</styleUrl>
                    <Point id="182">
                        <coordinates>-81.93216666666666,-9.691,0.0</coordinates>
                    </Point>
                </Placemark>
                <Placemark id="188">
                    <name>A-36</name>
                    <description>Punto A-36 | Segmento A | Lat: -10.062167, Lon: -81.757500</description>
                    <styleUrl>#189</styleUrl>
                    <Point id="187">
                        <coordinates>-81.7575,-10.062166666666666,0.0</coordinates>
                    </Point>
                </Placemark>
                <Placemark id="193">
                    <name>A-37</name>
                    <description>Punto A-37 | Segmento A | Lat: -10.253667, Lon: -81.667333</description>
                    <styleUrl>#194</styleUrl>
                    <Point id="192">
                        <coordinates>-81.66733333333333,-10.253666666666666,0.0</coordinates>
                    </Point>
                </Placemark>
                <Placemark id="198">
                    <name>A-38</name>
                    <description>Punto A-38 | Segmento A | Lat: -10.444167, Lon: -81.577500</description>
                    <styleUrl>#199</styleUrl>
                    <Point id="197">
                        <coordinates>-81.5775,-10.444166666666666,0.0</coordinates>
                    </Point>
                </Placemark>
                <Placemark id="203">
                    <name>A-39</name>
                    <description>Punto A-39 | Segmento A | Lat: -10.612833, Lon: -81.429333</description>
                    <styleUrl>#204</styleUrl>
                    <Point id="202">
                        <coordinates>-81.42933333333333,-10.612833333333333,0.0</coordinates>
                    </Point>
                </Placemark>
                <Placemark id="208">
                    <name>A-40</name>
                    <description>Punto A-40 | Segmento A | Lat: -10.651167, Lon: -81.396167</description>
                    <styleUrl>#209</styleUrl>
                    <Point id="207">
                        <coordinates>-81.39616666666667,-10.651166666666667,0.0</coordinates>
                    </Point>
                </Placemark>
                <Placemark id="213">
                    <name>A-41</name>
                    <description>Punto A-41 | Segmento A | Lat: -10.745833, Lon: -81.312667</description>
                    <styleUrl>#214</styleUrl>
                    <Point id="212">
                        <coordinates>-81.31266666666667,-10.745833333333334,0.0</coordinates>
                    </Point>
                </Placemark>
                <Placemark id="218">
                    <name>A-42</name>
                    <description>Punto A-42 | Segmento A | Lat: -10.842500, Lon: -81.228000</description>
                    <styleUrl>#219</styleUrl>
                    <Point id="217">
                        <coordinates>-81.228,-10.8425,0.0</coordinates>
                    </Point>
                </Placemark>
                <Placemark id="223">
                    <name>A-43</name>
                    <description>Punto A-43 | Segmento A | Lat: -10.858833, Lon: -81.213500</description>
                    <styleUrl>#224</styleUrl>
                    <Point id="222">
                        <coordinates>-81.2135,-10.858833333333333,0.0</coordinates>
                    </Point>
                </Placemark>
                <Placemark id="228">
                    <name>A-44</name>
                    <description>Punto A-44 | Segmento A | Lat: -11.200667, Lon: -80.912167</description>
                    <styleUrl>#229</styleUrl>
                    <Point id="227">
                        <coordinates>-80.91216666666666,-11.200666666666667,0.0</coordinates>
                    </Point>
                </Placemark>
                <Placemark id="233">
                    <name>A-45</name>
                    <description>Punto A-45 | Segmento A | Lat: -11.255500, Lon: -80.863833</description>
                    <styleUrl>#234</styleUrl>
                    <Point id="232">
                        <coordinates>-80.86383333333333,-11.2555,0.0</coordinates>
                    </Point>
                </Placemark>
                <Placemark id="238">
                    <name>A-46</name>
                    <description>Punto A-46 | Segmento A | Lat: -11.601000, Lon: -80.558500</description>
                    <styleUrl>#239</styleUrl>
                    <Point id="237">
                        <coordinates>-80.5585,-11.601,0.0</coordinates>
                    </Point>
                </Placemark>
                <Placemark id="243">
                    <name>A-47</name>
                    <description>Punto A-47 | Segmento A | Lat: -11.670167, Lon: -80.497333</description>
                    <styleUrl>#244</styleUrl>
                    <Point id="242">
                        <coordinates>-80.49733333333333,-11.670166666666667,0.0</coordinates>
                    </Point>
                </Placemark>
                <Placemark id="248">
                    <name>A-48</name>
                    <description>Punto A-48 | Segmento A | Lat: -12.133667, Lon: -80.085667</description>
                    <styleUrl>#249</styleUrl>
                    <Point id="247">
                        <coordinates>-80.08566666666667,-12.133666666666667,0.0</coordinates>
                    </Point>
                </Placemark>
                <Placemark id="253">
                    <name>A-49</name>
                    <description>Punto A-49 | Segmento A | Lat: -12.339667, Lon: -79.901667</description>
                    <styleUrl>#254</styleUrl>
                    <Point id="252">
                        <coordinates>-79.90166666666667,-12.339666666666666,0.0</coordinates>
                    </Point>
                </Placemark>
                <Placemark id="258">
                    <name>A-50</name>
                    <description>Punto A-50 | Segmento A | Lat: -12.467500, Lon: -79.787500</description>
                    <styleUrl>#259</styleUrl>
                    <Point id="257">
                        <coordinates>-79.7875,-12.4675,0.0</coordinates>
                    </Point>
                </Placemark>
                <Placemark id="263">
                    <name>A-51</name>
                    <description>Punto A-51 | Segmento A | Lat: -12.503333, Lon: -79.755500</description>
                    <styleUrl>#264</styleUrl>
                    <Point id="262">
                        <coordinates>-79.7555,-12.503333333333334,0.0</coordinates>
                    </Point>
                </Placemark>
                <Placemark id="268">
                    <name>A-52</name>
                    <description>Punto A-52 | Segmento A | Lat: -12.567500, Lon: -79.698167</description>
                    <styleUrl>#269</styleUrl>
                    <Point id="267">
                        <coordinates>-79.69816666666667,-12.5675,0.0</coordinates>
                    </Point>
                </Placemark>
                <Placemark id="273">
                    <name>A-53</name>
                    <description>Punto A-53 | Segmento A | Lat: -13.034500, Lon: -79.279167</description>
                    <styleUrl>#274</styleUrl>
                    <Point id="272">
                        <coordinates>-79.27916666666667,-13.0345,0.0</coordinates>
                    </Point>
                </Placemark>
                <Placemark id="278">
                    <name>A-54</name>
                    <description>Punto A-54 | Segmento A | Lat: -13.052500, Lon: -79.262833</description>
                    <styleUrl>#279</styleUrl>
                    <Point id="277">
                        <coordinates>-79.26283333333333,-13.0525,0.0</coordinates>
                    </Point>
                </Placemark>
                <Placemark id="283">
                    <name>A-55</name>
                    <description>Punto A-55 | Segmento A | Lat: -13.516000, Lon: -78.844333</description>
                    <styleUrl>#284</styleUrl>
                    <Point id="282">
                        <coordinates>-78.84433333333334,-13.516,0.0</coordinates>
                    </Point>
                </Placemark>
                <Placemark id="288">
                    <name>A-56</name>
                    <description>Punto A-56 | Segmento A | Lat: -13.744167, Lon: -78.637500</description>
                    <styleUrl>#289</styleUrl>
                    <Point id="287">
                        <coordinates>-78.6375,-13.744166666666667,0.0</coordinates>
                    </Point>
                </Placemark>
                <Placemark id="293">
                    <name>A-57</name>
                    <description>Punto A-57 | Segmento A | Lat: -13.755000, Lon: -78.628833</description>
                    <styleUrl>#294</styleUrl>
                    <Point id="292">
                        <coordinates>-78.62883333333333,-13.755,0.0</coordinates>
                    </Point>
                </Placemark>
                <Placemark id="298">
                    <name>A-58</name>
                    <description>Punto A-58 | Segmento A | Lat: -13.829500, Lon: -78.570500</description>
                    <styleUrl>#299</styleUrl>
                    <Point id="297">
                        <coordinates>-78.5705,-13.8295,0.0</coordinates>
                    </Point>
                </Placemark>
                <Placemark id="303">
                    <name>A-59</name>
                    <description>Punto A-59 | Segmento A | Lat: -13.852500, Lon: -78.552500</description>
                    <styleUrl>#304</styleUrl>
                    <Point id="302">
                        <coordinates>-78.5525,-13.8525,0.0</coordinates>
                    </Point>
                </Placemark>
                <Placemark id="308">
                    <name>A-60</name>
                    <description>Punto A-60 | Segmento A | Lat: -13.856167, Lon: -78.549833</description>
                    <styleUrl>#309</styleUrl>
                    <Point id="307">
                        <coordinates>-78.54983333333334,-13.856166666666667,0.0</coordinates>
                    </Point>
                </Placemark>
                <Placemark id="313">
                    <name>A-61</name>
                    <description>Punto A-61 | Segmento A | Lat: -13.816500, Lon: -78.519167</description>
                    <styleUrl>#314</styleUrl>
                    <Point id="312">
                        <coordinates>-78.51916666666666,-13.8165,0.0</coordinates>
                    </Point>
                </Placemark>
                <Placemark id="318">
                    <name>A-62</name>
                    <description>Punto A-62 | Segmento A | Lat: -13.815000, Lon: -78.517833</description>
                    <styleUrl>#319</styleUrl>
                    <Point id="317">
                        <coordinates>-78.51783333333333,-13.815,0.0</coordinates>
                    </Point>
                </Placemark>
            </Folder>
        </Folder>
        <Folder id="322">
            <Style id="325">
                <LineStyle id="326">
                    <color>ff00a5ff</color>
                    <colorMode>normal</colorMode>
                    <width>4</width>
                </LineStyle>
            </Style>
            <name>Segmento B</name>
            <Placemark id="324">
                <name>Segmento B</name>
                <styleUrl>#325</styleUrl>
                <LineString id="323">
                    <coordinates>-78.51783333333333,-13.815,0.0 -78.50133333333333,-13.7975,0.0 -78.48433333333334,-13.779166666666667,0.0 -78.47183333333334,-13.765833333333333,0.0 -78.4625,-13.755833333333333,0.0 -78.454,-13.71565,0.0 -78.16765,-13.480333333333334,0.0 -78.11533333333334,-13.439216666666667,0.0 -78.02745,-13.359933333333334,0.0 -78.0135,-13.348533333333334,0.0 -77.82103333333333,-13.191133333333333,0.0 -77.80541666666667,-13.183683333333333,0.0 -77.76726666666667,-13.112516666666666,0.0 -77.71295,-13.065783333333334,0.0 -77.6038,-12.960183333333333,0.0 -77.58933333333333,-12.956,0.0 -77.51366666666667,-12.8925,0.0 -77.49916666666667,-12.8805,0.0 -77.46016666666667,-12.848333333333333,0.0 -77.42316666666666,-12.817666666666666,0.0 -77.41883333333334,-12.814166666666667,0.0 -77.17183333333334,-12.61,0.0 -77.17083333333333,-12.609166666666667,0.0 -77.10766666666666,-12.553166666666666,0.0 -77.029,-12.483166666666667,0.0 -77.01916666666666,-12.4775,0.0 -77.0115,-12.468,0.0 -76.9875,-12.445666666666666,0.0 -76.93783333333333,-12.400166666666667,0.0 -76.93133333333333,-12.390333333333333,0.0 -76.92133333333334,-12.3755,0.0 -76.917,-12.368833333333333,0.0 -76.907,-12.3525,0.0 -76.88816666666666,-12.344833333333334,0.0 -76.88216666666666,-12.336833333333333,0.0 -76.87216666666667,-12.321833333333334,0.0 -76.867,-12.315333333333333,0.0 -76.85355,-12.30085,0.0</coordinates>
                </LineString>
            </Placemark>
            <Folder id="327">
                <Style id="330">
                    <IconStyle id="331">
                        <color>ff00a5ff</color>
                        <colorMode>normal</colorMode>
                        <scale>0.7</scale>
                        <heading>0</heading>
                        <Icon id="332">
                            <href>http://maps.google.com/mapfiles/kml/pushpin/ylw-pushpin.png</href>
                        </Icon>
                    </IconStyle>
                </Style>
                <Style id="335">
                    <IconStyle id="336">
                        <color>ff00a5ff</color>
                        <colorMode>normal</colorMode>
                        <scale>0.7</scale>
                        <heading>0</heading>
                        <Icon id="337">
                            <href>http://maps.google.com/mapfiles/kml/pushpin/ylw-pushpin.png</href>
                        </Icon>
                    </IconStyle>
                </Style>
                <Style id="340">
                    <IconStyle id="341">
                        <color>ff00a5ff</color>
                        <colorMode>normal</colorMode>
                        <scale>0.7</scale>
                        <heading>0</heading>
                        <Icon id="342">
                            <href>http://maps.google.com/mapfiles/kml/pushpin/ylw-pushpin.png</href>
                        </Icon>
                    </IconStyle>
                </Style>
                <Style id="345">
                    <IconStyle id="346">
                        <color>ff00a5ff</color>
                        <colorMode>normal</colorMode>
                        <scale>0.7</scale>
                        <heading>0</heading>
                        <Icon id="347">
                            <href>http://maps.google.com/mapfiles/kml/pushpin/ylw-pushpin.png</href>
                        </Icon>
                    </IconStyle>
                </Style>
                <Style id="350">
                    <IconStyle id="351">
                        <color>ff00a5ff</color>
                        <colorMode>normal</colorMode>
                        <scale>0.7</scale>
                        <heading>0</heading>
                        <Icon id="352">
                            <href>http://maps.google.com/mapfiles/kml/pushpin/ylw-pushpin.png</href>
                        </Icon>
                    </IconStyle>
                </Style>
                <Style id="355">
                    <IconStyle id="356">
                        <color>ff00a5ff</color>
                        <colorMode>normal</colorMode>
                        <scale>0.7</scale>
                        <heading>0</heading>
                        <Icon id="357">
                            <href>http://maps.google.com/mapfiles/kml/pushpin/ylw-pushpin.png</href>
                        </Icon>
                    </IconStyle>
                </Style>
                <Style id="360">
                    <IconStyle id="361">
                        <color>ff00a5ff</color>
                        <colorMode>normal</colorMode>
                        <scale>0.7</scale>
                        <heading>0</heading>
                        <Icon id="362">
                            <href>http://maps.google.com/mapfiles/kml/pushpin/ylw-pushpin.png</href>
                        </Icon>
                    </IconStyle>
                </Style>
                <Style id="365">
                    <IconStyle id="366">
                        <color>ff00a5ff</color>
                        <colorMode>normal</colorMode>
                        <scale>0.7</scale>
                        <heading>0</heading>
                        <Icon id="367">
                            <href>http://maps.google.com/mapfiles/kml/pushpin/ylw-pushpin.png</href>
                        </Icon>
                    </IconStyle>
                </Style>
                <Style id="370">
                    <IconStyle id="371">
                        <color>ff00a5ff</color>
                        <colorMode>normal</colorMode>
                        <scale>0.7</scale>
                        <heading>0</heading>
                        <Icon id="372">
                            <href>http://maps.google.com/mapfiles/kml/pushpin/ylw-pushpin.png</href>
                        </Icon>
                    </IconStyle>
                </Style>
                <Style id="375">
                    <IconStyle id="376">
                        <color>ff00a5ff</color>
                        <colorMode>normal</colorMode>
                        <scale>0.7</scale>
                        <heading>0</heading>
                        <Icon id="377">
                            <href>http://maps.google.com/mapfiles/kml/pushpin/ylw-pushpin.png</href>
                        </Icon>
                    </IconStyle>
                </Style>
                <Style id="380">
                    <IconStyle id="381">
                        <color>ff00a5ff</color>
                        <colorMode>normal</colorMode>
                        <scale>0.7</scale>
                        <heading>0</heading>
                        <Icon id="382">
                            <href>http://maps.google.com/mapfiles/kml/pushpin/ylw-pushpin.png</href>
                        </Icon>
                    </IconStyle>
                </Style>
                <Style id="385">
                    <IconStyle id="386">
                        <color>ff00a5ff</color>
                        <colorMode>normal</colorMode>
                        <scale>0.7</scale>
                        <heading>0</heading>
                        <Icon id="387">
                            <href>http://maps.google.com/mapfiles/kml/pushpin/ylw-pushpin.png</href>
                        </Icon>
                    </IconStyle>
                </Style>
                <Style id="390">
                    <IconStyle id="391">
                        <color>ff00a5ff</color>
                        <colorMode>normal</colorMode>
                        <scale>0.7</scale>
                        <heading>0</heading>
                        <Icon id="392">
                            <href>http://maps.google.com/mapfiles/kml/pushpin/ylw-pushpin.png</href>
                        </Icon>
                    </IconStyle>
                </Style>
                <Style id="395">
                    <IconStyle id="396">
                        <color>ff00a5ff</color>
                        <colorMode>normal</colorMode>
                        <scale>0.7</scale>
                        <heading>0</heading>
                        <Icon id="397">
                            <href>http://maps.google.com/mapfiles/kml/pushpin/ylw-pushpin.png</href>
                        </Icon>
                    </IconStyle>
                </Style>
                <Style id="400">
                    <IconStyle id="401">
                        <color>ff00a5ff</color>
                        <colorMode>normal</colorMode>
                        <scale>0.7</scale>
                        <heading>0</heading>
                        <Icon id="402">
                            <href>http://maps.google.com/mapfiles/kml/pushpin/ylw-pushpin.png</href>
                        </Icon>
                    </IconStyle>
                </Style>
                <Style id="405">
                    <IconStyle id="406">
                        <color>ff00a5ff</color>
                        <colorMode>normal</colorMode>
                        <scale>0.7</scale>
                        <heading>0</heading>
                        <Icon id="407">
                            <href>http://maps.google.com/mapfiles/kml/pushpin/ylw-pushpin.png</href>
                        </Icon>
                    </IconStyle>
                </Style>
                <Style id="410">
                    <IconStyle id="411">
                        <color>ff00a5ff</color>
                        <colorMode>normal</colorMode>
                        <scale>0.7</scale>
                        <heading>0</heading>
                        <Icon id="412">
                            <href>http://maps.google.com/mapfiles/kml/pushpin/ylw-pushpin.png</href>
                        </Icon>
                    </IconStyle>
                </Style>
                <Style id="415">
                    <IconStyle id="416">
                        <color>ff00a5ff</color>
                        <colorMode>normal</colorMode>
                        <scale>0.7</scale>
                        <heading>0</heading>
                        <Icon id="417">
                            <href>http://maps.google.com/mapfiles/kml/pushpin/ylw-pushpin.png</href>
                        </Icon>
                    </IconStyle>
                </Style>
                <Style id="420">
                    <IconStyle id="421">
                        <color>ff00a5ff</color>
                        <colorMode>normal</colorMode>
                        <scale>0.7</scale>
                        <heading>0</heading>
                        <Icon id="422">
                            <href>http://maps.google.com/mapfiles/kml/pushpin/ylw-pushpin.png</href>
                        </Icon>
                    </IconStyle>
                </Style>
                <Style id="425">
                    <IconStyle id="426">
                        <color>ff00a5ff</color>
                        <colorMode>normal</colorMode>
                        <scale>0.7</scale>
                        <heading>0</heading>
                        <Icon id="427">
                            <href>http://maps.google.com/mapfiles/kml/pushpin/ylw-pushpin.png</href>
                        </Icon>
                    </IconStyle>
                </Style>
                <Style id="430">
                    <IconStyle id="431">
                        <color>ff00a5ff</color>
                        <colorMode>normal</colorMode>
                        <scale>0.7</scale>
                        <heading>0</heading>
                        <Icon id="432">
                            <href>http://maps.google.com/mapfiles/kml/pushpin/ylw-pushpin.png</href>
                        </Icon>
                    </IconStyle>
                </Style>
                <Style id="435">
                    <IconStyle id="436">
                        <color>ff00a5ff</color>
                        <colorMode>normal</colorMode>
                        <scale>0.7</scale>
                        <heading>0</heading>
                        <Icon id="437">
                            <href>http://maps.google.com/mapfiles/kml/pushpin/ylw-pushpin.png</href>
                        </Icon>
                    </IconStyle>
                </Style>
                <Style id="440">
                    <IconStyle id="441">
                        <color>ff00a5ff</color>
                        <colorMode>normal</colorMode>
                        <scale>0.7</scale>
                        <heading>0</heading>
                        <Icon id="442">
                            <href>http://maps.google.com/mapfiles/kml/pushpin/ylw-pushpin.png</href>
                        </Icon>
                    </IconStyle>
                </Style>
                <Style id="445">
                    <IconStyle id="446">
                        <color>ff00a5ff</color>
                        <colorMode>normal</colorMode>
                        <scale>0.7</scale>
                        <heading>0</heading>
                        <Icon id="447">
                            <href>http://maps.google.com/mapfiles/kml/pushpin/ylw-pushpin.png</href>
                        </Icon>
                    </IconStyle>
                </Style>
                <Style id="450">
                    <IconStyle id="451">
                        <color>ff00a5ff</color>
                        <colorMode>normal</colorMode>
                        <scale>0.7</scale>
                        <heading>0</heading>
                        <Icon id="452">
                            <href>http://maps.google.com/mapfiles/kml/pushpin/ylw-pushpin.png</href>
                        </Icon>
                    </IconStyle>
                </Style>
                <Style id="455">
                    <IconStyle id="456">
                        <color>ff00a5ff</color>
                        <colorMode>normal</colorMode>
                        <scale>0.7</scale>
                        <heading>0</heading>
                        <Icon id="457">
                            <href>http://maps.google.com/mapfiles/kml/pushpin/ylw-pushpin.png</href>
                        </Icon>
                    </IconStyle>
                </Style>
                <Style id="460">
                    <IconStyle id="461">
                        <color>ff00a5ff</color>
                        <colorMode>normal</colorMode>
                        <scale>0.7</scale>
                        <heading>0</heading>
                        <Icon id="462">
                            <href>http://maps.google.com/mapfiles/kml/pushpin/ylw-pushpin.png</href>
                        </Icon>
                    </IconStyle>
                </Style>
                <Style id="465">
                    <IconStyle id="466">
                        <color>ff00a5ff</color>
                        <colorMode>normal</colorMode>
                        <scale>0.7</scale>
                        <heading>0</heading>
                        <Icon id="467">
                            <href>http://maps.google.com/mapfiles/kml/pushpin/ylw-pushpin.png</href>
                        </Icon>
                    </IconStyle>
                </Style>
                <Style id="470">
                    <IconStyle id="471">
                        <color>ff00a5ff</color>
                        <colorMode>normal</colorMode>
                        <scale>0.7</scale>
                        <heading>0</heading>
                        <Icon id="472">
                            <href>http://maps.google.com/mapfiles/kml/pushpin/ylw-pushpin.png</href>
                        </Icon>
                    </IconStyle>
                </Style>
                <Style id="475">
                    <IconStyle id="476">
                        <color>ff00a5ff</color>
                        <colorMode>normal</colorMode>
                        <scale>0.7</scale>
                        <heading>0</heading>
                        <Icon id="477">
                            <href>http://maps.google.com/mapfiles/kml/pushpin/ylw-pushpin.png</href>
                        </Icon>
                    </IconStyle>
                </Style>
                <Style id="480">
                    <IconStyle id="481">
                        <color>ff00a5ff</color>
                        <colorMode>normal</colorMode>
                        <scale>0.7</scale>
                        <heading>0</heading>
                        <Icon id="482">
                            <href>http://maps.google.com/mapfiles/kml/pushpin/ylw-pushpin.png</href>
                        </Icon>
                    </IconStyle>
                </Style>
                <Style id="485">
                    <IconStyle id="486">
                        <color>ff00a5ff</color>
                        <colorMode>normal</colorMode>
                        <scale>0.7</scale>
                        <heading>0</heading>
                        <Icon id="487">
                            <href>http://maps.google.com/mapfiles/kml/pushpin/ylw-pushpin.png</href>
                        </Icon>
                    </IconStyle>
                </Style>
                <Style id="490">
                    <IconStyle id="491">
                        <color>ff00a5ff</color>
                        <colorMode>normal</colorMode>
                        <scale>0.7</scale>
                        <heading>0</heading>
                        <Icon id="492">
                            <href>http://maps.google.com/mapfiles/kml/pushpin/ylw-pushpin.png</href>
                        </Icon>
                    </IconStyle>
                </Style>
                <Style id="495">
                    <IconStyle id="496">
                        <color>ff00a5ff</color>
                        <colorMode>normal</colorMode>
                        <scale>0.7</scale>
                        <heading>0</heading>
                        <Icon id="497">
                            <href>http://maps.google.com/mapfiles/kml/pushpin/ylw-pushpin.png</href>
                        </Icon>
                    </IconStyle>
                </Style>
                <Style id="500">
                    <IconStyle id="501">
                        <color>ff00a5ff</color>
                        <colorMode>normal</colorMode>
                        <scale>0.7</scale>
                        <heading>0</heading>
                        <Icon id="502">
                            <href>http://maps.google.com/mapfiles/kml/pushpin/ylw-pushpin.png</href>
                        </Icon>
                    </IconStyle>
                </Style>
                <Style id="505">
                    <IconStyle id="506">
                        <color>ff00a5ff</color>
                        <colorMode>normal</colorMode>
                        <scale>0.7</scale>
                        <heading>0</heading>
                        <Icon id="507">
                            <href>http://maps.google.com/mapfiles/kml/pushpin/ylw-pushpin.png</href>
                        </Icon>
                    </IconStyle>
                </Style>
                <Style id="510">
                    <IconStyle id="511">
                        <color>ff00a5ff</color>
                        <colorMode>normal</colorMode>
                        <scale>0.7</scale>
                        <heading>0</heading>
                        <Icon id="512">
                            <href>http://maps.google.com/mapfiles/kml/pushpin/ylw-pushpin.png</href>
                        </Icon>
                    </IconStyle>
                </Style>
                <Style id="515">
                    <IconStyle id="516">
                        <color>ff00a5ff</color>
                        <colorMode>normal</colorMode>
                        <scale>0.7</scale>
                        <heading>0</heading>
                        <Icon id="517">
                            <href>http://maps.google.com/mapfiles/kml/pushpin/ylw-pushpin.png</href>
                        </Icon>
                    </IconStyle>
                </Style>
                <name>Puntos originales - Segmento B</name>
                <Placemark id="329">
                    <name>B-38</name>
                    <description>Punto B-38 | Segmento B | Lat: -13.815000, Lon: -78.517833</description>
                    <styleUrl>#330</styleUrl>
                    <Point id="328">
                        <coordinates>-78.51783333333333,-13.815,0.0</coordinates>
                    </Point>
                </Placemark>
                <Placemark id="334">
                    <name>B-37</name>
                    <description>Punto B-37 | Segmento B | Lat: -13.797500, Lon: -78.501333</description>
                    <styleUrl>#335</styleUrl>
                    <Point id="333">
                        <coordinates>-78.50133333333333,-13.7975,0.0</coordinates>
                    </Point>
                </Placemark>
                <Placemark id="339">
                    <name>B-36</name>
                    <description>Punto B-36 | Segmento B | Lat: -13.779167, Lon: -78.484333</description>
                    <styleUrl>#340</styleUrl>
                    <Point id="338">
                        <coordinates>-78.48433333333334,-13.779166666666667,0.0</coordinates>
                    </Point>
                </Placemark>
                <Placemark id="344">
                    <name>B-35</name>
                    <description>Punto B-35 | Segmento B | Lat: -13.765833, Lon: -78.471833</description>
                    <styleUrl>#345</styleUrl>
                    <Point id="343">
                        <coordinates>-78.47183333333334,-13.765833333333333,0.0</coordinates>
                    </Point>
                </Placemark>
                <Placemark id="349">
                    <name>B-34</name>
                    <description>Punto B-34 | Segmento B | Lat: -13.755833, Lon: -78.462500</description>
                    <styleUrl>#350</styleUrl>
                    <Point id="348">
                        <coordinates>-78.4625,-13.755833333333333,0.0</coordinates>
                    </Point>
                </Placemark>
                <Placemark id="354">
                    <name>B-33</name>
                    <description>Punto B-33 | Segmento B | Lat: -13.715650, Lon: -78.454000</description>
                    <styleUrl>#355</styleUrl>
                    <Point id="353">
                        <coordinates>-78.454,-13.71565,0.0</coordinates>
                    </Point>
                </Placemark>
                <Placemark id="359">
                    <name>B-32</name>
                    <description>Punto B-32 | Segmento B | Lat: -13.480333, Lon: -78.167650</description>
                    <styleUrl>#360</styleUrl>
                    <Point id="358">
                        <coordinates>-78.16765,-13.480333333333334,0.0</coordinates>
                    </Point>
                </Placemark>
                <Placemark id="364">
                    <name>B-31</name>
                    <description>Punto B-31 | Segmento B | Lat: -13.439217, Lon: -78.115333</description>
                    <styleUrl>#365</styleUrl>
                    <Point id="363">
                        <coordinates>-78.11533333333334,-13.439216666666667,0.0</coordinates>
                    </Point>
                </Placemark>
                <Placemark id="369">
                    <name>B-30</name>
                    <description>Punto B-30 | Segmento B | Lat: -13.359933, Lon: -78.027450</description>
                    <styleUrl>#370</styleUrl>
                    <Point id="368">
                        <coordinates>-78.02745,-13.359933333333334,0.0</coordinates>
                    </Point>
                </Placemark>
                <Placemark id="374">
                    <name>B-29</name>
                    <description>Punto B-29 | Segmento B | Lat: -13.348533, Lon: -78.013500</description>
                    <styleUrl>#375</styleUrl>
                    <Point id="373">
                        <coordinates>-78.0135,-13.348533333333334,0.0</coordinates>
                    </Point>
                </Placemark>
                <Placemark id="379">
                    <name>B-28</name>
                    <description>Punto B-28 | Segmento B | Lat: -13.191133, Lon: -77.821033</description>
                    <styleUrl>#380</styleUrl>
                    <Point id="378">
                        <coordinates>-77.82103333333333,-13.191133333333333,0.0</coordinates>
                    </Point>
                </Placemark>
                <Placemark id="384">
                    <name>B-27</name>
                    <description>Punto B-27 | Segmento B | Lat: -13.183683, Lon: -77.805417</description>
                    <styleUrl>#385</styleUrl>
                    <Point id="383">
                        <coordinates>-77.80541666666667,-13.183683333333333,0.0</coordinates>
                    </Point>
                </Placemark>
                <Placemark id="389">
                    <name>B-26</name>
                    <description>Punto B-26 | Segmento B | Lat: -13.112517, Lon: -77.767267</description>
                    <styleUrl>#390</styleUrl>
                    <Point id="388">
                        <coordinates>-77.76726666666667,-13.112516666666666,0.0</coordinates>
                    </Point>
                </Placemark>
                <Placemark id="394">
                    <name>B-25</name>
                    <description>Punto B-25 | Segmento B | Lat: -13.065783, Lon: -77.712950</description>
                    <styleUrl>#395</styleUrl>
                    <Point id="393">
                        <coordinates>-77.71295,-13.065783333333334,0.0</coordinates>
                    </Point>
                </Placemark>
                <Placemark id="399">
                    <name>B-24</name>
                    <description>Punto B-24 | Segmento B | Lat: -12.960183, Lon: -77.603800</description>
                    <styleUrl>#400</styleUrl>
                    <Point id="398">
                        <coordinates>-77.6038,-12.960183333333333,0.0</coordinates>
                    </Point>
                </Placemark>
                <Placemark id="404">
                    <name>B-23</name>
                    <description>Punto B-23 | Segmento B | Lat: -12.956000, Lon: -77.589333</description>
                    <styleUrl>#405</styleUrl>
                    <Point id="403">
                        <coordinates>-77.58933333333333,-12.956,0.0</coordinates>
                    </Point>
                </Placemark>
                <Placemark id="409">
                    <name>B-22</name>
                    <description>Punto B-22 | Segmento B | Lat: -12.892500, Lon: -77.513667</description>
                    <styleUrl>#410</styleUrl>
                    <Point id="408">
                        <coordinates>-77.51366666666667,-12.8925,0.0</coordinates>
                    </Point>
                </Placemark>
                <Placemark id="414">
                    <name>B-21</name>
                    <description>Punto B-21 | Segmento B | Lat: -12.880500, Lon: -77.499167</description>
                    <styleUrl>#415</styleUrl>
                    <Point id="413">
                        <coordinates>-77.49916666666667,-12.8805,0.0</coordinates>
                    </Point>
                </Placemark>
                <Placemark id="419">
                    <name>B-20</name>
                    <description>Punto B-20 | Segmento B | Lat: -12.848333, Lon: -77.460167</description>
                    <styleUrl>#420</styleUrl>
                    <Point id="418">
                        <coordinates>-77.46016666666667,-12.848333333333333,0.0</coordinates>
                    </Point>
                </Placemark>
                <Placemark id="424">
                    <name>B-19</name>
                    <description>Punto B-19 | Segmento B | Lat: -12.817667, Lon: -77.423167</description>
                    <styleUrl>#425</styleUrl>
                    <Point id="423">
                        <coordinates>-77.42316666666666,-12.817666666666666,0.0</coordinates>
                    </Point>
                </Placemark>
                <Placemark id="429">
                    <name>B-18</name>
                    <description>Punto B-18 | Segmento B | Lat: -12.814167, Lon: -77.418833</description>
                    <styleUrl>#430</styleUrl>
                    <Point id="428">
                        <coordinates>-77.41883333333334,-12.814166666666667,0.0</coordinates>
                    </Point>
                </Placemark>
                <Placemark id="434">
                    <name>B-17</name>
                    <description>Punto B-17 | Segmento B | Lat: -12.610000, Lon: -77.171833</description>
                    <styleUrl>#435</styleUrl>
                    <Point id="433">
                        <coordinates>-77.17183333333334,-12.61,0.0</coordinates>
                    </Point>
                </Placemark>
                <Placemark id="439">
                    <name>B-16</name>
                    <description>Punto B-16 | Segmento B | Lat: -12.609167, Lon: -77.170833</description>
                    <styleUrl>#440</styleUrl>
                    <Point id="438">
                        <coordinates>-77.17083333333333,-12.609166666666667,0.0</coordinates>
                    </Point>
                </Placemark>
                <Placemark id="444">
                    <name>B-15</name>
                    <description>Punto B-15 | Segmento B | Lat: -12.553167, Lon: -77.107667</description>
                    <styleUrl>#445</styleUrl>
                    <Point id="443">
                        <coordinates>-77.10766666666666,-12.553166666666666,0.0</coordinates>
                    </Point>
                </Placemark>
                <Placemark id="449">
                    <name>B-14</name>
                    <description>Punto B-14 | Segmento B | Lat: -12.483167, Lon: -77.029000</description>
                    <styleUrl>#450</styleUrl>
                    <Point id="448">
                        <coordinates>-77.029,-12.483166666666667,0.0</coordinates>
                    </Point>
                </Placemark>
                <Placemark id="454">
                    <name>B-13</name>
                    <description>Punto B-13 | Segmento B | Lat: -12.477500, Lon: -77.019167</description>
                    <styleUrl>#455</styleUrl>
                    <Point id="453">
                        <coordinates>-77.01916666666666,-12.4775,0.0</coordinates>
                    </Point>
                </Placemark>
                <Placemark id="459">
                    <name>B-12</name>
                    <description>Punto B-12 | Segmento B | Lat: -12.468000, Lon: -77.011500</description>
                    <styleUrl>#460</styleUrl>
                    <Point id="458">
                        <coordinates>-77.0115,-12.468,0.0</coordinates>
                    </Point>
                </Placemark>
                <Placemark id="464">
                    <name>B-11</name>
                    <description>Punto B-11 | Segmento B | Lat: -12.445667, Lon: -76.987500</description>
                    <styleUrl>#465</styleUrl>
                    <Point id="463">
                        <coordinates>-76.9875,-12.445666666666666,0.0</coordinates>
                    </Point>
                </Placemark>
                <Placemark id="469">
                    <name>B-10</name>
                    <description>Punto B-10 | Segmento B | Lat: -12.400167, Lon: -76.937833</description>
                    <styleUrl>#470</styleUrl>
                    <Point id="468">
                        <coordinates>-76.93783333333333,-12.400166666666667,0.0</coordinates>
                    </Point>
                </Placemark>
                <Placemark id="474">
                    <name>B-09</name>
                    <description>Punto B-09 | Segmento B | Lat: -12.390333, Lon: -76.931333</description>
                    <styleUrl>#475</styleUrl>
                    <Point id="473">
                        <coordinates>-76.93133333333333,-12.390333333333333,0.0</coordinates>
                    </Point>
                </Placemark>
                <Placemark id="479">
                    <name>B-08</name>
                    <description>Punto B-08 | Segmento B | Lat: -12.375500, Lon: -76.921333</description>
                    <styleUrl>#480</styleUrl>
                    <Point id="478">
                        <coordinates>-76.92133333333334,-12.3755,0.0</coordinates>
                    </Point>
                </Placemark>
                <Placemark id="484">
                    <name>B-07</name>
                    <description>Punto B-07 | Segmento B | Lat: -12.368833, Lon: -76.917000</description>
                    <styleUrl>#485</styleUrl>
                    <Point id="483">
                        <coordinates>-76.917,-12.368833333333333,0.0</coordinates>
                    </Point>
                </Placemark>
                <Placemark id="489">
                    <name>B-06</name>
                    <description>Punto B-06 | Segmento B | Lat: -12.352500, Lon: -76.907000</description>
                    <styleUrl>#490</styleUrl>
                    <Point id="488">
                        <coordinates>-76.907,-12.3525,0.0</coordinates>
                    </Point>
                </Placemark>
                <Placemark id="494">
                    <name>B-05</name>
                    <description>Punto B-05 | Segmento B | Lat: -12.344833, Lon: -76.888167</description>
                    <styleUrl>#495</styleUrl>
                    <Point id="493">
                        <coordinates>-76.88816666666666,-12.344833333333334,0.0</coordinates>
                    </Point>
                </Placemark>
                <Placemark id="499">
                    <name>B-04</name>
                    <description>Punto B-04 | Segmento B | Lat: -12.336833, Lon: -76.882167</description>
                    <styleUrl>#500</styleUrl>
                    <Point id="498">
                        <coordinates>-76.88216666666666,-12.336833333333333,0.0</coordinates>
                    </Point>
                </Placemark>
                <Placemark id="504">
                    <name>B-03</name>
                    <description>Punto B-03 | Segmento B | Lat: -12.321833, Lon: -76.872167</description>
                    <styleUrl>#505</styleUrl>
                    <Point id="503">
                        <coordinates>-76.87216666666667,-12.321833333333334,0.0</coordinates>
                    </Point>
                </Placemark>
                <Placemark id="509">
                    <name>B-02</name>
                    <description>Punto B-02 | Segmento B | Lat: -12.315333, Lon: -76.867000</description>
                    <styleUrl>#510</styleUrl>
                    <Point id="508">
                        <coordinates>-76.867,-12.315333333333333,0.0</coordinates>
                    </Point>
                </Placemark>
                <Placemark id="514">
                    <name>B-01</name>
                    <description>Punto B-01 | Segmento B | Lat: -12.300850, Lon: -76.853550</description>
                    <styleUrl>#515</styleUrl>
                    <Point id="513">
                        <coordinates>-76.85355,-12.30085,0.0</coordinates>
                    </Point>
                </Placemark>
            </Folder>
        </Folder>
        <Folder id="518">
            <Style id="521">
                <LineStyle id="522">
                    <color>ff008000</color>
                    <colorMode>normal</colorMode>
                    <width>4</width>
                </LineStyle>
            </Style>
            <name>Segmento C</name>
            <Placemark id="520">
                <name>Segmento C</name>
                <styleUrl>#521</styleUrl>
                <LineString id="519">
                    <coordinates>-78.51783333333333,-13.815,0.0 -78.522,-13.889333333333333,0.0 -78.50983333333333,-13.906666666666666,0.0 -78.475,-13.953166666666666,0.0 -78.43816666666666,-14.002,0.0 -78.0615,-14.499166666666667,0.0 -77.847,-14.781333333333333,0.0 -77.81433333333334,-14.824666666666667,0.0 -77.79183333333333,-14.854,0.0 -77.7495,-14.909166666666666,0.0 -77.66916666666667,-15.015,0.0 -77.5975,-15.108666666666666,0.0 -77.5075,-15.226833333333333,0.0 -77.40933333333334,-15.355,0.0 -77.39483333333334,-15.374,0.0 -77.16516666666666,-15.673666666666668,0.0 -77.0325,-15.846166666666667,0.0 -76.94416666666666,-15.960833333333333,0.0 -76.87366666666667,-16.034833333333335,0.0 -76.86,-16.049166666666668,0.0 -76.5325,-16.392166666666668,0.0 -76.47316666666667,-16.454166666666666,0.0 -76.04,-16.904833333333332,0.0 -76.00633333333333,-16.939333333333334,0.0 -75.749,-17.206,0.0 -75.5665,-17.394166666666667,0.0 -75.47783333333334,-17.486,0.0 -75.323,-17.579666666666668,0.0 -75.13266666666667,-17.69483333333333,0.0 -75.058,-17.74,0.0 -74.9315,-17.816333333333333,0.0 -74.7405,-17.9315,0.0 -74.59316666666666,-18.019833333333334,0.0 -74.454,-18.103166666666667,0.0 -74.05766666666666,-18.3395,0.0 -74.01166666666667,-18.3665,0.0 -73.98333333333333,-18.38383333333333,0.0 -73.76916666666666,-18.510666666666665,0.0 -73.49733333333333,-18.632833333333334,0.0 -73.42233333333333,-18.666333333333334,0.0 -73.10583333333334,-18.8075,0.0 -72.85766666666666,-18.9175,0.0 -72.85416666666667,-18.919166666666666,0.0 -72.74333333333334,-18.9375,0.0 -72.71183333333333,-18.9455,0.0 -72.65383333333334,-18.955166666666667,0.0 -72.4675,-18.985833333333332,0.0 -72.06916666666666,-19.000666666666667,0.0 -72.06733333333334,-19.0,0.0 -71.64666666666666,-18.8615,0.0 -71.4815,-18.806666666666665,0.0 -71.31433333333334,-18.751,0.0 -71.21916666666667,-18.719166666666666,0.0 -71.13583333333334,-18.692166666666665,0.0 -71.06616666666666,-18.6695,0.0 -70.87716666666667,-18.608166666666666,0.0 -70.762,-18.5705,0.0 -70.64183333333334,-18.531333333333333,0.0 -70.62516666666667,-18.525833333333335,0.0 -70.6155,-18.522666666666666,0.0 -70.6115,-18.520666666666667,0.0 -70.60966666666667,-18.5195,0.0 -70.58583333333333,-18.506833333333333,0.0 -70.55383333333333,-18.5025,0.0 -70.46916666666667,-18.469333333333335,0.0 -70.41143333333333,-18.448416666666667,0.0 -70.39353333333334,-18.44585,0.0 -70.3796,-18.441533333333332,0.0 -70.3577,-18.437583333333333,0.0 -70.33418333333333,-18.4293,0.0 -70.31798333333333,-18.424,0.0</coordinates>
                </LineString>
            </Placemark>
            <Folder id="523">
                <Style id="526">
                    <IconStyle id="527">
                        <color>ff008000</color>
                        <colorMode>normal</colorMode>
                        <scale>0.7</scale>
                        <heading>0</heading>
                        <Icon id="528">
                            <href>http://maps.google.com/mapfiles/kml/pushpin/ylw-pushpin.png</href>
                        </Icon>
                    </IconStyle>
                </Style>
                <Style id="531">
                    <IconStyle id="532">
                        <color>ff008000</color>
                        <colorMode>normal</colorMode>
                        <scale>0.7</scale>
                        <heading>0</heading>
                        <Icon id="533">
                            <href>http://maps.google.com/mapfiles/kml/pushpin/ylw-pushpin.png</href>
                        </Icon>
                    </IconStyle>
                </Style>
                <Style id="536">
                    <IconStyle id="537">
                        <color>ff008000</color>
                        <colorMode>normal</colorMode>
                        <scale>0.7</scale>
                        <heading>0</heading>
                        <Icon id="538">
                            <href>http://maps.google.com/mapfiles/kml/pushpin/ylw-pushpin.png</href>
                        </Icon>
                    </IconStyle>
                </Style>
                <Style id="541">
                    <IconStyle id="542">
                        <color>ff008000</color>
                        <colorMode>normal</colorMode>
                        <scale>0.7</scale>
                        <heading>0</heading>
                        <Icon id="543">
                            <href>http://maps.google.com/mapfiles/kml/pushpin/ylw-pushpin.png</href>
                        </Icon>
                    </IconStyle>
                </Style>
                <Style id="546">
                    <IconStyle id="547">
                        <color>ff008000</color>
                        <colorMode>normal</colorMode>
                        <scale>0.7</scale>
                        <heading>0</heading>
                        <Icon id="548">
                            <href>http://maps.google.com/mapfiles/kml/pushpin/ylw-pushpin.png</href>
                        </Icon>
                    </IconStyle>
                </Style>
                <Style id="551">
                    <IconStyle id="552">
                        <color>ff008000</color>
                        <colorMode>normal</colorMode>
                        <scale>0.7</scale>
                        <heading>0</heading>
                        <Icon id="553">
                            <href>http://maps.google.com/mapfiles/kml/pushpin/ylw-pushpin.png</href>
                        </Icon>
                    </IconStyle>
                </Style>
                <Style id="556">
                    <IconStyle id="557">
                        <color>ff008000</color>
                        <colorMode>normal</colorMode>
                        <scale>0.7</scale>
                        <heading>0</heading>
                        <Icon id="558">
                            <href>http://maps.google.com/mapfiles/kml/pushpin/ylw-pushpin.png</href>
                        </Icon>
                    </IconStyle>
                </Style>
                <Style id="561">
                    <IconStyle id="562">
                        <color>ff008000</color>
                        <colorMode>normal</colorMode>
                        <scale>0.7</scale>
                        <heading>0</heading>
                        <Icon id="563">
                            <href>http://maps.google.com/mapfiles/kml/pushpin/ylw-pushpin.png</href>
                        </Icon>
                    </IconStyle>
                </Style>
                <Style id="566">
                    <IconStyle id="567">
                        <color>ff008000</color>
                        <colorMode>normal</colorMode>
                        <scale>0.7</scale>
                        <heading>0</heading>
                        <Icon id="568">
                            <href>http://maps.google.com/mapfiles/kml/pushpin/ylw-pushpin.png</href>
                        </Icon>
                    </IconStyle>
                </Style>
                <Style id="571">
                    <IconStyle id="572">
                        <color>ff008000</color>
                        <colorMode>normal</colorMode>
                        <scale>0.7</scale>
                        <heading>0</heading>
                        <Icon id="573">
                            <href>http://maps.google.com/mapfiles/kml/pushpin/ylw-pushpin.png</href>
                        </Icon>
                    </IconStyle>
                </Style>
                <Style id="576">
                    <IconStyle id="577">
                        <color>ff008000</color>
                        <colorMode>normal</colorMode>
                        <scale>0.7</scale>
                        <heading>0</heading>
                        <Icon id="578">
                            <href>http://maps.google.com/mapfiles/kml/pushpin/ylw-pushpin.png</href>
                        </Icon>
                    </IconStyle>
                </Style>
                <Style id="581">
                    <IconStyle id="582">
                        <color>ff008000</color>
                        <colorMode>normal</colorMode>
                        <scale>0.7</scale>
                        <heading>0</heading>
                        <Icon id="583">
                            <href>http://maps.google.com/mapfiles/kml/pushpin/ylw-pushpin.png</href>
                        </Icon>
                    </IconStyle>
                </Style>
                <Style id="586">
                    <IconStyle id="587">
                        <color>ff008000</color>
                        <colorMode>normal</colorMode>
                        <scale>0.7</scale>
                        <heading>0</heading>
                        <Icon id="588">
                            <href>http://maps.google.com/mapfiles/kml/pushpin/ylw-pushpin.png</href>
                        </Icon>
                    </IconStyle>
                </Style>
                <Style id="591">
                    <IconStyle id="592">
                        <color>ff008000</color>
                        <colorMode>normal</colorMode>
                        <scale>0.7</scale>
                        <heading>0</heading>
                        <Icon id="593">
                            <href>http://maps.google.com/mapfiles/kml/pushpin/ylw-pushpin.png</href>
                        </Icon>
                    </IconStyle>
                </Style>
                <Style id="596">
                    <IconStyle id="597">
                        <color>ff008000</color>
                        <colorMode>normal</colorMode>
                        <scale>0.7</scale>
                        <heading>0</heading>
                        <Icon id="598">
                            <href>http://maps.google.com/mapfiles/kml/pushpin/ylw-pushpin.png</href>
                        </Icon>
                    </IconStyle>
                </Style>
                <Style id="601">
                    <IconStyle id="602">
                        <color>ff008000</color>
                        <colorMode>normal</colorMode>
                        <scale>0.7</scale>
                        <heading>0</heading>
                        <Icon id="603">
                            <href>http://maps.google.com/mapfiles/kml/pushpin/ylw-pushpin.png</href>
                        </Icon>
                    </IconStyle>
                </Style>
                <Style id="606">
                    <IconStyle id="607">
                        <color>ff008000</color>
                        <colorMode>normal</colorMode>
                        <scale>0.7</scale>
                        <heading>0</heading>
                        <Icon id="608">
                            <href>http://maps.google.com/mapfiles/kml/pushpin/ylw-pushpin.png</href>
                        </Icon>
                    </IconStyle>
                </Style>
                <Style id="611">
                    <IconStyle id="612">
                        <color>ff008000</color>
                        <colorMode>normal</colorMode>
                        <scale>0.7</scale>
                        <heading>0</heading>
                        <Icon id="613">
                            <href>http://maps.google.com/mapfiles/kml/pushpin/ylw-pushpin.png</href>
                        </Icon>
                    </IconStyle>
                </Style>
                <Style id="616">
                    <IconStyle id="617">
                        <color>ff008000</color>
                        <colorMode>normal</colorMode>
                        <scale>0.7</scale>
                        <heading>0</heading>
                        <Icon id="618">
                            <href>http://maps.google.com/mapfiles/kml/pushpin/ylw-pushpin.png</href>
                        </Icon>
                    </IconStyle>
                </Style>
                <Style id="621">
                    <IconStyle id="622">
                        <color>ff008000</color>
                        <colorMode>normal</colorMode>
                        <scale>0.7</scale>
                        <heading>0</heading>
                        <Icon id="623">
                            <href>http://maps.google.com/mapfiles/kml/pushpin/ylw-pushpin.png</href>
                        </Icon>
                    </IconStyle>
                </Style>
                <Style id="626">
                    <IconStyle id="627">
                        <color>ff008000</color>
                        <colorMode>normal</colorMode>
                        <scale>0.7</scale>
                        <heading>0</heading>
                        <Icon id="628">
                            <href>http://maps.google.com/mapfiles/kml/pushpin/ylw-pushpin.png</href>
                        </Icon>
                    </IconStyle>
                </Style>
                <Style id="631">
                    <IconStyle id="632">
                        <color>ff008000</color>
                        <colorMode>normal</colorMode>
                        <scale>0.7</scale>
                        <heading>0</heading>
                        <Icon id="633">
                            <href>http://maps.google.com/mapfiles/kml/pushpin/ylw-pushpin.png</href>
                        </Icon>
                    </IconStyle>
                </Style>
                <Style id="636">
                    <IconStyle id="637">
                        <color>ff008000</color>
                        <colorMode>normal</colorMode>
                        <scale>0.7</scale>
                        <heading>0</heading>
                        <Icon id="638">
                            <href>http://maps.google.com/mapfiles/kml/pushpin/ylw-pushpin.png</href>
                        </Icon>
                    </IconStyle>
                </Style>
                <Style id="641">
                    <IconStyle id="642">
                        <color>ff008000</color>
                        <colorMode>normal</colorMode>
                        <scale>0.7</scale>
                        <heading>0</heading>
                        <Icon id="643">
                            <href>http://maps.google.com/mapfiles/kml/pushpin/ylw-pushpin.png</href>
                        </Icon>
                    </IconStyle>
                </Style>
                <Style id="646">
                    <IconStyle id="647">
                        <color>ff008000</color>
                        <colorMode>normal</colorMode>
                        <scale>0.7</scale>
                        <heading>0</heading>
                        <Icon id="648">
                            <href>http://maps.google.com/mapfiles/kml/pushpin/ylw-pushpin.png</href>
                        </Icon>
                    </IconStyle>
                </Style>
                <Style id="651">
                    <IconStyle id="652">
                        <color>ff008000</color>
                        <colorMode>normal</colorMode>
                        <scale>0.7</scale>
                        <heading>0</heading>
                        <Icon id="653">
                            <href>http://maps.google.com/mapfiles/kml/pushpin/ylw-pushpin.png</href>
                        </Icon>
                    </IconStyle>
                </Style>
                <Style id="656">
                    <IconStyle id="657">
                        <color>ff008000</color>
                        <colorMode>normal</colorMode>
                        <scale>0.7</scale>
                        <heading>0</heading>
                        <Icon id="658">
                            <href>http://maps.google.com/mapfiles/kml/pushpin/ylw-pushpin.png</href>
                        </Icon>
                    </IconStyle>
                </Style>
                <Style id="661">
                    <IconStyle id="662">
                        <color>ff008000</color>
                        <colorMode>normal</colorMode>
                        <scale>0.7</scale>
                        <heading>0</heading>
                        <Icon id="663">
                            <href>http://maps.google.com/mapfiles/kml/pushpin/ylw-pushpin.png</href>
                        </Icon>
                    </IconStyle>
                </Style>
                <Style id="666">
                    <IconStyle id="667">
                        <color>ff008000</color>
                        <colorMode>normal</colorMode>
                        <scale>0.7</scale>
                        <heading>0</heading>
                        <Icon id="668">
                            <href>http://maps.google.com/mapfiles/kml/pushpin/ylw-pushpin.png</href>
                        </Icon>
                    </IconStyle>
                </Style>
                <Style id="671">
                    <IconStyle id="672">
                        <color>ff008000</color>
                        <colorMode>normal</colorMode>
                        <scale>0.7</scale>
                        <heading>0</heading>
                        <Icon id="673">
                            <href>http://maps.google.com/mapfiles/kml/pushpin/ylw-pushpin.png</href>
                        </Icon>
                    </IconStyle>
                </Style>
                <Style id="676">
                    <IconStyle id="677">
                        <color>ff008000</color>
                        <colorMode>normal</colorMode>
                        <scale>0.7</scale>
                        <heading>0</heading>
                        <Icon id="678">
                            <href>http://maps.google.com/mapfiles/kml/pushpin/ylw-pushpin.png</href>
                        </Icon>
                    </IconStyle>
                </Style>
                <Style id="681">
                    <IconStyle id="682">
                        <color>ff008000</color>
                        <colorMode>normal</colorMode>
                        <scale>0.7</scale>
                        <heading>0</heading>
                        <Icon id="683">
                            <href>http://maps.google.com/mapfiles/kml/pushpin/ylw-pushpin.png</href>
                        </Icon>
                    </IconStyle>
                </Style>
                <Style id="686">
                    <IconStyle id="687">
                        <color>ff008000</color>
                        <colorMode>normal</colorMode>
                        <scale>0.7</scale>
                        <heading>0</heading>
                        <Icon id="688">
                            <href>http://maps.google.com/mapfiles/kml/pushpin/ylw-pushpin.png</href>
                        </Icon>
                    </IconStyle>
                </Style>
                <Style id="691">
                    <IconStyle id="692">
                        <color>ff008000</color>
                        <colorMode>normal</colorMode>
                        <scale>0.7</scale>
                        <heading>0</heading>
                        <Icon id="693">
                            <href>http://maps.google.com/mapfiles/kml/pushpin/ylw-pushpin.png</href>
                        </Icon>
                    </IconStyle>
                </Style>
                <Style id="696">
                    <IconStyle id="697">
                        <color>ff008000</color>
                        <colorMode>normal</colorMode>
                        <scale>0.7</scale>
                        <heading>0</heading>
                        <Icon id="698">
                            <href>http://maps.google.com/mapfiles/kml/pushpin/ylw-pushpin.png</href>
                        </Icon>
                    </IconStyle>
                </Style>
                <Style id="701">
                    <IconStyle id="702">
                        <color>ff008000</color>
                        <colorMode>normal</colorMode>
                        <scale>0.7</scale>
                        <heading>0</heading>
                        <Icon id="703">
                            <href>http://maps.google.com/mapfiles/kml/pushpin/ylw-pushpin.png</href>
                        </Icon>
                    </IconStyle>
                </Style>
                <Style id="706">
                    <IconStyle id="707">
                        <color>ff008000</color>
                        <colorMode>normal</colorMode>
                        <scale>0.7</scale>
                        <heading>0</heading>
                        <Icon id="708">
                            <href>http://maps.google.com/mapfiles/kml/pushpin/ylw-pushpin.png</href>
                        </Icon>
                    </IconStyle>
                </Style>
                <Style id="711">
                    <IconStyle id="712">
                        <color>ff008000</color>
                        <colorMode>normal</colorMode>
                        <scale>0.7</scale>
                        <heading>0</heading>
                        <Icon id="713">
                            <href>http://maps.google.com/mapfiles/kml/pushpin/ylw-pushpin.png</href>
                        </Icon>
                    </IconStyle>
                </Style>
                <Style id="716">
                    <IconStyle id="717">
                        <color>ff008000</color>
                        <colorMode>normal</colorMode>
                        <scale>0.7</scale>
                        <heading>0</heading>
                        <Icon id="718">
                            <href>http://maps.google.com/mapfiles/kml/pushpin/ylw-pushpin.png</href>
                        </Icon>
                    </IconStyle>
                </Style>
                <Style id="721">
                    <IconStyle id="722">
                        <color>ff008000</color>
                        <colorMode>normal</colorMode>
                        <scale>0.7</scale>
                        <heading>0</heading>
                        <Icon id="723">
                            <href>http://maps.google.com/mapfiles/kml/pushpin/ylw-pushpin.png</href>
                        </Icon>
                    </IconStyle>
                </Style>
                <Style id="726">
                    <IconStyle id="727">
                        <color>ff008000</color>
                        <colorMode>normal</colorMode>
                        <scale>0.7</scale>
                        <heading>0</heading>
                        <Icon id="728">
                            <href>http://maps.google.com/mapfiles/kml/pushpin/ylw-pushpin.png</href>
                        </Icon>
                    </IconStyle>
                </Style>
                <Style id="731">
                    <IconStyle id="732">
                        <color>ff008000</color>
                        <colorMode>normal</colorMode>
                        <scale>0.7</scale>
                        <heading>0</heading>
                        <Icon id="733">
                            <href>http://maps.google.com/mapfiles/kml/pushpin/ylw-pushpin.png</href>
                        </Icon>
                    </IconStyle>
                </Style>
                <Style id="736">
                    <IconStyle id="737">
                        <color>ff008000</color>
                        <colorMode>normal</colorMode>
                        <scale>0.7</scale>
                        <heading>0</heading>
                        <Icon id="738">
                            <href>http://maps.google.com/mapfiles/kml/pushpin/ylw-pushpin.png</href>
                        </Icon>
                    </IconStyle>
                </Style>
                <Style id="741">
                    <IconStyle id="742">
                        <color>ff008000</color>
                        <colorMode>normal</colorMode>
                        <scale>0.7</scale>
                        <heading>0</heading>
                        <Icon id="743">
                            <href>http://maps.google.com/mapfiles/kml/pushpin/ylw-pushpin.png</href>
                        </Icon>
                    </IconStyle>
                </Style>
                <Style id="746">
                    <IconStyle id="747">
                        <color>ff008000</color>
                        <colorMode>normal</colorMode>
                        <scale>0.7</scale>
                        <heading>0</heading>
                        <Icon id="748">
                            <href>http://maps.google.com/mapfiles/kml/pushpin/ylw-pushpin.png</href>
                        </Icon>
                    </IconStyle>
                </Style>
                <Style id="751">
                    <IconStyle id="752">
                        <color>ff008000</color>
                        <colorMode>normal</colorMode>
                        <scale>0.7</scale>
                        <heading>0</heading>
                        <Icon id="753">
                            <href>http://maps.google.com/mapfiles/kml/pushpin/ylw-pushpin.png</href>
                        </Icon>
                    </IconStyle>
                </Style>
                <Style id="756">
                    <IconStyle id="757">
                        <color>ff008000</color>
                        <colorMode>normal</colorMode>
                        <scale>0.7</scale>
                        <heading>0</heading>
                        <Icon id="758">
                            <href>http://maps.google.com/mapfiles/kml/pushpin/ylw-pushpin.png</href>
                        </Icon>
                    </IconStyle>
                </Style>
                <Style id="761">
                    <IconStyle id="762">
                        <color>ff008000</color>
                        <colorMode>normal</colorMode>
                        <scale>0.7</scale>
                        <heading>0</heading>
                        <Icon id="763">
                            <href>http://maps.google.com/mapfiles/kml/pushpin/ylw-pushpin.png</href>
                        </Icon>
                    </IconStyle>
                </Style>
                <Style id="766">
                    <IconStyle id="767">
                        <color>ff008000</color>
                        <colorMode>normal</colorMode>
                        <scale>0.7</scale>
                        <heading>0</heading>
                        <Icon id="768">
                            <href>http://maps.google.com/mapfiles/kml/pushpin/ylw-pushpin.png</href>
                        </Icon>
                    </IconStyle>
                </Style>
                <Style id="771">
                    <IconStyle id="772">
                        <color>ff008000</color>
                        <colorMode>normal</colorMode>
                        <scale>0.7</scale>
                        <heading>0</heading>
                        <Icon id="773">
                            <href>http://maps.google.com/mapfiles/kml/pushpin/ylw-pushpin.png</href>
                        </Icon>
                    </IconStyle>
                </Style>
                <Style id="776">
                    <IconStyle id="777">
                        <color>ff008000</color>
                        <colorMode>normal</colorMode>
                        <scale>0.7</scale>
                        <heading>0</heading>
                        <Icon id="778">
                            <href>http://maps.google.com/mapfiles/kml/pushpin/ylw-pushpin.png</href>
                        </Icon>
                    </IconStyle>
                </Style>
                <Style id="781">
                    <IconStyle id="782">
                        <color>ff008000</color>
                        <colorMode>normal</colorMode>
                        <scale>0.7</scale>
                        <heading>0</heading>
                        <Icon id="783">
                            <href>http://maps.google.com/mapfiles/kml/pushpin/ylw-pushpin.png</href>
                        </Icon>
                    </IconStyle>
                </Style>
                <Style id="786">
                    <IconStyle id="787">
                        <color>ff008000</color>
                        <colorMode>normal</colorMode>
                        <scale>0.7</scale>
                        <heading>0</heading>
                        <Icon id="788">
                            <href>http://maps.google.com/mapfiles/kml/pushpin/ylw-pushpin.png</href>
                        </Icon>
                    </IconStyle>
                </Style>
                <Style id="791">
                    <IconStyle id="792">
                        <color>ff008000</color>
                        <colorMode>normal</colorMode>
                        <scale>0.7</scale>
                        <heading>0</heading>
                        <Icon id="793">
                            <href>http://maps.google.com/mapfiles/kml/pushpin/ylw-pushpin.png</href>
                        </Icon>
                    </IconStyle>
                </Style>
                <Style id="796">
                    <IconStyle id="797">
                        <color>ff008000</color>
                        <colorMode>normal</colorMode>
                        <scale>0.7</scale>
                        <heading>0</heading>
                        <Icon id="798">
                            <href>http://maps.google.com/mapfiles/kml/pushpin/ylw-pushpin.png</href>
                        </Icon>
                    </IconStyle>
                </Style>
                <Style id="801">
                    <IconStyle id="802">
                        <color>ff008000</color>
                        <colorMode>normal</colorMode>
                        <scale>0.7</scale>
                        <heading>0</heading>
                        <Icon id="803">
                            <href>http://maps.google.com/mapfiles/kml/pushpin/ylw-pushpin.png</href>
                        </Icon>
                    </IconStyle>
                </Style>
                <Style id="806">
                    <IconStyle id="807">
                        <color>ff008000</color>
                        <colorMode>normal</colorMode>
                        <scale>0.7</scale>
                        <heading>0</heading>
                        <Icon id="808">
                            <href>http://maps.google.com/mapfiles/kml/pushpin/ylw-pushpin.png</href>
                        </Icon>
                    </IconStyle>
                </Style>
                <Style id="811">
                    <IconStyle id="812">
                        <color>ff008000</color>
                        <colorMode>normal</colorMode>
                        <scale>0.7</scale>
                        <heading>0</heading>
                        <Icon id="813">
                            <href>http://maps.google.com/mapfiles/kml/pushpin/ylw-pushpin.png</href>
                        </Icon>
                    </IconStyle>
                </Style>
                <Style id="816">
                    <IconStyle id="817">
                        <color>ff008000</color>
                        <colorMode>normal</colorMode>
                        <scale>0.7</scale>
                        <heading>0</heading>
                        <Icon id="818">
                            <href>http://maps.google.com/mapfiles/kml/pushpin/ylw-pushpin.png</href>
                        </Icon>
                    </IconStyle>
                </Style>
                <Style id="821">
                    <IconStyle id="822">
                        <color>ff008000</color>
                        <colorMode>normal</colorMode>
                        <scale>0.7</scale>
                        <heading>0</heading>
                        <Icon id="823">
                            <href>http://maps.google.com/mapfiles/kml/pushpin/ylw-pushpin.png</href>
                        </Icon>
                    </IconStyle>
                </Style>
                <Style id="826">
                    <IconStyle id="827">
                        <color>ff008000</color>
                        <colorMode>normal</colorMode>
                        <scale>0.7</scale>
                        <heading>0</heading>
                        <Icon id="828">
                            <href>http://maps.google.com/mapfiles/kml/pushpin/ylw-pushpin.png</href>
                        </Icon>
                    </IconStyle>
                </Style>
                <Style id="831">
                    <IconStyle id="832">
                        <color>ff008000</color>
                        <colorMode>normal</colorMode>
                        <scale>0.7</scale>
                        <heading>0</heading>
                        <Icon id="833">
                            <href>http://maps.google.com/mapfiles/kml/pushpin/ylw-pushpin.png</href>
                        </Icon>
                    </IconStyle>
                </Style>
                <Style id="836">
                    <IconStyle id="837">
                        <color>ff008000</color>
                        <colorMode>normal</colorMode>
                        <scale>0.7</scale>
                        <heading>0</heading>
                        <Icon id="838">
                            <href>http://maps.google.com/mapfiles/kml/pushpin/ylw-pushpin.png</href>
                        </Icon>
                    </IconStyle>
                </Style>
                <Style id="841">
                    <IconStyle id="842">
                        <color>ff008000</color>
                        <colorMode>normal</colorMode>
                        <scale>0.7</scale>
                        <heading>0</heading>
                        <Icon id="843">
                            <href>http://maps.google.com/mapfiles/kml/pushpin/ylw-pushpin.png</href>
                        </Icon>
                    </IconStyle>
                </Style>
                <Style id="846">
                    <IconStyle id="847">
                        <color>ff008000</color>
                        <colorMode>normal</colorMode>
                        <scale>0.7</scale>
                        <heading>0</heading>
                        <Icon id="848">
                            <href>http://maps.google.com/mapfiles/kml/pushpin/ylw-pushpin.png</href>
                        </Icon>
                    </IconStyle>
                </Style>
                <Style id="851">
                    <IconStyle id="852">
                        <color>ff008000</color>
                        <colorMode>normal</colorMode>
                        <scale>0.7</scale>
                        <heading>0</heading>
                        <Icon id="853">
                            <href>http://maps.google.com/mapfiles/kml/pushpin/ylw-pushpin.png</href>
                        </Icon>
                    </IconStyle>
                </Style>
                <Style id="856">
                    <IconStyle id="857">
                        <color>ff008000</color>
                        <colorMode>normal</colorMode>
                        <scale>0.7</scale>
                        <heading>0</heading>
                        <Icon id="858">
                            <href>http://maps.google.com/mapfiles/kml/pushpin/ylw-pushpin.png</href>
                        </Icon>
                    </IconStyle>
                </Style>
                <Style id="861">
                    <IconStyle id="862">
                        <color>ff008000</color>
                        <colorMode>normal</colorMode>
                        <scale>0.7</scale>
                        <heading>0</heading>
                        <Icon id="863">
                            <href>http://maps.google.com/mapfiles/kml/pushpin/ylw-pushpin.png</href>
                        </Icon>
                    </IconStyle>
                </Style>
                <Style id="866">
                    <IconStyle id="867">
                        <color>ff008000</color>
                        <colorMode>normal</colorMode>
                        <scale>0.7</scale>
                        <heading>0</heading>
                        <Icon id="868">
                            <href>http://maps.google.com/mapfiles/kml/pushpin/ylw-pushpin.png</href>
                        </Icon>
                    </IconStyle>
                </Style>
                <Style id="871">
                    <IconStyle id="872">
                        <color>ff008000</color>
                        <colorMode>normal</colorMode>
                        <scale>0.7</scale>
                        <heading>0</heading>
                        <Icon id="873">
                            <href>http://maps.google.com/mapfiles/kml/pushpin/ylw-pushpin.png</href>
                        </Icon>
                    </IconStyle>
                </Style>
                <Style id="876">
                    <IconStyle id="877">
                        <color>ff008000</color>
                        <colorMode>normal</colorMode>
                        <scale>0.7</scale>
                        <heading>0</heading>
                        <Icon id="878">
                            <href>http://maps.google.com/mapfiles/kml/pushpin/ylw-pushpin.png</href>
                        </Icon>
                    </IconStyle>
                </Style>
                <name>Puntos originales - Segmento C</name>
                <Placemark id="525">
                    <name>C-71</name>
                    <description>Punto C-71 | Segmento C | Lat: -13.815000, Lon: -78.517833</description>
                    <styleUrl>#526</styleUrl>
                    <Point id="524">
                        <coordinates>-78.51783333333333,-13.815,0.0</coordinates>
                    </Point>
                </Placemark>
                <Placemark id="530">
                    <name>C-70</name>
                    <description>Punto C-70 | Segmento C | Lat: -13.889333, Lon: -78.522000</description>
                    <styleUrl>#531</styleUrl>
                    <Point id="529">
                        <coordinates>-78.522,-13.889333333333333,0.0</coordinates>
                    </Point>
                </Placemark>
                <Placemark id="535">
                    <name>C-69</name>
                    <description>Punto C-69 | Segmento C | Lat: -13.906667, Lon: -78.509833</description>
                    <styleUrl>#536</styleUrl>
                    <Point id="534">
                        <coordinates>-78.50983333333333,-13.906666666666666,0.0</coordinates>
                    </Point>
                </Placemark>
                <Placemark id="540">
                    <name>C-68</name>
                    <description>Punto C-68 | Segmento C | Lat: -13.953167, Lon: -78.475000</description>
                    <styleUrl>#541</styleUrl>
                    <Point id="539">
                        <coordinates>-78.475,-13.953166666666666,0.0</coordinates>
                    </Point>
                </Placemark>
                <Placemark id="545">
                    <name>C-67</name>
                    <description>Punto C-67 | Segmento C | Lat: -14.002000, Lon: -78.438167</description>
                    <styleUrl>#546</styleUrl>
                    <Point id="544">
                        <coordinates>-78.43816666666666,-14.002,0.0</coordinates>
                    </Point>
                </Placemark>
                <Placemark id="550">
                    <name>C-66</name>
                    <description>Punto C-66 | Segmento C | Lat: -14.499167, Lon: -78.061500</description>
                    <styleUrl>#551</styleUrl>
                    <Point id="549">
                        <coordinates>-78.0615,-14.499166666666667,0.0</coordinates>
                    </Point>
                </Placemark>
                <Placemark id="555">
                    <name>C-65</name>
                    <description>Punto C-65 | Segmento C | Lat: -14.781333, Lon: -77.847000</description>
                    <styleUrl>#556</styleUrl>
                    <Point id="554">
                        <coordinates>-77.847,-14.781333333333333,0.0</coordinates>
                    </Point>
                </Placemark>
                <Placemark id="560">
                    <name>C-64</name>
                    <description>Punto C-64 | Segmento C | Lat: -14.824667, Lon: -77.814333</description>
                    <styleUrl>#561</styleUrl>
                    <Point id="559">
                        <coordinates>-77.81433333333334,-14.824666666666667,0.0</coordinates>
                    </Point>
                </Placemark>
                <Placemark id="565">
                    <name>C-63</name>
                    <description>Punto C-63 | Segmento C | Lat: -14.854000, Lon: -77.791833</description>
                    <styleUrl>#566</styleUrl>
                    <Point id="564">
                        <coordinates>-77.79183333333333,-14.854,0.0</coordinates>
                    </Point>
                </Placemark>
                <Placemark id="570">
                    <name>C-62</name>
                    <description>Punto C-62 | Segmento C | Lat: -14.909167, Lon: -77.749500</description>
                    <styleUrl>#571</styleUrl>
                    <Point id="569">
                        <coordinates>-77.7495,-14.909166666666666,0.0</coordinates>
                    </Point>
                </Placemark>
                <Placemark id="575">
                    <name>C-61</name>
                    <description>Punto C-61 | Segmento C | Lat: -15.015000, Lon: -77.669167</description>
                    <styleUrl>#576</styleUrl>
                    <Point id="574">
                        <coordinates>-77.66916666666667,-15.015,0.0</coordinates>
                    </Point>
                </Placemark>
                <Placemark id="580">
                    <name>C-60</name>
                    <description>Punto C-60 | Segmento C | Lat: -15.108667, Lon: -77.597500</description>
                    <styleUrl>#581</styleUrl>
                    <Point id="579">
                        <coordinates>-77.5975,-15.108666666666666,0.0</coordinates>
                    </Point>
                </Placemark>
                <Placemark id="585">
                    <name>C-59</name>
                    <description>Punto C-59 | Segmento C | Lat: -15.226833, Lon: -77.507500</description>
                    <styleUrl>#586</styleUrl>
                    <Point id="584">
                        <coordinates>-77.5075,-15.226833333333333,0.0</coordinates>
                    </Point>
                </Placemark>
                <Placemark id="590">
                    <name>C-58</name>
                    <description>Punto C-58 | Segmento C | Lat: -15.355000, Lon: -77.409333</description>
                    <styleUrl>#591</styleUrl>
                    <Point id="589">
                        <coordinates>-77.40933333333334,-15.355,0.0</coordinates>
                    </Point>
                </Placemark>
                <Placemark id="595">
                    <name>C-57</name>
                    <description>Punto C-57 | Segmento C | Lat: -15.374000, Lon: -77.394833</description>
                    <styleUrl>#596</styleUrl>
                    <Point id="594">
                        <coordinates>-77.39483333333334,-15.374,0.0</coordinates>
                    </Point>
                </Placemark>
                <Placemark id="600">
                    <name>C-56</name>
                    <description>Punto C-56 | Segmento C | Lat: -15.673667, Lon: -77.165167</description>
                    <styleUrl>#601</styleUrl>
                    <Point id="599">
                        <coordinates>-77.16516666666666,-15.673666666666668,0.0</coordinates>
                    </Point>
                </Placemark>
                <Placemark id="605">
                    <name>C-55</name>
                    <description>Punto C-55 | Segmento C | Lat: -15.846167, Lon: -77.032500</description>
                    <styleUrl>#606</styleUrl>
                    <Point id="604">
                        <coordinates>-77.0325,-15.846166666666667,0.0</coordinates>
                    </Point>
                </Placemark>
                <Placemark id="610">
                    <name>C-54</name>
                    <description>Punto C-54 | Segmento C | Lat: -15.960833, Lon: -76.944167</description>
                    <styleUrl>#611</styleUrl>
                    <Point id="609">
                        <coordinates>-76.94416666666666,-15.960833333333333,0.0</coordinates>
                    </Point>
                </Placemark>
                <Placemark id="615">
                    <name>C-53</name>
                    <description>Punto C-53 | Segmento C | Lat: -16.034833, Lon: -76.873667</description>
                    <styleUrl>#616</styleUrl>
                    <Point id="614">
                        <coordinates>-76.87366666666667,-16.034833333333335,0.0</coordinates>
                    </Point>
                </Placemark>
                <Placemark id="620">
                    <name>C-52</name>
                    <description>Punto C-52 | Segmento C | Lat: -16.049167, Lon: -76.860000</description>
                    <styleUrl>#621</styleUrl>
                    <Point id="619">
                        <coordinates>-76.86,-16.049166666666668,0.0</coordinates>
                    </Point>
                </Placemark>
                <Placemark id="625">
                    <name>C-51</name>
                    <description>Punto C-51 | Segmento C | Lat: -16.392167, Lon: -76.532500</description>
                    <styleUrl>#626</styleUrl>
                    <Point id="624">
                        <coordinates>-76.5325,-16.392166666666668,0.0</coordinates>
                    </Point>
                </Placemark>
                <Placemark id="630">
                    <name>C-50</name>
                    <description>Punto C-50 | Segmento C | Lat: -16.454167, Lon: -76.473167</description>
                    <styleUrl>#631</styleUrl>
                    <Point id="629">
                        <coordinates>-76.47316666666667,-16.454166666666666,0.0</coordinates>
                    </Point>
                </Placemark>
                <Placemark id="635">
                    <name>C-49</name>
                    <description>Punto C-49 | Segmento C | Lat: -16.904833, Lon: -76.040000</description>
                    <styleUrl>#636</styleUrl>
                    <Point id="634">
                        <coordinates>-76.04,-16.904833333333332,0.0</coordinates>
                    </Point>
                </Placemark>
                <Placemark id="640">
                    <name>C-48</name>
                    <description>Punto C-48 | Segmento C | Lat: -16.939333, Lon: -76.006333</description>
                    <styleUrl>#641</styleUrl>
                    <Point id="639">
                        <coordinates>-76.00633333333333,-16.939333333333334,0.0</coordinates>
                    </Point>
                </Placemark>
                <Placemark id="645">
                    <name>C-47</name>
                    <description>Punto C-47 | Segmento C | Lat: -17.206000, Lon: -75.749000</description>
                    <styleUrl>#646</styleUrl>
                    <Point id="644">
                        <coordinates>-75.749,-17.206,0.0</coordinates>
                    </Point>
                </Placemark>
                <Placemark id="650">
                    <name>C-46</name>
                    <description>Punto C-46 | Segmento C | Lat: -17.394167, Lon: -75.566500</description>
                    <styleUrl>#651</styleUrl>
                    <Point id="649">
                        <coordinates>-75.5665,-17.394166666666667,0.0</coordinates>
                    </Point>
                </Placemark>
                <Placemark id="655">
                    <name>C-45</name>
                    <description>Punto C-45 | Segmento C | Lat: -17.486000, Lon: -75.477833</description>
                    <styleUrl>#656</styleUrl>
                    <Point id="654">
                        <coordinates>-75.47783333333334,-17.486,0.0</coordinates>
                    </Point>
                </Placemark>
                <Placemark id="660">
                    <name>C-44</name>
                    <description>Punto C-44 | Segmento C | Lat: -17.579667, Lon: -75.323000</description>
                    <styleUrl>#661</styleUrl>
                    <Point id="659">
                        <coordinates>-75.323,-17.579666666666668,0.0</coordinates>
                    </Point>
                </Placemark>
                <Placemark id="665">
                    <name>C-43</name>
                    <description>Punto C-43 | Segmento C | Lat: -17.694833, Lon: -75.132667</description>
                    <styleUrl>#666</styleUrl>
                    <Point id="664">
                        <coordinates>-75.13266666666667,-17.69483333333333,0.0</coordinates>
                    </Point>
                </Placemark>
                <Placemark id="670">
                    <name>C-42</name>
                    <description>Punto C-42 | Segmento C | Lat: -17.740000, Lon: -75.058000</description>
                    <styleUrl>#671</styleUrl>
                    <Point id="669">
                        <coordinates>-75.058,-17.74,0.0</coordinates>
                    </Point>
                </Placemark>
                <Placemark id="675">
                    <name>C-41</name>
                    <description>Punto C-41 | Segmento C | Lat: -17.816333, Lon: -74.931500</description>
                    <styleUrl>#676</styleUrl>
                    <Point id="674">
                        <coordinates>-74.9315,-17.816333333333333,0.0</coordinates>
                    </Point>
                </Placemark>
                <Placemark id="680">
                    <name>C-40</name>
                    <description>Punto C-40 | Segmento C | Lat: -17.931500, Lon: -74.740500</description>
                    <styleUrl>#681</styleUrl>
                    <Point id="679">
                        <coordinates>-74.7405,-17.9315,0.0</coordinates>
                    </Point>
                </Placemark>
                <Placemark id="685">
                    <name>C-39</name>
                    <description>Punto C-39 | Segmento C | Lat: -18.019833, Lon: -74.593167</description>
                    <styleUrl>#686</styleUrl>
                    <Point id="684">
                        <coordinates>-74.59316666666666,-18.019833333333334,0.0</coordinates>
                    </Point>
                </Placemark>
                <Placemark id="690">
                    <name>C-38</name>
                    <description>Punto C-38 | Segmento C | Lat: -18.103167, Lon: -74.454000</description>
                    <styleUrl>#691</styleUrl>
                    <Point id="689">
                        <coordinates>-74.454,-18.103166666666667,0.0</coordinates>
                    </Point>
                </Placemark>
                <Placemark id="695">
                    <name>C-37</name>
                    <description>Punto C-37 | Segmento C | Lat: -18.339500, Lon: -74.057667</description>
                    <styleUrl>#696</styleUrl>
                    <Point id="694">
                        <coordinates>-74.05766666666666,-18.3395,0.0</coordinates>
                    </Point>
                </Placemark>
                <Placemark id="700">
                    <name>C-36</name>
                    <description>Punto C-36 | Segmento C | Lat: -18.366500, Lon: -74.011667</description>
                    <styleUrl>#701</styleUrl>
                    <Point id="699">
                        <coordinates>-74.01166666666667,-18.3665,0.0</coordinates>
                    </Point>
                </Placemark>
                <Placemark id="705">
                    <name>C-35</name>
                    <description>Punto C-35 | Segmento C | Lat: -18.383833, Lon: -73.983333</description>
                    <styleUrl>#706</styleUrl>
                    <Point id="704">
                        <coordinates>-73.98333333333333,-18.38383333333333,0.0</coordinates>
                    </Point>
                </Placemark>
                <Placemark id="710">
                    <name>C-34</name>
                    <description>Punto C-34 | Segmento C | Lat: -18.510667, Lon: -73.769167</description>
                    <styleUrl>#711</styleUrl>
                    <Point id="709">
                        <coordinates>-73.76916666666666,-18.510666666666665,0.0</coordinates>
                    </Point>
                </Placemark>
                <Placemark id="715">
                    <name>C-33</name>
                    <description>Punto C-33 | Segmento C | Lat: -18.632833, Lon: -73.497333</description>
                    <styleUrl>#716</styleUrl>
                    <Point id="714">
                        <coordinates>-73.49733333333333,-18.632833333333334,0.0</coordinates>
                    </Point>
                </Placemark>
                <Placemark id="720">
                    <name>C-32</name>
                    <description>Punto C-32 | Segmento C | Lat: -18.666333, Lon: -73.422333</description>
                    <styleUrl>#721</styleUrl>
                    <Point id="719">
                        <coordinates>-73.42233333333333,-18.666333333333334,0.0</coordinates>
                    </Point>
                </Placemark>
                <Placemark id="725">
                    <name>C-31</name>
                    <description>Punto C-31 | Segmento C | Lat: -18.807500, Lon: -73.105833</description>
                    <styleUrl>#726</styleUrl>
                    <Point id="724">
                        <coordinates>-73.10583333333334,-18.8075,0.0</coordinates>
                    </Point>
                </Placemark>
                <Placemark id="730">
                    <name>C-30</name>
                    <description>Punto C-30 | Segmento C | Lat: -18.917500, Lon: -72.857667</description>
                    <styleUrl>#731</styleUrl>
                    <Point id="729">
                        <coordinates>-72.85766666666666,-18.9175,0.0</coordinates>
                    </Point>
                </Placemark>
                <Placemark id="735">
                    <name>C-29</name>
                    <description>Punto C-29 | Segmento C | Lat: -18.919167, Lon: -72.854167</description>
                    <styleUrl>#736</styleUrl>
                    <Point id="734">
                        <coordinates>-72.85416666666667,-18.919166666666666,0.0</coordinates>
                    </Point>
                </Placemark>
                <Placemark id="740">
                    <name>C-28</name>
                    <description>Punto C-28 | Segmento C | Lat: -18.937500, Lon: -72.743333</description>
                    <styleUrl>#741</styleUrl>
                    <Point id="739">
                        <coordinates>-72.74333333333334,-18.9375,0.0</coordinates>
                    </Point>
                </Placemark>
                <Placemark id="745">
                    <name>C-27</name>
                    <description>Punto C-27 | Segmento C | Lat: -18.945500, Lon: -72.711833</description>
                    <styleUrl>#746</styleUrl>
                    <Point id="744">
                        <coordinates>-72.71183333333333,-18.9455,0.0</coordinates>
                    </Point>
                </Placemark>
                <Placemark id="750">
                    <name>C-26</name>
                    <description>Punto C-26 | Segmento C | Lat: -18.955167, Lon: -72.653833</description>
                    <styleUrl>#751</styleUrl>
                    <Point id="749">
                        <coordinates>-72.65383333333334,-18.955166666666667,0.0</coordinates>
                    </Point>
                </Placemark>
                <Placemark id="755">
                    <name>C-25</name>
                    <description>Punto C-25 | Segmento C | Lat: -18.985833, Lon: -72.467500</description>
                    <styleUrl>#756</styleUrl>
                    <Point id="754">
                        <coordinates>-72.4675,-18.985833333333332,0.0</coordinates>
                    </Point>
                </Placemark>
                <Placemark id="760">
                    <name>C-24</name>
                    <description>Punto C-24 | Segmento C | Lat: -19.000667, Lon: -72.069167</description>
                    <styleUrl>#761</styleUrl>
                    <Point id="759">
                        <coordinates>-72.06916666666666,-19.000666666666667,0.0</coordinates>
                    </Point>
                </Placemark>
                <Placemark id="765">
                    <name>C-23</name>
                    <description>Punto C-23 | Segmento C | Lat: -19.000000, Lon: -72.067333</description>
                    <styleUrl>#766</styleUrl>
                    <Point id="764">
                        <coordinates>-72.06733333333334,-19.0,0.0</coordinates>
                    </Point>
                </Placemark>
                <Placemark id="770">
                    <name>C-22</name>
                    <description>Punto C-22 | Segmento C | Lat: -18.861500, Lon: -71.646667</description>
                    <styleUrl>#771</styleUrl>
                    <Point id="769">
                        <coordinates>-71.64666666666666,-18.8615,0.0</coordinates>
                    </Point>
                </Placemark>
                <Placemark id="775">
                    <name>C-21</name>
                    <description>Punto C-21 | Segmento C | Lat: -18.806667, Lon: -71.481500</description>
                    <styleUrl>#776</styleUrl>
                    <Point id="774">
                        <coordinates>-71.4815,-18.806666666666665,0.0</coordinates>
                    </Point>
                </Placemark>
                <Placemark id="780">
                    <name>C-20</name>
                    <description>Punto C-20 | Segmento C | Lat: -18.751000, Lon: -71.314333</description>
                    <styleUrl>#781</styleUrl>
                    <Point id="779">
                        <coordinates>-71.31433333333334,-18.751,0.0</coordinates>
                    </Point>
                </Placemark>
                <Placemark id="785">
                    <name>C-19</name>
                    <description>Punto C-19 | Segmento C | Lat: -18.719167, Lon: -71.219167</description>
                    <styleUrl>#786</styleUrl>
                    <Point id="784">
                        <coordinates>-71.21916666666667,-18.719166666666666,0.0</coordinates>
                    </Point>
                </Placemark>
                <Placemark id="790">
                    <name>C-18</name>
                    <description>Punto C-18 | Segmento C | Lat: -18.692167, Lon: -71.135833</description>
                    <styleUrl>#791</styleUrl>
                    <Point id="789">
                        <coordinates>-71.13583333333334,-18.692166666666665,0.0</coordinates>
                    </Point>
                </Placemark>
                <Placemark id="795">
                    <name>C-17</name>
                    <description>Punto C-17 | Segmento C | Lat: -18.669500, Lon: -71.066167</description>
                    <styleUrl>#796</styleUrl>
                    <Point id="794">
                        <coordinates>-71.06616666666666,-18.6695,0.0</coordinates>
                    </Point>
                </Placemark>
                <Placemark id="800">
                    <name>C-16</name>
                    <description>Punto C-16 | Segmento C | Lat: -18.608167, Lon: -70.877167</description>
                    <styleUrl>#801</styleUrl>
                    <Point id="799">
                        <coordinates>-70.87716666666667,-18.608166666666666,0.0</coordinates>
                    </Point>
                </Placemark>
                <Placemark id="805">
                    <name>C-15</name>
                    <description>Punto C-15 | Segmento C | Lat: -18.570500, Lon: -70.762000</description>
                    <styleUrl>#806</styleUrl>
                    <Point id="804">
                        <coordinates>-70.762,-18.5705,0.0</coordinates>
                    </Point>
                </Placemark>
                <Placemark id="810">
                    <name>C-14</name>
                    <description>Punto C-14 | Segmento C | Lat: -18.531333, Lon: -70.641833</description>
                    <styleUrl>#811</styleUrl>
                    <Point id="809">
                        <coordinates>-70.64183333333334,-18.531333333333333,0.0</coordinates>
                    </Point>
                </Placemark>
                <Placemark id="815">
                    <name>C-13</name>
                    <description>Punto C-13 | Segmento C | Lat: -18.525833, Lon: -70.625167</description>
                    <styleUrl>#816</styleUrl>
                    <Point id="814">
                        <coordinates>-70.62516666666667,-18.525833333333335,0.0</coordinates>
                    </Point>
                </Placemark>
                <Placemark id="820">
                    <name>C-12</name>
                    <description>Punto C-12 | Segmento C | Lat: -18.522667, Lon: -70.615500</description>
                    <styleUrl>#821</styleUrl>
                    <Point id="819">
                        <coordinates>-70.6155,-18.522666666666666,0.0</coordinates>
                    </Point>
                </Placemark>
                <Placemark id="825">
                    <name>C-11</name>
                    <description>Punto C-11 | Segmento C | Lat: -18.520667, Lon: -70.611500</description>
                    <styleUrl>#826</styleUrl>
                    <Point id="824">
                        <coordinates>-70.6115,-18.520666666666667,0.0</coordinates>
                    </Point>
                </Placemark>
                <Placemark id="830">
                    <name>C-10</name>
                    <description>Punto C-10 | Segmento C | Lat: -18.519500, Lon: -70.609667</description>
                    <styleUrl>#831</styleUrl>
                    <Point id="829">
                        <coordinates>-70.60966666666667,-18.5195,0.0</coordinates>
                    </Point>
                </Placemark>
                <Placemark id="835">
                    <name>C-09</name>
                    <description>Punto C-09 | Segmento C | Lat: -18.506833, Lon: -70.585833</description>
                    <styleUrl>#836</styleUrl>
                    <Point id="834">
                        <coordinates>-70.58583333333333,-18.506833333333333,0.0</coordinates>
                    </Point>
                </Placemark>
                <Placemark id="840">
                    <name>C-08</name>
                    <description>Punto C-08 | Segmento C | Lat: -18.502500, Lon: -70.553833</description>
                    <styleUrl>#841</styleUrl>
                    <Point id="839">
                        <coordinates>-70.55383333333333,-18.5025,0.0</coordinates>
                    </Point>
                </Placemark>
                <Placemark id="845">
                    <name>C-07</name>
                    <description>Punto C-07 | Segmento C | Lat: -18.469333, Lon: -70.469167</description>
                    <styleUrl>#846</styleUrl>
                    <Point id="844">
                        <coordinates>-70.46916666666667,-18.469333333333335,0.0</coordinates>
                    </Point>
                </Placemark>
                <Placemark id="850">
                    <name>C-06</name>
                    <description>Punto C-06 | Segmento C | Lat: -18.448417, Lon: -70.411433</description>
                    <styleUrl>#851</styleUrl>
                    <Point id="849">
                        <coordinates>-70.41143333333333,-18.448416666666667,0.0</coordinates>
                    </Point>
                </Placemark>
                <Placemark id="855">
                    <name>C-05</name>
                    <description>Punto C-05 | Segmento C | Lat: -18.445850, Lon: -70.393533</description>
                    <styleUrl>#856</styleUrl>
                    <Point id="854">
                        <coordinates>-70.39353333333334,-18.44585,0.0</coordinates>
                    </Point>
                </Placemark>
                <Placemark id="860">
                    <name>C-04</name>
                    <description>Punto C-04 | Segmento C | Lat: -18.441533, Lon: -70.379600</description>
                    <styleUrl>#861</styleUrl>
                    <Point id="859">
                        <coordinates>-70.3796,-18.441533333333332,0.0</coordinates>
                    </Point>
                </Placemark>
                <Placemark id="865">
                    <name>C-03</name>
                    <description>Punto C-03 | Segmento C | Lat: -18.437583, Lon: -70.357700</description>
                    <styleUrl>#866</styleUrl>
                    <Point id="864">
                        <coordinates>-70.3577,-18.437583333333333,0.0</coordinates>
                    </Point>
                </Placemark>
                <Placemark id="870">
                    <name>C-02</name>
                    <description>Punto C-02 | Segmento C | Lat: -18.429300, Lon: -70.334183</description>
                    <styleUrl>#871</styleUrl>
                    <Point id="869">
                        <coordinates>-70.33418333333333,-18.4293,0.0</coordinates>
                    </Point>
                </Placemark>
                <Placemark id="875">
                    <name>C-01</name>
                    <description>Punto C-01 | Segmento C | Lat: -18.424000, Lon: -70.317983</description>
                    <styleUrl>#876</styleUrl>
                    <Point id="874">
                        <coordinates>-70.31798333333333,-18.424,0.0</coordinates>
                    </Point>
                </Placemark>
            </Folder>
        </Folder>
    </Document>
</kml>
